,,,,,,,,,
,Дата,Заказчик,Город,Регион,Категория,Товар,Цена за штуку,Количество,Выручка
,1/1/2021,Sweetables,Гамбург,Север,Крупы,Гречка,"1,4",216,"302,4"
,1/1/2021,Sweetables,Гамбург,Север,Сухофрукты,Изюм,"0,99",127,"125,73"
,1/1/2021,Gold Food,Штутгарт,Юг,Масла,Подсолнечное масло,"1,19",270,"321,3"
,1/1/2021,NutriFix,Штутгарт,Юг,Напитки,Зеленый чай,"0,95",196,"186,2"
,1/1/2021,NutriFix,Штутгарт,Юг,Сухофрукты,Сушеные яблоки,"1,09",108,"117,72"
,1/1/2021,NutriFix,Штутгарт,Юг,Масла,Подсолнечное масло,"1,19",222,"264,18"
,1/2/2021,Organica,Гамбург,Север,Консервы,Говядина тушеная,"1,19",75,"89,25"
,1/2/2021,Go Bio,Франкфурт,Запад,Напитки,Кофе,"5,5",29,"159,5"
,1/2/2021,Cooking Corner,Штутгарт,Юг,Крупы,Рис,"0,96",604,"579,84"
,1/2/2021,Cooking Corner,Штутгарт,Юг,Крупы,Гречка,"1,4",234,"327,6"
,1/2/2021,Go Bio,Дрезден,Восток,Масла,Сливочное масло,"1,5",57,"85,5"
,1/3/2021,NutriFix,Гамбург,Север,Консервы,Шпроты,"1,15",76,"87,4"
,1/3/2021,Organica,Гамбург,Север,Масла,Сливочное масло,"1,5",311,"466,5"
,1/3/2021,Organica,Гамбург,Север,Консервы,Шпроты,"1,15",51,"58,65"
,1/3/2021,Sweetables,Мюнхен,Юг,Напитки,Зеленый чай,"0,95",139,"132,05"
,1/3/2021,Go Bio,Франкфурт,Запад,Консервы,Килька в томате,"0,89",31,"27,59"
,1/3/2021,Cooking Corner,Штутгарт,Юг,Масла,Подсолнечное масло,"1,19",594,"706,86"
,1/3/2021,Organica,Штутгарт,Юг,Сыры,Гауда,"1,59",220,"349,8"
,1/4/2021,Sweetables,Мюнхен,Юг,Сыры,Гауда,"1,59",523,"831,57"
,1/4/2021,Gold Food,Кёльн,Запад,Масла,Сливочное масло,"1,5",191,"286,5"
,1/4/2021,Go Bio,Франкфурт,Запад,Сыры,Моцарелла,"0,59",82,"48,38"
,1/4/2021,Cooking Corner,Гамбург,Север,Сухофрукты,Изюм,"0,99",224,"221,76"
,1/4/2021,mymeal,Гамбург,Север,Сыры,Гауда,"1,59",610,"969,9"
,1/4/2021,mymeal,Гамбург,Север,Консервы,Килька в томате,"0,89",131,"116,59"
,1/5/2021,Sweetables,Мюнхен,Юг,Напитки,Зеленый чай,"0,95",334,"317,3"
,1/5/2021,Go Bio,Кёльн,Запад,Консервы,Говядина тушеная,"1,19",46,"54,74"
,1/5/2021,Go Bio,Кёльн,Запад,Крупы,Гречка,"1,4",117,"163,8"
,1/5/2021,Organica,Дрезден,Восток,Сладости,Зефир,"0,65",15,"9,75"
,1/5/2021,Organica,Дрезден,Восток,Консервы,Шпроты,"1,15",24,"27,6"
,1/5/2021,Cooking Corner,Гамбург,Север,Сухофрукты,Курага,"1,19",228,"271,32"
,1/6/2021,Cooking Corner,Бремен,Север,Сухофрукты,Сушеные яблоки,"1,09",69,"75,21"
,1/6/2021,Organica,Дрезден,Восток,Консервы,Говядина тушеная,"1,19",12,"14,28"
,1/6/2021,foodbite,Берлин,Восток,Сыры,Гауда,"1,59",1525,"2424,75"
,1/6/2021,Cooking Corner,Гамбург,Север,Консервы,Говядина тушеная,"1,19",82,"97,58"
,1/6/2021,Gold Food,Гамбург,Север,Сухофрукты,Курага,"1,19",156,"185,64"
,1/7/2021,mymeal,Мюнхен,Юг,Сухофрукты,Курага,"1,19",101,"120,19"
,1/7/2021,Organica,Мюнхен,Юг,Крупы,Перловка,"1,2",201,"241,2"
,1/7/2021,Organica,Мюнхен,Юг,Сладости,Шоколад,"0,55",414,"227,7"
,1/7/2021,foodbite,Берлин,Восток,Сладости,Зефир,"0,65",246,"159,9"
,1/7/2021,Gold Food,Берлин,Восток,Сухофрукты,Сушеные яблоки,"1,09",177,"192,93"
,1/7/2021,Gold Food,Берлин,Восток,Масла,Оливковое масло,"1,7",154,"261,8"
,1/7/2021,Gold Food,Берлин,Восток,Сухофрукты,Изюм,"0,99",180,"178,2"
,1/7/2021,Sweetables,Гамбург,Север,Сладости,Мармелад,"0,6",182,"109,2"
,1/7/2021,Gold Food,Гамбург,Север,Напитки,Зеленый чай,"0,95",340,323
,1/7/2021,Gold Food,Гамбург,Север,Сухофрукты,Курага,"1,19",141,"167,79"
,1/8/2021,foodbite,Бремен,Север,Крупы,Рис,"0,96",273,"262,08"
,1/8/2021,foodbite,Бремен,Север,Напитки,Черный чай,"0,99",246,"243,54"
,1/8/2021,mymeal,Бремен,Север,Сыры,Филадельфия ,"0,89",64,"56,96"
,1/8/2021,Cooking Corner,Берлин,Восток,Сладости,Мармелад,"0,6",509,"305,4"
,1/8/2021,Cooking Corner,Берлин,Восток,Напитки,Кофе,"5,5",561,"3085,5"
,1/8/2021,Organica,Гамбург,Север,Масла,Подсолнечное масло,"1,19",398,"473,62"
,1/9/2021,foodbite,Бремен,Север,Сухофрукты,Изюм,"0,99",63,"62,37"
,1/9/2021,mymeal,Бремен,Север,Крупы,Рис,"0,96",207,"198,72"
,1/9/2021,Cooking Corner,Берлин,Восток,Крупы,Гречка,"1,4",762,"1066,8"
,1/9/2021,Organica,Гамбург,Север,Крупы,Рис,"0,96",374,"359,04"
,1/10/2021,foodbite,Дрезден,Восток,Масла,Сливочное масло,"1,5",177,"265,5"
,1/10/2021,foodbite,Дрезден,Восток,Напитки,Кофе,"5,5",41,"225,5"
,1/11/2021,Organica,Бремен,Север,Напитки,Кофе,"5,5",27,"148,5"
,1/11/2021,Go Bio,Бремен,Север,Сыры,Филадельфия ,"0,89",28,"24,92"
,1/11/2021,foodbite,Дрезден,Восток,Масла,Оливковое масло,"1,7",57,"96,9"
,1/11/2021,Go Bio,Гамбург,Север,Сухофрукты,Курага,"1,19",84,"99,96"
,1/11/2021,Cooking Corner,Мюнхен,Юг,Крупы,Перловка,"1,2",452,"542,4"
,1/11/2021,Cooking Corner,Мюнхен,Юг,Крупы,Гречка,"1,4",302,"422,8"
,1/12/2021,Organica,Бремен,Север,Напитки,Зеленый чай,"0,95",35,"33,25"
,1/12/2021,Go Bio,Гамбург,Север,Крупы,Гречка,"1,4",134,"187,6"
,1/12/2021,Sweetables,Мюнхен,Юг,Сыры,Гауда,"1,59",408,"648,72"
,1/12/2021,Sweetables,Мюнхен,Юг,Сухофрукты,Сушеные яблоки,"1,09",101,"110,09"
,1/13/2021,Organica,Бремен,Север,Напитки,Черный чай,"0,99",94,"93,06"
,1/13/2021,Sweetables,Мюнхен,Юг,Крупы,Гречка,"1,4",166,"232,4"
,1/15/2021,Organica,Франкфурт,Запад,Сухофрукты,Курага,"1,19",34,"40,46"
,1/16/2021,Organica,Франкфурт,Запад,Сухофрукты,Изюм,"0,99",29,"28,71"
,1/16/2021,Organica,Франкфурт,Запад,Сладости,Мармелад,"0,6",49,"29,4"
,1/17/2021,Gold Food,Кёльн,Запад,Масла,Подсолнечное масло,"1,19",188,"223,72"
,1/17/2021,Cooking Corner,Штутгарт,Юг,Масла,Оливковое масло,"1,7",126,"214,2"
,1/18/2021,Gold Food,Кёльн,Запад,Сыры,Филадельфия ,"0,89",71,"63,19"
,1/18/2021,Cooking Corner,Штутгарт,Юг,Крупы,Перловка,"1,2",518,"621,6"
,1/19/2021,Cooking Corner,Кёльн,Запад,Крупы,Рис,"0,96",644,"618,24"
,1/19/2021,foodbite,Кёльн,Запад,Сухофрукты,Курага,"1,19",168,"199,92"
,1/19/2021,Go Bio,Кёльн,Запад,Специи,Базилик,"0,7",35,"24,5"
,1/19/2021,Cooking Corner,Штутгарт,Юг,Консервы,Килька в томате,"0,89",272,"242,08"
,1/19/2021,NutriFix,Дрезден,Восток,Специи,Базилик,"0,7",21,"14,7"
,1/20/2021,Cooking Corner,Кёльн,Запад,Сладости,Шоколад,"0,55",582,"320,1"
,1/20/2021,foodbite,Кёльн,Запад,Масла,Подсолнечное масло,"1,19",372,"442,68"
,1/20/2021,mymeal,Штутгарт,Юг,Напитки,Кофе,"5,5",92,506
,1/20/2021,foodbite,Бремен,Север,Специи,Базилик,"0,7",53,"37,1"
,1/20/2021,foodbite,Дрезден,Восток,Крупы,Перловка,"1,2",165,198
,1/20/2021,foodbite,Дрезден,Восток,Сладости,Мармелад,"0,6",63,"37,8"
,1/20/2021,NutriFix,Дрезден,Восток,Сладости,Шоколад,"0,55",80,44
,1/20/2021,NutriFix,Дрезден,Восток,Крупы,Рис,"0,96",109,"104,64"
,1/21/2021,Cooking Corner,Бремен,Север,Консервы,Шпроты,"1,15",63,"72,45"
,1/21/2021,Cooking Corner,Бремен,Север,Сухофрукты,Изюм,"0,99",77,"76,23"
,1/21/2021,NutriFix,Бремен,Север,Специи,Кориандр,"0,65",10,"6,5"
,1/21/2021,Organica,Бремен,Север,Напитки,Кофе,"5,5",28,154
,1/21/2021,foodbite,Дрезден,Восток,Напитки,Кофе,"5,5",78,429
,1/21/2021,Organica,Берлин,Восток,Консервы,Говядина тушеная,"1,19",96,"114,24"
,1/21/2021,Organica,Берлин,Восток,Специи,Кориандр,"0,65",59,"38,35"
,1/21/2021,Sweetables,Мюнхен,Юг,Сыры,Моцарелла,"0,59",223,"131,57"
,1/22/2021,Sweetables,Бремен,Север,Масла,Подсолнечное масло,"1,19",146,"173,74"
,1/22/2021,Sweetables,Бремен,Север,Крупы,Рис,"0,96",210,"201,6"
,1/22/2021,Organica,Бремен,Север,Сладости,Зефир,"0,65",16,"10,4"
,1/22/2021,Cooking Corner,Дрезден,Восток,Масла,Оливковое масло,"1,7",41,"69,7"
,1/22/2021,Organica,Берлин,Восток,Сыры,Филадельфия ,"0,89",242,"215,38"
,1/22/2021,mymeal,Мюнхен,Юг,Крупы,Рис,"0,96",510,"489,6"
,1/23/2021,Organica,Штутгарт,Юг,Консервы,Говядина тушеная,"1,19",58,"69,02"
,1/23/2021,Cooking Corner,Дрезден,Восток,Сухофрукты,Сушеные яблоки,"1,09",36,"39,24"
,1/23/2021,Cooking Corner,Дрезден,Восток,Масла,Оливковое масло,"1,7",53,"90,1"
,1/23/2021,mymeal,Мюнхен,Юг,Сладости,Зефир,"0,65",74,"48,1"
,1/23/2021,Go Bio,Мюнхен,Юг,Сухофрукты,Изюм,"0,99",101,"99,99"
,1/23/2021,Go Bio,Мюнхен,Юг,Крупы,Гречка,"1,4",106,"148,4"
,1/24/2021,Organica,Штутгарт,Юг,Специи,Базилик,"0,7",60,42
,1/24/2021,Go Bio,Мюнхен,Юг,Специи,Базилик,"0,7",64,"44,8"
,1/25/2021,Cooking Corner,Гамбург,Север,Сухофрукты,Курага,"1,19",309,"367,71"
,1/25/2021,foodbite,Гамбург,Север,Консервы,Шпроты,"1,15",120,138
,1/25/2021,Go Bio,Дрезден,Восток,Сладости,Мармелад,"0,6",34,"20,4"
,1/25/2021,NutriFix,Гамбург,Север,Масла,Оливковое масло,"1,7",107,"181,9"
,1/25/2021,Organica,Гамбург,Север,Консервы,Шпроты,"1,15",96,"110,4"
,1/26/2021,Cooking Corner,Гамбург,Север,Сухофрукты,Изюм,"0,99",359,"355,41"
,1/26/2021,Cooking Corner,Гамбург,Север,Напитки,Черный чай,"0,99",1017,"1006,83"
,1/26/2021,foodbite,Гамбург,Север,Консервы,Говядина тушеная,"1,19",198,"235,62"
,1/26/2021,Cooking Corner,Гамбург,Север,Консервы,Шпроты,"1,15",178,"204,7"
,1/26/2021,NutriFix,Бремен,Север,Масла,Сливочное масло,"1,5",100,150
,1/26/2021,Organica,Берлин,Восток,Масла,Подсолнечное масло,"1,19",341,"405,79"
,1/26/2021,Sweetables,Гамбург,Север,Крупы,Перловка,"1,2",427,"512,4"
,1/26/2021,Sweetables,Гамбург,Север,Специи,Черный перец,"0,59",200,118
,1/26/2021,Gold Food,Гамбург,Север,Масла,Оливковое масло,"1,7",142,"241,4"
,1/26/2021,Gold Food,Гамбург,Север,Специи,Черный перец,"0,59",388,"228,92"
,1/26/2021,Organica,Гамбург,Север,Напитки,Зеленый чай,"0,95",360,342
,1/27/2021,Cooking Corner,Гамбург,Север,Сладости,Зефир,"0,65",207,"134,55"
,1/27/2021,Sweetables,Гамбург,Север,Сухофрукты,Сушеные яблоки,"1,09",106,"115,54"
,1/27/2021,Sweetables,Гамбург,Север,Сыры,Гауда,"1,59",424,"674,16"
,1/27/2021,Sweetables,Гамбург,Север,Напитки,Зеленый чай,"0,95",323,"306,85"
,1/27/2021,NutriFix,Бремен,Север,Сыры,Гауда,"1,59",170,"270,3"
,1/27/2021,Gold Food,Дрезден,Восток,Напитки,Черный чай,"0,99",83,"82,17"
,1/27/2021,Organica,Берлин,Восток,Консервы,Шпроты,"1,15",138,"158,7"
,1/27/2021,Cooking Corner,Гамбург,Север,Сухофрукты,Сушеные яблоки,"1,09",174,"189,66"
,1/27/2021,Sweetables,Гамбург,Север,Крупы,Гречка,"1,4",196,"274,4"
,1/28/2021,Gold Food,Гамбург,Север,Консервы,Килька в томате,"0,89",185,"164,65"
,1/28/2021,NutriFix,Берлин,Восток,Сухофрукты,Изюм,"0,99",255,"252,45"
,1/28/2021,Cooking Corner,Гамбург,Север,Крупы,Гречка,"1,4",472,"660,8"
,1/28/2021,NutriFix,Кёльн,Запад,Напитки,Зеленый чай,"0,95",94,"89,3"
,1/28/2021,mymeal,Франкфурт,Запад,Сыры,Моцарелла,"0,59",134,"79,06"
,1/28/2021,mymeal,Франкфурт,Запад,Специи,Базилик,"0,7",25,"17,5"
,1/28/2021,foodbite,Бремен,Север,Крупы,Перловка,"1,2",200,240
,1/28/2021,Cooking Corner,Гамбург,Север,Специи,Базилик,"0,7",184,"128,8"
,1/28/2021,Cooking Corner,Гамбург,Север,Специи,Кориандр,"0,65",76,"49,4"
,1/29/2021,Go Bio,Гамбург,Север,Специи,Кориандр,"0,65",34,"22,1"
,1/29/2021,Go Bio,Гамбург,Север,Крупы,Гречка,"1,4",148,"207,2"
,1/29/2021,Go Bio,Мюнхен,Юг,Специи,Базилик,"0,7",68,"47,6"
,1/29/2021,Go Bio,Мюнхен,Юг,Консервы,Шпроты,"1,15",74,"85,1"
,1/29/2021,Sweetables,Кёльн,Запад,Сыры,Филадельфия ,"0,89",71,"63,19"
,1/29/2021,Sweetables,Кёльн,Запад,Сухофрукты,Курага,"1,19",67,"79,73"
,1/29/2021,Organica,Франкфурт,Запад,Консервы,Шпроты,"1,15",15,"17,25"
,1/29/2021,NutriFix,Берлин,Восток,Крупы,Рис,"0,96",674,"647,04"
,1/29/2021,foodbite,Гамбург,Север,Сухофрукты,Изюм,"0,99",252,"249,48"
,1/29/2021,foodbite,Кёльн,Запад,Сыры,Гауда,"1,59",478,"760,02"
,1/29/2021,NutriFix,Кёльн,Запад,Консервы,Говядина тушеная,"1,19",57,"67,83"
,1/29/2021,foodbite,Бремен,Север,Консервы,Килька в томате,"0,89",69,"61,41"
,1/29/2021,foodbite,Бремен,Север,Специи,Кориандр,"0,65",28,"18,2"
,1/29/2021,Cooking Corner,Дрезден,Восток,Сухофрукты,Изюм,"0,99",70,"69,3"
,1/29/2021,Gold Food,Бремен,Север,Специи,Базилик,"0,7",29,"20,3"
,1/29/2021,NutriFix,Бремен,Север,Крупы,Гречка,"1,4",50,70
,1/29/2021,NutriFix,Бремен,Север,Консервы,Говядина тушеная,"1,19",25,"29,75"
,1/30/2021,foodbite,Мюнхен,Юг,Сыры,Моцарелла,"0,59",594,"350,46"
,1/30/2021,Sweetables,Мюнхен,Юг,Масла,Сливочное масло,"1,5",271,"406,5"
,1/30/2021,Sweetables,Кёльн,Запад,Консервы,Шпроты,"1,15",47,"54,05"
,1/30/2021,mymeal,Штутгарт,Юг,Крупы,Рис,"0,96",462,"443,52"
,1/30/2021,Cooking Corner,Берлин,Восток,Сладости,Шоколад,"0,55",1666,"916,3"
,1/30/2021,NutriFix,Гамбург,Север,Масла,Оливковое масло,"1,7",142,"241,4"
,1/30/2021,Organica,Гамбург,Север,Консервы,Говядина тушеная,"1,19",82,"97,58"
,1/30/2021,Go Bio,Штутгарт,Юг,Сладости,Зефир,"0,65",60,39
,1/30/2021,Cooking Corner,Бремен,Север,Сухофрукты,Изюм,"0,99",114,"112,86"
,1/30/2021,Cooking Corner,Бремен,Север,Сладости,Мармелад,"0,6",122,"73,2"
,1/30/2021,mymeal,Мюнхен,Юг,Масла,Сливочное масло,"1,5",375,"562,5"
,1/30/2021,mymeal,Мюнхен,Юг,Консервы,Говядина тушеная,"1,19",34,"40,46"
,1/30/2021,mymeal,Мюнхен,Юг,Сладости,Мармелад,"0,6",100,60
,1/30/2021,Sweetables,Франкфурт,Запад,Масла,Сливочное масло,"1,5",158,237
,1/30/2021,foodbite,Штутгарт,Юг,Консервы,Говядина тушеная,"1,19",54,"64,26"
,1/30/2021,foodbite,Штутгарт,Юг,Крупы,Перловка,"1,2",506,"607,2"
,1/30/2021,mymeal,Дрезден,Восток,Сухофрукты,Сушеные яблоки,"1,09",29,"31,61"
,1/31/2021,Sweetables,Мюнхен,Юг,Сладости,Мармелад,"0,6",193,"115,8"
,1/31/2021,NutriFix,Франкфурт,Запад,Напитки,Зеленый чай,"0,95",77,"73,15"
,1/31/2021,mymeal,Штутгарт,Юг,Сладости,Зефир,"0,65",64,"41,6"
,1/31/2021,Go Bio,Дрезден,Восток,Сладости,Мармелад,"0,6",35,21
,1/31/2021,Go Bio,Дрезден,Восток,Сыры,Гауда,"1,59",92,"146,28"
,1/31/2021,Cooking Corner,Берлин,Восток,Масла,Подсолнечное масло,"1,19",1028,"1223,32"
,1/31/2021,NutriFix,Гамбург,Север,Сухофрукты,Изюм,"0,99",116,"114,84"
,1/31/2021,Organica,Гамбург,Север,Консервы,Шпроты,"1,15",80,92
,1/31/2021,NutriFix,Штутгарт,Юг,Сладости,Зефир,"0,65",72,"46,8"
,1/31/2021,Go Bio,Штутгарт,Юг,Сыры,Моцарелла,"0,59",230,"135,7"
,1/31/2021,Gold Food,Кёльн,Запад,Сухофрукты,Сушеные яблоки,"1,09",67,"73,03"
,1/31/2021,Gold Food,Кёльн,Запад,Специи,Черный перец,"0,59",245,"144,55"
,1/31/2021,Sweetables,Франкфурт,Запад,Консервы,Шпроты,"1,15",46,"52,9"
,1/31/2021,Sweetables,Франкфурт,Запад,Консервы,Килька в томате,"0,89",36,"32,04"
,1/31/2021,Organica,Штутгарт,Юг,Масла,Оливковое масло,"1,7",64,"108,8"
,1/31/2021,mymeal,Дрезден,Восток,Сладости,Мармелад,"0,6",50,30
,2/1/2021,Sweetables,Мюнхен,Юг,Консервы,Шпроты,"1,15",133,"152,95"
,2/1/2021,Gold Food,Мюнхен,Юг,Специи,Черный перец,"0,59",378,"223,02"
,2/1/2021,NutriFix,Франкфурт,Запад,Сухофрукты,Изюм,"0,99",34,"33,66"
,2/1/2021,Sweetables,Штутгарт,Юг,Сыры,Моцарелла,"0,59",270,"159,3"
,2/1/2021,Cooking Corner,Берлин,Восток,Сухофрукты,Курага,"1,19",474,"564,06"
,2/1/2021,NutriFix,Гамбург,Север,Масла,Оливковое масло,"1,7",112,"190,4"
,2/1/2021,Go Bio,Штутгарт,Юг,Консервы,Шпроты,"1,15",68,"78,2"
,2/1/2021,Organica,Штутгарт,Юг,Масла,Сливочное масло,"1,5",214,321
,2/1/2021,Organica,Штутгарт,Юг,Сыры,Моцарелла,"0,59",128,"75,52"
,2/1/2021,mymeal,Бремен,Север,Сыры,Филадельфия ,"0,89",48,"42,72"
,2/1/2021,mymeal,Бремен,Север,Крупы,Гречка,"1,4",90,126
,2/1/2021,Sweetables,Бремен,Север,Сладости,Зефир,"0,65",33,"21,45"
,2/1/2021,Cooking Corner,Дрезден,Восток,Масла,Оливковое масло,"1,7",63,"107,1"
,2/2/2021,Gold Food,Мюнхен,Юг,Сыры,Моцарелла,"0,59",204,"120,36"
,2/2/2021,foodbite,Франкфурт,Запад,Масла,Подсолнечное масло,"1,19",176,"209,44"
,2/2/2021,Sweetables,Франкфурт,Запад,Напитки,Черный чай,"0,99",154,"152,46"
,2/2/2021,Sweetables,Франкфурт,Запад,Напитки,Черный чай,"0,99",130,"128,7"
,2/2/2021,Sweetables,Франкфурт,Запад,Сладости,Шоколад,"0,55",179,"98,45"
,2/2/2021,Gold Food,Франкфурт,Запад,Сыры,Гауда,"1,59",155,"246,45"
,2/2/2021,Organica,Штутгарт,Юг,Сладости,Шоколад,"0,55",198,"108,9"
,2/2/2021,Go Bio,Штутгарт,Юг,Масла,Оливковое масло,"1,7",78,"132,6"
,2/2/2021,Go Bio,Штутгарт,Юг,Сладости,Зефир,"0,65",38,"24,7"
,2/2/2021,Go Bio,Штутгарт,Юг,Консервы,Шпроты,"1,15",90,"103,5"
,2/2/2021,Sweetables,Дрезден,Восток,Напитки,Черный чай,"0,99",48,"47,52"
,2/2/2021,Gold Food,Дрезден,Восток,Сыры,Филадельфия ,"0,89",35,"31,15"
,2/2/2021,Gold Food,Кёльн,Запад,Сухофрукты,Курага,"1,19",68,"80,92"
,2/2/2021,Organica,Кёльн,Запад,Масла,Сливочное масло,"1,5",134,201
,2/2/2021,Sweetables,Штутгарт,Юг,Сыры,Моцарелла,"0,59",272,"160,48"
,2/2/2021,Sweetables,Штутгарт,Юг,Специи,Кориандр,"0,65",42,"27,3"
,2/2/2021,mymeal,Дрезден,Восток,Специи,Черный перец,"0,59",27,"15,93"
,2/2/2021,foodbite,Берлин,Восток,Консервы,Килька в томате,"0,89",317,"282,13"
,2/2/2021,mymeal,Берлин,Восток,Специи,Базилик,"0,7",188,"131,6"
,2/2/2021,mymeal,Штутгарт,Юг,Консервы,Шпроты,"1,15",52,"59,8"
,2/2/2021,Organica,Штутгарт,Юг,Сладости,Зефир,"0,65",54,"35,1"
,2/2/2021,foodbite,Гамбург,Север,Крупы,Перловка,"1,2",618,"741,6"
,2/2/2021,foodbite,Гамбург,Север,Масла,Оливковое масло,"1,7",196,"333,2"
,2/2/2021,Cooking Corner,Дрезден,Восток,Сладости,Мармелад,"0,6",78,"46,8"
,2/2/2021,Cooking Corner,Дрезден,Восток,Сладости,Зефир,"0,65",39,"25,35"
,2/3/2021,Go Bio,Кёльн,Запад,Сыры,Филадельфия ,"0,89",65,"57,85"
,2/3/2021,Organica,Штутгарт,Юг,Консервы,Шпроты,"1,15",36,"41,4"
,2/3/2021,NutriFix,Кёльн,Запад,Консервы,Шпроты,"1,15",84,"96,6"
,2/3/2021,Organica,Кёльн,Запад,Сыры,Филадельфия ,"0,89",100,89
,2/3/2021,foodbite,Штутгарт,Юг,Крупы,Рис,"0,96",728,"698,88"
,2/3/2021,Sweetables,Штутгарт,Юг,Крупы,Гречка,"1,4",172,"240,8"
,2/3/2021,mymeal,Дрезден,Восток,Сыры,Гауда,"1,59",150,"238,5"
,2/3/2021,foodbite,Берлин,Восток,Масла,Сливочное масло,"1,5",814,1221
,2/3/2021,mymeal,Берлин,Восток,Консервы,Говядина тушеная,"1,19",78,"92,82"
,2/3/2021,NutriFix,Франкфурт,Запад,Напитки,Кофе,"5,5",15,"82,5"
,2/3/2021,Organica,Франкфурт,Запад,Напитки,Черный чай,"0,99",63,"62,37"
,2/3/2021,NutriFix,Бремен,Север,Масла,Сливочное масло,"1,5",96,144
,2/3/2021,Organica,Штутгарт,Юг,Масла,Сливочное масло,"1,5",182,273
,2/3/2021,foodbite,Бремен,Север,Сухофрукты,Изюм,"0,99",72,"71,28"
,2/3/2021,Organica,Штутгарт,Юг,Напитки,Черный чай,"0,99",240,"237,6"
,2/3/2021,Gold Food,Гамбург,Север,Крупы,Гречка,"1,4",201,"281,4"
,2/3/2021,mymeal,Бремен,Север,Крупы,Гречка,"1,4",67,"93,8"
,2/4/2021,Go Bio,Кёльн,Запад,Крупы,Гречка,"1,4",115,161
,2/4/2021,NutriFix,Кёльн,Запад,Масла,Оливковое масло,"1,7",88,"149,6"
,2/4/2021,Organica,Кёльн,Запад,Сладости,Зефир,"0,65",34,"22,1"
,2/4/2021,foodbite,Штутгарт,Юг,Сухофрукты,Курага,"1,19",120,"142,8"
,2/4/2021,Gold Food,Берлин,Восток,Крупы,Рис,"0,96",592,"568,32"
,2/4/2021,NutriFix,Бремен,Север,Специи,Черный перец,"0,59",41,"24,19"
,2/4/2021,NutriFix,Мюнхен,Юг,Сладости,Шоколад,"0,55",445,"244,75"
,2/4/2021,Organica,Штутгарт,Юг,Сладости,Зефир,"0,65",42,"27,3"
,2/4/2021,foodbite,Бремен,Север,Сухофрукты,Курага,"1,19",46,"54,74"
,2/4/2021,Organica,Бремен,Север,Консервы,Шпроты,"1,15",23,"26,45"
,2/4/2021,Organica,Штутгарт,Юг,Сухофрукты,Изюм,"0,99",92,"91,08"
,2/4/2021,Cooking Corner,Гамбург,Север,Напитки,Зеленый чай,"0,95",635,"603,25"
,2/4/2021,Cooking Corner,Гамбург,Север,Сыры,Филадельфия ,"0,89",234,"208,26"
,2/4/2021,NutriFix,Бремен,Север,Консервы,Шпроты,"1,15",32,"36,8"
,2/4/2021,Cooking Corner,Дрезден,Восток,Сыры,Филадельфия ,"0,89",71,"63,19"
,2/4/2021,Cooking Corner,Бремен,Север,Масла,Сливочное масло,"1,5",187,"280,5"
,2/4/2021,Cooking Corner,Бремен,Север,Сухофрукты,Курага,"1,19",78,"92,82"
,2/4/2021,Cooking Corner,Бремен,Север,Сухофрукты,Изюм,"0,99",122,"120,78"
,2/4/2021,mymeal,Бремен,Север,Специи,Кориандр,"0,65",14,"9,1"
,2/4/2021,foodbite,Дрезден,Восток,Консервы,Шпроты,"1,15",41,"47,15"
,2/5/2021,mymeal,Дрезден,Восток,Сладости,Мармелад,"0,6",49,"29,4"
,2/5/2021,mymeal,Дрезден,Восток,Специи,Базилик,"0,7",21,"14,7"
,2/5/2021,Sweetables,Дрезден,Восток,Масла,Сливочное масло,"1,5",91,"136,5"
,2/5/2021,Sweetables,Дрезден,Восток,Консервы,Килька в томате,"0,89",41,"36,49"
,2/5/2021,NutriFix,Дрезден,Восток,Сладости,Мармелад,"0,6",34,"20,4"
,2/5/2021,Go Bio,Дрезден,Восток,Масла,Оливковое масло,"1,7",24,"40,8"
,2/5/2021,Go Bio,Дрезден,Восток,Крупы,Рис,"0,96",85,"81,6"
,2/5/2021,Gold Food,Берлин,Восток,Консервы,Говядина тушеная,"1,19",140,"166,6"
,2/5/2021,NutriFix,Мюнхен,Юг,Масла,Оливковое масло,"1,7",116,"197,2"
,2/5/2021,NutriFix,Мюнхен,Юг,Крупы,Гречка,"1,4",150,210
,2/5/2021,mymeal,Кёльн,Запад,Сухофрукты,Изюм,"0,99",121,"119,79"
,2/5/2021,Cooking Corner,Штутгарт,Юг,Сухофрукты,Сушеные яблоки,"1,09",168,"183,12"
,2/5/2021,Cooking Corner,Штутгарт,Юг,Напитки,Зеленый чай,"0,95",194,"184,3"
,2/5/2021,Organica,Штутгарт,Юг,Масла,Оливковое масло,"1,7",90,153
,2/5/2021,foodbite,Бремен,Север,Сухофрукты,Сушеные яблоки,"1,09",78,"85,02"
,2/5/2021,Organica,Бремен,Север,Специи,Базилик,"0,7",26,"18,2"
,2/5/2021,mymeal,Франкфурт,Запад,Напитки,Зеленый чай,"0,95",145,"137,75"
,2/5/2021,mymeal,Франкфурт,Запад,Специи,Черный перец,"0,59",41,"24,19"
,2/5/2021,NutriFix,Штутгарт,Юг,Консервы,Говядина тушеная,"1,19",40,"47,6"
,2/5/2021,NutriFix,Штутгарт,Юг,Специи,Кориандр,"0,65",18,"11,7"
,2/5/2021,NutriFix,Бремен,Север,Сыры,Филадельфия ,"0,89",49,"43,61"
,2/5/2021,Cooking Corner,Дрезден,Восток,Консервы,Килька в томате,"0,89",79,"70,31"
,2/5/2021,Cooking Corner,Дрезден,Восток,Масла,Оливковое масло,"1,7",36,"61,2"
,2/5/2021,foodbite,Дрезден,Восток,Сыры,Гауда,"1,59",151,"240,09"
,2/6/2021,Cooking Corner,Бремен,Север,Масла,Подсолнечное масло,"1,19",190,"226,1"
,2/6/2021,Cooking Corner,Бремен,Север,Сладости,Мармелад,"0,6",112,"67,2"
,2/6/2021,mymeal,Дрезден,Восток,Сухофрукты,Курага,"1,19",34,"40,46"
,2/6/2021,NutriFix,Дрезден,Восток,Масла,Оливковое масло,"1,7",21,"35,7"
,2/6/2021,foodbite,Кёльн,Запад,Сладости,Зефир,"0,65",113,"73,45"
,2/6/2021,mymeal,Кёльн,Запад,Специи,Базилик,"0,7",38,"26,6"
,2/6/2021,NutriFix,Кёльн,Запад,Сухофрукты,Сушеные яблоки,"1,09",60,"65,4"
,2/6/2021,Gold Food,Франкфурт,Запад,Сладости,Мармелад,"0,6",45,27
,2/6/2021,Go Bio,Франкфурт,Запад,Масла,Оливковое масло,"1,7",20,34
,2/6/2021,Go Bio,Франкфурт,Запад,Сухофрукты,Изюм,"0,99",29,"28,71"
,2/6/2021,Cooking Corner,Штутгарт,Юг,Напитки,Черный чай,"0,99",556,"550,44"
,2/6/2021,foodbite,Штутгарт,Юг,Напитки,Черный чай,"0,99",422,"417,78"
,2/6/2021,Organica,Бремен,Север,Крупы,Гречка,"1,4",55,77
,2/6/2021,mymeal,Франкфурт,Запад,Консервы,Шпроты,"1,15",49,"56,35"
,2/6/2021,Organica,Штутгарт,Юг,Консервы,Говядина тушеная,"1,19",26,"30,94"
,2/6/2021,NutriFix,Штутгарт,Юг,Сладости,Шоколад,"0,55",476,"261,8"
,2/6/2021,NutriFix,Гамбург,Север,Напитки,Кофе,"5,5",185,"1017,5"
,2/6/2021,NutriFix,Бремен,Север,Консервы,Говядина тушеная,"1,19",26,"30,94"
,2/6/2021,Go Bio,Штутгарт,Юг,Крупы,Гречка,"1,4",114,"159,6"
,2/7/2021,foodbite,Бремен,Север,Специи,Черный перец,"0,59",216,"127,44"
,2/7/2021,foodbite,Кёльн,Запад,Напитки,Зеленый чай,"0,95",191,"181,45"
,2/7/2021,mymeal,Кёльн,Запад,Специи,Кориандр,"0,65",22,"14,3"
,2/7/2021,Sweetables,Кёльн,Запад,Крупы,Рис,"0,96",263,"252,48"
,2/7/2021,NutriFix,Кёльн,Запад,Сладости,Шоколад,"0,55",387,"212,85"
,2/7/2021,Organica,Кёльн,Запад,Масла,Сливочное масло,"1,5",138,207
,2/7/2021,Organica,Кёльн,Запад,Крупы,Перловка,"1,2",173,"207,6"
,2/7/2021,Go Bio,Кёльн,Запад,Сухофрукты,Курага,"1,19",44,"52,36"
,2/7/2021,Go Bio,Кёльн,Запад,Сухофрукты,Курага,"1,19",57,"67,83"
,2/7/2021,Sweetables,Франкфурт,Запад,Сладости,Шоколад,"0,55",148,"81,4"
,2/7/2021,Sweetables,Франкфурт,Запад,Консервы,Килька в томате,"0,89",41,"36,49"
,2/7/2021,Sweetables,Франкфурт,Запад,Крупы,Рис,"0,96",109,"104,64"
,2/7/2021,Go Bio,Франкфурт,Запад,Консервы,Шпроты,"1,15",17,"19,55"
,2/7/2021,Organica,Штутгарт,Юг,Сладости,Шоколад,"0,55",366,"201,3"
,2/7/2021,foodbite,Гамбург,Север,Крупы,Гречка,"1,4",304,"425,6"
,2/7/2021,Cooking Corner,Бремен,Север,Сладости,Зефир,"0,65",43,"27,95"
,2/7/2021,Organica,Бремен,Север,Крупы,Гречка,"1,4",55,77
,2/7/2021,Sweetables,Дрезден,Восток,Сладости,Мармелад,"0,6",47,"28,2"
,2/7/2021,Sweetables,Дрезден,Восток,Сладости,Зефир,"0,65",25,"16,25"
,2/7/2021,Sweetables,Дрезден,Восток,Специи,Базилик,"0,7",25,"17,5"
,2/7/2021,Go Bio,Дрезден,Восток,Напитки,Черный чай,"0,99",81,"80,19"
,2/7/2021,Go Bio,Дрезден,Восток,Сухофрукты,Изюм,"0,99",30,"29,7"
,2/7/2021,Cooking Corner,Кёльн,Запад,Крупы,Рис,"0,96",672,"645,12"
,2/7/2021,NutriFix,Кёльн,Запад,Консервы,Говядина тушеная,"1,19",31,"36,89"
,2/7/2021,mymeal,Франкфурт,Запад,Напитки,Черный чай,"0,99",151,"149,49"
,2/7/2021,Sweetables,Франкфурт,Запад,Масла,Подсолнечное масло,"1,19",172,"204,68"
,2/7/2021,Sweetables,Штутгарт,Юг,Масла,Подсолнечное масло,"1,19",218,"259,42"
,2/7/2021,Organica,Штутгарт,Юг,Консервы,Говядина тушеная,"1,19",58,"69,02"
,2/7/2021,Organica,Штутгарт,Юг,Напитки,Зеленый чай,"0,95",74,"70,3"
,2/7/2021,Organica,Штутгарт,Юг,Сладости,Шоколад,"0,55",386,"212,3"
,2/8/2021,foodbite,Бремен,Север,Сухофрукты,Курага,"1,19",50,"59,5"
,2/8/2021,Cooking Corner,Гамбург,Север,Крупы,Гречка,"1,4",336,"470,4"
,2/8/2021,Sweetables,Кёльн,Запад,Консервы,Шпроты,"1,15",47,"54,05"
,2/8/2021,NutriFix,Кёльн,Запад,Крупы,Рис,"0,96",251,"240,96"
,2/8/2021,foodbite,Франкфурт,Запад,Сухофрукты,Изюм,"0,99",100,99
,2/8/2021,foodbite,Дрезден,Восток,Консервы,Килька в томате,"0,89",75,"66,75"
,2/8/2021,foodbite,Дрезден,Восток,Консервы,Килька в томате,"0,89",59,"52,51"
,2/8/2021,Organica,Берлин,Восток,Специи,Базилик,"0,7",95,"66,5"
,2/8/2021,foodbite,Кёльн,Запад,Консервы,Килька в томате,"0,89",149,"132,61"
,2/8/2021,Go Bio,Кёльн,Запад,Консервы,Шпроты,"1,15",67,"77,05"
,2/8/2021,Go Bio,Кёльн,Запад,Консервы,Килька в томате,"0,89",73,"64,97"
,2/8/2021,Gold Food,Штутгарт,Юг,Консервы,Шпроты,"1,15",64,"73,6"
,2/8/2021,Sweetables,Дрезден,Восток,Сладости,Мармелад,"0,6",40,24
,2/8/2021,Cooking Corner,Гамбург,Север,Специи,Кориандр,"0,65",59,"38,35"
,2/8/2021,foodbite,Гамбург,Север,Специи,Черный перец,"0,59",412,"243,08"
,2/8/2021,Cooking Corner,Бремен,Север,Масла,Подсолнечное масло,"1,19",185,"220,15"
,2/8/2021,Organica,Бремен,Север,Специи,Кориандр,"0,65",10,"6,5"
,2/8/2021,Organica,Бремен,Север,Масла,Сливочное масло,"1,5",91,"136,5"
,2/8/2021,Organica,Берлин,Восток,Сухофрукты,Сушеные яблоки,"1,09",169,"184,21"
,2/8/2021,foodbite,Штутгарт,Юг,Сыры,Филадельфия ,"0,89",236,"210,04"
,2/8/2021,Organica,Дрезден,Восток,Сыры,Моцарелла,"0,59",43,"25,37"
,2/8/2021,Cooking Corner,Кёльн,Запад,Масла,Сливочное масло,"1,5",334,501
,2/8/2021,Sweetables,Франкфурт,Запад,Сухофрукты,Сушеные яблоки,"1,09",35,"38,15"
,2/8/2021,mymeal,Франкфурт,Запад,Сухофрукты,Сушеные яблоки,"1,09",28,"30,52"
,2/8/2021,mymeal,Франкфурт,Запад,Сухофрукты,Сушеные яблоки,"1,09",36,"39,24"
,2/9/2021,Gold Food,Дрезден,Восток,Сладости,Шоколад,"0,55",125,"68,75"
,2/9/2021,Organica,Берлин,Восток,Напитки,Черный чай,"0,99",235,"232,65"
,2/9/2021,Go Bio,Кёльн,Запад,Сыры,Моцарелла,"0,59",101,"59,59"
,2/9/2021,Sweetables,Дрезден,Восток,Консервы,Килька в томате,"0,89",30,"26,7"
,2/9/2021,foodbite,Штутгарт,Юг,Сладости,Мармелад,"0,6",154,"92,4"
,2/9/2021,Organica,Бремен,Север,Консервы,Говядина тушеная,"1,19",14,"16,66"
,2/9/2021,mymeal,Дрезден,Восток,Масла,Оливковое масло,"1,7",20,34
,2/9/2021,Cooking Corner,Берлин,Восток,Сухофрукты,Изюм,"0,99",567,"561,33"
,2/9/2021,Cooking Corner,Берлин,Восток,Специи,Базилик,"0,7",162,"113,4"
,2/9/2021,Cooking Corner,Мюнхен,Юг,Сыры,Филадельфия ,"0,89",190,"169,1"
,2/9/2021,Gold Food,Бремен,Север,Консервы,Шпроты,"1,15",45,"51,75"
,2/9/2021,Organica,Дрезден,Восток,Сыры,Филадельфия ,"0,89",32,"28,48"
,2/9/2021,Gold Food,Гамбург,Север,Сухофрукты,Изюм,"0,99",184,"182,16"
,2/9/2021,Gold Food,Гамбург,Север,Масла,Подсолнечное масло,"1,19",413,"491,47"
,2/9/2021,Organica,Кёльн,Запад,Специи,Кориандр,"0,65",23,"14,95"
,2/9/2021,Cooking Corner,Франкфурт,Запад,Крупы,Рис,"0,96",319,"306,24"
,2/9/2021,foodbite,Франкфурт,Запад,Напитки,Зеленый чай,"0,95",172,"163,4"
,2/9/2021,NutriFix,Гамбург,Север,Напитки,Черный чай,"0,99",138,"136,62"
,2/9/2021,NutriFix,Гамбург,Север,Консервы,Килька в томате,"0,89",174,"154,86"
,2/9/2021,foodbite,Франкфурт,Запад,Специи,Черный перец,"0,59",141,"83,19"
,2/9/2021,foodbite,Франкфурт,Запад,Масла,Сливочное масло,"1,5",256,384
,2/10/2021,foodbite,Берлин,Восток,Сухофрукты,Курага,"1,19",348,"414,12"
,2/10/2021,mymeal,Гамбург,Север,Напитки,Зеленый чай,"0,95",536,"509,2"
,2/10/2021,mymeal,Гамбург,Север,Напитки,Зеленый чай,"0,95",327,"310,65"
,2/10/2021,Cooking Corner,Бремен,Север,Масла,Оливковое масло,"1,7",64,"108,8"
,2/10/2021,mymeal,Гамбург,Север,Сладости,Шоколад,"0,55",416,"228,8"
,2/10/2021,mymeal,Дрезден,Восток,Консервы,Шпроты,"1,15",34,"39,1"
,2/10/2021,Cooking Corner,Берлин,Восток,Напитки,Зеленый чай,"0,95",1079,"1025,05"
,2/10/2021,Cooking Corner,Мюнхен,Юг,Напитки,Зеленый чай,"0,95",678,"644,1"
,2/10/2021,Sweetables,Берлин,Восток,Специи,Черный перец,"0,59",494,"291,46"
,2/10/2021,Gold Food,Франкфурт,Запад,Крупы,Перловка,"1,2",65,78
,2/10/2021,mymeal,Штутгарт,Юг,Специи,Кориандр,"0,65",22,"14,3"
,2/10/2021,mymeal,Штутгарт,Юг,Сухофрукты,Курага,"1,19",114,"135,66"
,2/10/2021,Gold Food,Бремен,Север,Консервы,Шпроты,"1,15",30,"34,5"
,2/10/2021,Cooking Corner,Дрезден,Восток,Консервы,Шпроты,"1,15",42,"48,3"
,2/10/2021,foodbite,Дрезден,Восток,Консервы,Говядина тушеная,"1,19",22,"26,18"
,2/10/2021,foodbite,Дрезден,Восток,Крупы,Гречка,"1,4",95,133
,2/10/2021,Sweetables,Берлин,Восток,Крупы,Рис,"0,96",664,"637,44"
,2/10/2021,Sweetables,Берлин,Восток,Специи,Кориандр,"0,65",48,"31,2"
,2/10/2021,Gold Food,Гамбург,Север,Сладости,Зефир,"0,65",72,"46,8"
,2/10/2021,foodbite,Мюнхен,Юг,Напитки,Кофе,"5,5",243,"1336,5"
,2/10/2021,NutriFix,Мюнхен,Юг,Сухофрукты,Изюм,"0,99",141,"139,59"
,2/10/2021,NutriFix,Мюнхен,Юг,Специи,Кориандр,"0,65",42,"27,3"
,2/10/2021,Organica,Кёльн,Запад,Масла,Сливочное масло,"1,5",185,"277,5"
,2/10/2021,Cooking Corner,Франкфурт,Запад,Сладости,Мармелад,"0,6",89,"53,4"
,2/10/2021,foodbite,Франкфурт,Запад,Масла,Подсолнечное масло,"1,19",179,"213,01"
,2/10/2021,Go Bio,Франкфурт,Запад,Масла,Сливочное масло,"1,5",123,"184,5"
,2/10/2021,Go Bio,Франкфурт,Запад,Сыры,Моцарелла,"0,59",62,"36,58"
,2/10/2021,NutriFix,Гамбург,Север,Масла,Оливковое масло,"1,7",95,"161,5"
,2/10/2021,mymeal,Штутгарт,Юг,Масла,Сливочное масло,"1,5",256,384
,2/10/2021,Go Bio,Берлин,Восток,Консервы,Килька в томате,"0,89",200,178
,2/10/2021,foodbite,Мюнхен,Юг,Консервы,Килька в томате,"0,89",272,"242,08"
,2/10/2021,foodbite,Франкфурт,Запад,Специи,Кориандр,"0,65",20,13
,2/11/2021,foodbite,Берлин,Восток,Консервы,Шпроты,"1,15",177,"203,55"
,2/11/2021,mymeal,Гамбург,Север,Масла,Сливочное масло,"1,5",373,"559,5"
,2/11/2021,Go Bio,Мюнхен,Юг,Сладости,Шоколад,"0,55",469,"257,95"
,2/11/2021,Cooking Corner,Бремен,Север,Масла,Подсолнечное масло,"1,19",203,"241,57"
,2/11/2021,Cooking Corner,Дрезден,Восток,Крупы,Рис,"0,96",243,"233,28"
,2/11/2021,Gold Food,Дрезден,Восток,Консервы,Килька в томате,"0,89",41,"36,49"
,2/11/2021,Organica,Берлин,Восток,Крупы,Рис,"0,96",497,"477,12"
,2/11/2021,Go Bio,Бремен,Север,Консервы,Килька в томате,"0,89",44,"39,16"
,2/11/2021,foodbite,Мюнхен,Юг,Сухофрукты,Курага,"1,19",120,"142,8"
,2/11/2021,Sweetables,Берлин,Восток,Сладости,Шоколад,"0,55",660,363
,2/11/2021,foodbite,Франкфурт,Запад,Напитки,Кофе,"5,5",97,"533,5"
,2/11/2021,Gold Food,Франкфурт,Запад,Сухофрукты,Сушеные яблоки,"1,09",27,"29,43"
,2/11/2021,Gold Food,Франкфурт,Запад,Консервы,Килька в томате,"0,89",41,"36,49"
,2/11/2021,mymeal,Штутгарт,Юг,Напитки,Зеленый чай,"0,95",254,"241,3"
,2/11/2021,NutriFix,Франкфурт,Запад,Консервы,Шпроты,"1,15",41,"47,15"
,2/11/2021,NutriFix,Франкфурт,Запад,Напитки,Кофе,"5,5",23,"126,5"
,2/11/2021,Go Bio,Франкфурт,Запад,Сухофрукты,Курага,"1,19",37,"44,03"
,2/11/2021,Gold Food,Бремен,Север,Консервы,Килька в томате,"0,89",43,"38,27"
,2/11/2021,Cooking Corner,Дрезден,Восток,Масла,Подсолнечное масло,"1,19",164,"195,16"
,2/11/2021,Cooking Corner,Дрезден,Восток,Напитки,Зеленый чай,"0,95",53,"50,35"
,2/11/2021,foodbite,Берлин,Восток,Напитки,Зеленый чай,"0,95",830,"788,5"
,2/11/2021,foodbite,Берлин,Восток,Напитки,Кофе,"5,5",600,3300
,2/11/2021,foodbite,Мюнхен,Юг,Масла,Подсолнечное масло,"1,19",720,"856,8"
,2/11/2021,Organica,Кёльн,Запад,Сыры,Филадельфия ,"0,89",100,89
,2/11/2021,Organica,Франкфурт,Запад,Консервы,Килька в томате,"0,89",29,"25,81"
,2/11/2021,Go Bio,Франкфурт,Запад,Сухофрукты,Изюм,"0,99",38,"37,62"
,2/11/2021,Cooking Corner,Штутгарт,Юг,Сухофрукты,Курага,"1,19",158,"188,02"
,2/11/2021,foodbite,Бремен,Север,Сухофрукты,Курага,"1,19",71,"84,49"
,2/11/2021,foodbite,Берлин,Восток,Напитки,Черный чай,"0,99",649,"642,51"
,2/11/2021,mymeal,Штутгарт,Юг,Сыры,Филадельфия ,"0,89",146,"129,94"
,2/11/2021,mymeal,Берлин,Восток,Сухофрукты,Курага,"1,19",267,"317,73"
,2/11/2021,Sweetables,Мюнхен,Юг,Крупы,Гречка,"1,4",170,238
,2/11/2021,Go Bio,Франкфурт,Запад,Сухофрукты,Курага,"1,19",30,"35,7"
,2/11/2021,mymeal,Берлин,Восток,Специи,Кориандр,"0,65",48,"31,2"
,2/12/2021,Cooking Corner,Гамбург,Север,Масла,Сливочное масло,"1,5",775,"1162,5"
,2/12/2021,Cooking Corner,Гамбург,Север,Сухофрукты,Сушеные яблоки,"1,09",288,"313,92"
,2/12/2021,Gold Food,Мюнхен,Юг,Консервы,Шпроты,"1,15",105,"120,75"
,2/12/2021,Gold Food,Мюнхен,Юг,Сладости,Зефир,"0,65",44,"28,6"
,2/12/2021,Cooking Corner,Бремен,Север,Специи,Кориандр,"0,65",31,"20,15"
,2/12/2021,NutriFix,Дрезден,Восток,Сыры,Филадельфия ,"0,89",32,"28,48"
,2/12/2021,Go Bio,Дрезден,Восток,Сыры,Гауда,"1,59",86,"136,74"
,2/12/2021,Gold Food,Гамбург,Север,Специи,Базилик,"0,7",75,"52,5"
,2/12/2021,Organica,Гамбург,Север,Напитки,Зеленый чай,"0,95",141,"133,95"
,2/12/2021,Gold Food,Франкфурт,Запад,Специи,Кориандр,"0,65",12,"7,8"
,2/12/2021,Gold Food,Франкфурт,Запад,Сыры,Филадельфия ,"0,89",37,"32,93"
,2/12/2021,Cooking Corner,Штутгарт,Юг,Специи,Черный перец,"0,59",258,"152,22"
,2/12/2021,Cooking Corner,Дрезден,Восток,Масла,Подсолнечное масло,"1,19",113,"134,47"
,2/12/2021,foodbite,Мюнхен,Юг,Напитки,Черный чай,"0,99",262,"259,38"
,2/12/2021,mymeal,Мюнхен,Юг,Специи,Черный перец,"0,59",144,"84,96"
,2/12/2021,mymeal,Мюнхен,Юг,Крупы,Перловка,"1,2",341,"409,2"
,2/12/2021,foodbite,Франкфурт,Запад,Специи,Кориандр,"0,65",26,"16,9"
,2/12/2021,foodbite,Франкфурт,Запад,Напитки,Зеленый чай,"0,95",111,"105,45"
,2/12/2021,Sweetables,Франкфурт,Запад,Напитки,Кофе,"5,5",41,"225,5"
,2/12/2021,NutriFix,Штутгарт,Юг,Сладости,Зефир,"0,65",56,"36,4"
,2/12/2021,foodbite,Дрезден,Восток,Сладости,Мармелад,"0,6",55,33
,2/12/2021,Organica,Дрезден,Восток,Консервы,Говядина тушеная,"1,19",8,"9,52"
,2/12/2021,foodbite,Берлин,Восток,Масла,Оливковое масло,"1,7",466,"792,2"
,2/12/2021,NutriFix,Франкфурт,Запад,Сухофрукты,Курага,"1,19",40,"47,6"
,2/12/2021,Go Bio,Франкфурт,Запад,Консервы,Говядина тушеная,"1,19",13,"15,47"
,2/12/2021,foodbite,Штутгарт,Юг,Сухофрукты,Изюм,"0,99",142,"140,58"
,2/12/2021,NutriFix,Штутгарт,Юг,Сухофрукты,Изюм,"0,99",92,"91,08"
,2/12/2021,Go Bio,Штутгарт,Юг,Напитки,Черный чай,"0,99",72,"71,28"
,2/12/2021,Organica,Берлин,Восток,Консервы,Килька в томате,"0,89",156,"138,84"
,2/12/2021,Organica,Гамбург,Север,Сухофрукты,Изюм,"0,99",141,"139,59"
,2/12/2021,Organica,Франкфурт,Запад,Сухофрукты,Изюм,"0,99",41,"40,59"
,2/12/2021,foodbite,Бремен,Север,Напитки,Зеленый чай,"0,95",76,"72,2"
,2/12/2021,foodbite,Бремен,Север,Масла,Подсолнечное масло,"1,19",263,"312,97"
,2/12/2021,Gold Food,Гамбург,Север,Напитки,Черный чай,"0,99",110,"108,9"
,2/12/2021,foodbite,Франкфурт,Запад,Сухофрукты,Изюм,"0,99",93,"92,07"
,2/12/2021,mymeal,Штутгарт,Юг,Сухофрукты,Курага,"1,19",74,"88,06"
,2/12/2021,Cooking Corner,Бремен,Север,Крупы,Рис,"0,96",268,"257,28"
,2/12/2021,NutriFix,Гамбург,Север,Консервы,Килька в томате,"0,89",171,"152,19"
,2/12/2021,Organica,Мюнхен,Юг,Сыры,Гауда,"1,59",370,"588,3"
,2/12/2021,Organica,Мюнхен,Юг,Специи,Кориандр,"0,65",35,"22,75"
,2/12/2021,Go Bio,Франкфурт,Запад,Сухофрукты,Сушеные яблоки,"1,09",26,"28,34"
,2/12/2021,mymeal,Берлин,Восток,Сухофрукты,Сушеные яблоки,"1,09",157,"171,13"
,2/13/2021,Go Bio,Гамбург,Север,Масла,Оливковое масло,"1,7",91,"154,7"
,2/13/2021,Go Bio,Гамбург,Север,Крупы,Рис,"0,96",487,"467,52"
,2/13/2021,mymeal,Мюнхен,Юг,Специи,Кориандр,"0,65",37,"24,05"
,2/13/2021,mymeal,Мюнхен,Юг,Сыры,Филадельфия ,"0,89",107,"95,23"
,2/13/2021,Gold Food,Мюнхен,Юг,Масла,Подсолнечное масло,"1,19",408,"485,52"
,2/13/2021,Go Bio,Дрезден,Восток,Сладости,Зефир,"0,65",11,"7,15"
,2/13/2021,foodbite,Берлин,Восток,Масла,Сливочное масло,"1,5",1199,"1798,5"
,2/13/2021,Sweetables,Берлин,Восток,Консервы,Говядина тушеная,"1,19",138,"164,22"
,2/13/2021,Gold Food,Гамбург,Север,Консервы,Говядина тушеная,"1,19",101,"120,19"
,2/13/2021,NutriFix,Гамбург,Север,Сладости,Шоколад,"0,55",562,"309,1"
,2/13/2021,NutriFix,Гамбург,Север,Напитки,Кофе,"5,5",127,"698,5"
,2/13/2021,NutriFix,Гамбург,Север,Сыры,Филадельфия ,"0,89",198,"176,22"
,2/13/2021,Cooking Corner,Франкфурт,Запад,Напитки,Черный чай,"0,99",268,"265,32"
,2/13/2021,Cooking Corner,Франкфурт,Запад,Крупы,Рис,"0,96",325,312
,2/13/2021,Organica,Дрезден,Восток,Консервы,Говядина тушеная,"1,19",12,"14,28"
,2/13/2021,Organica,Дрезден,Восток,Напитки,Черный чай,"0,99",74,"73,26"
,2/13/2021,Sweetables,Кёльн,Запад,Масла,Сливочное масло,"1,5",190,285
,2/13/2021,Sweetables,Кёльн,Запад,Масла,Сливочное масло,"1,5",304,456
,2/13/2021,Gold Food,Кёльн,Запад,Крупы,Рис,"0,96",254,"243,84"
,2/13/2021,Gold Food,Кёльн,Запад,Напитки,Зеленый чай,"0,95",229,"217,55"
,2/13/2021,Sweetables,Франкфурт,Запад,Сыры,Гауда,"1,59",170,"270,3"
,2/13/2021,NutriFix,Штутгарт,Юг,Напитки,Кофе,"5,5",60,330
,2/13/2021,NutriFix,Штутгарт,Юг,Сладости,Шоколад,"0,55",480,264
,2/13/2021,Gold Food,Гамбург,Север,Напитки,Зеленый чай,"0,95",299,"284,05"
,2/13/2021,foodbite,Дрезден,Восток,Масла,Оливковое масло,"1,7",48,"81,6"
,2/13/2021,foodbite,Кёльн,Запад,Специи,Кориандр,"0,65",48,"31,2"
,2/13/2021,Sweetables,Франкфурт,Запад,Крупы,Перловка,"1,2",115,138
,2/13/2021,Gold Food,Франкфурт,Запад,Специи,Базилик,"0,7",18,"12,6"
,2/13/2021,Gold Food,Франкфурт,Запад,Крупы,Гречка,"1,4",56,"78,4"
,2/13/2021,Go Bio,Франкфурт,Запад,Сухофрукты,Курага,"1,19",20,"23,8"
,2/13/2021,Gold Food,Берлин,Восток,Специи,Черный перец,"0,59",744,"438,96"
,2/13/2021,foodbite,Штутгарт,Юг,Консервы,Килька в томате,"0,89",154,"137,06"
,2/13/2021,foodbite,Штутгарт,Юг,Сухофрукты,Сушеные яблоки,"1,09",150,"163,5"
,2/13/2021,mymeal,Штутгарт,Юг,Консервы,Килька в томате,"0,89",102,"90,78"
,2/13/2021,mymeal,Штутгарт,Юг,Крупы,Гречка,"1,4",186,"260,4"
,2/13/2021,Sweetables,Штутгарт,Юг,Сладости,Зефир,"0,65",64,"41,6"
,2/13/2021,Sweetables,Штутгарт,Юг,Крупы,Перловка,"1,2",216,"259,2"
,2/13/2021,Sweetables,Штутгарт,Юг,Напитки,Кофе,"5,5",166,913
,2/13/2021,Gold Food,Штутгарт,Юг,Специи,Базилик,"0,7",64,"44,8"
,2/13/2021,NutriFix,Берлин,Восток,Специи,Черный перец,"0,59",180,"106,2"
,2/13/2021,NutriFix,Берлин,Восток,Масла,Сливочное масло,"1,5",772,1158
,2/13/2021,NutriFix,Берлин,Восток,Крупы,Рис,"0,96",608,"583,68"
,2/13/2021,Gold Food,Гамбург,Север,Сладости,Зефир,"0,65",101,"65,65"
,2/13/2021,Gold Food,Гамбург,Север,Напитки,Кофе,"5,5",158,869
,2/13/2021,mymeal,Мюнхен,Юг,Сладости,Зефир,"0,65",86,"55,9"
,2/13/2021,foodbite,Франкфурт,Запад,Консервы,Килька в томате,"0,89",99,"88,11"
,2/13/2021,foodbite,Франкфурт,Запад,Специи,Базилик,"0,7",31,"21,7"
,2/13/2021,Cooking Corner,Бремен,Север,Масла,Подсолнечное масло,"1,19",243,"289,17"
,2/13/2021,Cooking Corner,Бремен,Север,Напитки,Кофе,"5,5",85,"467,5"
,2/13/2021,Sweetables,Бремен,Север,Сыры,Моцарелла,"0,59",80,"47,2"
,2/13/2021,Sweetables,Бремен,Север,Напитки,Кофе,"5,5",64,352
,2/13/2021,Sweetables,Бремен,Север,Сыры,Филадельфия ,"0,89",56,"49,84"
,2/13/2021,Cooking Corner,Гамбург,Север,Консервы,Килька в томате,"0,89",399,"355,11"
,2/13/2021,NutriFix,Гамбург,Север,Сладости,Шоколад,"0,55",338,"185,9"
,2/13/2021,Go Bio,Кёльн,Запад,Крупы,Гречка,"1,4",111,"155,4"
,2/13/2021,Go Bio,Кёльн,Запад,Консервы,Килька в томате,"0,89",87,"77,43"
,2/13/2021,Go Bio,Кёльн,Запад,Сыры,Гауда,"1,59",240,"381,6"
,2/13/2021,Gold Food,Берлин,Восток,Крупы,Перловка,"1,2",477,"572,4"
,2/13/2021,Go Bio,Берлин,Восток,Сыры,Гауда,"1,59",767,"1219,53"
,2/13/2021,Go Bio,Берлин,Восток,Специи,Базилик,"0,7",84,"58,8"
,2/14/2021,Go Bio,Гамбург,Север,Специи,Кориандр,"0,65",22,"14,3"
,2/14/2021,Cooking Corner,Мюнхен,Юг,Специи,Кориандр,"0,65",59,"38,35"
,2/14/2021,foodbite,Берлин,Восток,Специи,Кориандр,"0,65",122,"79,3"
,2/14/2021,foodbite,Франкфурт,Запад,Специи,Базилик,"0,7",34,"23,8"
,2/14/2021,foodbite,Франкфурт,Запад,Сладости,Мармелад,"0,6",102,"61,2"
,2/14/2021,foodbite,Франкфурт,Запад,Сухофрукты,Изюм,"0,99",88,"87,12"
,2/14/2021,Sweetables,Мюнхен,Юг,Сладости,Мармелад,"0,6",132,"79,2"
,2/14/2021,Organica,Мюнхен,Юг,Крупы,Перловка,"1,2",235,282
,2/14/2021,mymeal,Гамбург,Север,Сыры,Моцарелла,"0,59",468,"276,12"
,2/14/2021,Sweetables,Гамбург,Север,Крупы,Рис,"0,96",501,"480,96"
,2/14/2021,Sweetables,Гамбург,Север,Масла,Подсолнечное масло,"1,19",431,"512,89"
,2/14/2021,Gold Food,Гамбург,Север,Масла,Подсолнечное масло,"1,19",323,"384,37"
,2/14/2021,Gold Food,Гамбург,Север,Крупы,Гречка,"1,4",230,322
,2/14/2021,foodbite,Франкфурт,Запад,Сухофрукты,Изюм,"0,99",64,"63,36"
,2/14/2021,mymeal,Франкфурт,Запад,Сухофрукты,Курага,"1,19",46,"54,74"
,2/14/2021,mymeal,Франкфурт,Запад,Консервы,Килька в томате,"0,89",66,"58,74"
,2/14/2021,Sweetables,Франкфурт,Запад,Крупы,Рис,"0,96",193,"185,28"
,2/14/2021,Sweetables,Франкфурт,Запад,Напитки,Кофе,"5,5",23,"126,5"
,2/14/2021,foodbite,Штутгарт,Юг,Напитки,Черный чай,"0,99",382,"378,18"
,2/14/2021,mymeal,Штутгарт,Юг,Специи,Базилик,"0,7",82,"57,4"
,2/14/2021,Gold Food,Штутгарт,Юг,Консервы,Шпроты,"1,15",92,"105,8"
,2/14/2021,mymeal,Мюнхен,Юг,Сыры,Моцарелла,"0,59",261,"153,99"
,2/14/2021,Sweetables,Кёльн,Запад,Напитки,Зеленый чай,"0,95",101,"95,95"
,2/14/2021,Go Bio,Берлин,Восток,Консервы,Шпроты,"1,15",119,"136,85"
,2/14/2021,Cooking Corner,Гамбург,Север,Специи,Черный перец,"0,59",662,"390,58"
,2/14/2021,Sweetables,Гамбург,Север,Сыры,Гауда,"1,59",576,"915,84"
,2/15/2021,Organica,Гамбург,Север,Напитки,Зеленый чай,"0,95",144,"136,8"
,2/15/2021,Gold Food,Бремен,Север,Сухофрукты,Сушеные яблоки,"1,09",30,"32,7"
,2/15/2021,Cooking Corner,Берлин,Восток,Напитки,Черный чай,"0,99",1251,"1238,49"
,2/15/2021,Sweetables,Мюнхен,Юг,Специи,Базилик,"0,7",60,42
,2/15/2021,mymeal,Дрезден,Восток,Сладости,Зефир,"0,65",15,"9,75"
,2/15/2021,Organica,Мюнхен,Юг,Крупы,Гречка,"1,4",168,"235,2"
,2/15/2021,mymeal,Дрезден,Восток,Сухофрукты,Курага,"1,19",20,"23,8"
,2/15/2021,Gold Food,Дрезден,Восток,Сухофрукты,Сушеные яблоки,"1,09",22,"23,98"
,2/15/2021,mymeal,Гамбург,Север,Консервы,Говядина тушеная,"1,19",47,"55,93"
,2/15/2021,Sweetables,Гамбург,Север,Специи,Кориандр,"0,65",59,"38,35"
,2/15/2021,Organica,Кёльн,Запад,Консервы,Шпроты,"1,15",59,"67,85"
,2/15/2021,Organica,Кёльн,Запад,Специи,Черный перец,"0,59",164,"96,76"
,2/15/2021,Go Bio,Бремен,Север,Сухофрукты,Изюм,"0,99",32,"31,68"
,2/15/2021,foodbite,Франкфурт,Запад,Крупы,Перловка,"1,2",136,"163,2"
,2/15/2021,mymeal,Франкфурт,Запад,Масла,Сливочное масло,"1,5",155,"232,5"
,2/15/2021,Sweetables,Мюнхен,Юг,Напитки,Зеленый чай,"0,95",435,"413,25"
,2/15/2021,mymeal,Дрезден,Восток,Консервы,Говядина тушеная,"1,19",25,"29,75"
,2/15/2021,NutriFix,Дрезден,Восток,Сухофрукты,Курага,"1,19",32,"38,08"
,2/15/2021,mymeal,Кёльн,Запад,Крупы,Гречка,"1,4",141,"197,4"
,2/15/2021,mymeal,Кёльн,Запад,Сухофрукты,Сушеные яблоки,"1,09",101,"110,09"
,2/15/2021,Sweetables,Кёльн,Запад,Сладости,Мармелад,"0,6",119,"71,4"
,2/15/2021,Go Bio,Гамбург,Север,Масла,Подсолнечное масло,"1,19",373,"443,87"
,2/15/2021,Organica,Мюнхен,Юг,Крупы,Гречка,"1,4",128,"179,2"
,2/15/2021,Organica,Берлин,Восток,Сухофрукты,Курага,"1,19",156,"185,64"
,2/15/2021,Cooking Corner,Гамбург,Север,Сыры,Моцарелла,"0,59",418,"246,62"
,2/16/2021,Organica,Гамбург,Север,Сыры,Гауда,"1,59",481,"764,79"
,2/16/2021,Gold Food,Бремен,Север,Сухофрукты,Курага,"1,19",43,"51,17"
,2/16/2021,Gold Food,Бремен,Север,Крупы,Перловка,"1,2",73,"87,6"
,2/16/2021,Cooking Corner,Берлин,Восток,Сухофрукты,Изюм,"0,99",477,"472,23"
,2/16/2021,mymeal,Дрезден,Восток,Крупы,Перловка,"1,2",71,"85,2"
,2/16/2021,mymeal,Дрезден,Восток,Напитки,Зеленый чай,"0,95",104,"98,8"
,2/16/2021,Go Bio,Штутгарт,Юг,Сыры,Гауда,"1,59",322,"511,98"
,2/16/2021,Go Bio,Дрезден,Восток,Масла,Сливочное масло,"1,5",88,132
,2/16/2021,Organica,Гамбург,Север,Напитки,Черный чай,"0,99",180,"178,2"
,2/16/2021,Organica,Гамбург,Север,Крупы,Рис,"0,96",409,"392,64"
,2/16/2021,Gold Food,Мюнхен,Юг,Масла,Оливковое масло,"1,7",124,"210,8"
,2/16/2021,foodbite,Мюнхен,Юг,Сухофрукты,Курага,"1,19",154,"183,26"
,2/16/2021,foodbite,Мюнхен,Юг,Консервы,Говядина тушеная,"1,19",85,"101,15"
,2/16/2021,Organica,Кёльн,Запад,Крупы,Рис,"0,96",185,"177,6"
,2/16/2021,Cooking Corner,Дрезден,Восток,Масла,Сливочное масло,"1,5",160,240
,2/16/2021,Cooking Corner,Дрезден,Восток,Крупы,Рис,"0,96",185,"177,6"
,2/16/2021,mymeal,Гамбург,Север,Напитки,Зеленый чай,"0,95",431,"409,45"
,2/16/2021,Organica,Кёльн,Запад,Сладости,Шоколад,"0,55",233,"128,15"
,2/16/2021,foodbite,Бремен,Север,Напитки,Черный чай,"0,99",250,"247,5"
,2/16/2021,Gold Food,Берлин,Восток,Консервы,Говядина тушеная,"1,19",81,"96,39"
,2/16/2021,Organica,Мюнхен,Юг,Масла,Оливковое масло,"1,7",71,"120,7"
,2/16/2021,mymeal,Гамбург,Север,Консервы,Шпроты,"1,15",177,"203,55"
,2/16/2021,mymeal,Гамбург,Север,Специи,Черный перец,"0,59",137,"80,83"
,2/16/2021,Gold Food,Бремен,Север,Напитки,Кофе,"5,5",22,121
,2/16/2021,foodbite,Дрезден,Восток,Консервы,Килька в томате,"0,89",57,"50,73"
,2/16/2021,foodbite,Дрезден,Восток,Сухофрукты,Курага,"1,19",38,"45,22"
,2/16/2021,mymeal,Дрезден,Восток,Напитки,Черный чай,"0,99",124,"122,76"
,2/16/2021,NutriFix,Дрезден,Восток,Сыры,Гауда,"1,59",67,"106,53"
,2/16/2021,NutriFix,Дрезден,Восток,Сухофрукты,Курага,"1,19",32,"38,08"
,2/16/2021,foodbite,Кёльн,Запад,Сладости,Шоколад,"0,55",618,"339,9"
,2/16/2021,foodbite,Франкфурт,Запад,Сыры,Гауда,"1,59",333,"529,47"
,2/16/2021,Gold Food,Бремен,Север,Крупы,Перловка,"1,2",68,"81,6"
,2/16/2021,Gold Food,Бремен,Север,Масла,Сливочное масло,"1,5",115,"172,5"
,2/16/2021,Organica,Бремен,Север,Крупы,Перловка,"1,2",72,"86,4"
,2/16/2021,foodbite,Дрезден,Восток,Крупы,Рис,"0,96",240,"230,4"
,2/16/2021,Go Bio,Гамбург,Север,Напитки,Зеленый чай,"0,95",414,"393,3"
,2/16/2021,Go Bio,Гамбург,Север,Напитки,Кофе,"5,5",84,462
,2/16/2021,Organica,Мюнхен,Юг,Консервы,Килька в томате,"0,89",131,"116,59"
,2/16/2021,NutriFix,Кёльн,Запад,Сладости,Зефир,"0,65",41,"26,65"
,2/16/2021,Organica,Берлин,Восток,Сыры,Моцарелла,"0,59",530,"312,7"
,2/16/2021,Cooking Corner,Гамбург,Север,Сухофрукты,Изюм,"0,99",353,"349,47"
,2/16/2021,mymeal,Гамбург,Север,Крупы,Перловка,"1,2",367,"440,4"
,2/17/2021,foodbite,Дрезден,Восток,Сухофрукты,Курага,"1,19",50,"59,5"
,2/17/2021,NutriFix,Мюнхен,Юг,Крупы,Перловка,"1,2",236,"283,2"
,2/17/2021,Go Bio,Штутгарт,Юг,Консервы,Шпроты,"1,15",58,"66,7"
,2/17/2021,Go Bio,Дрезден,Восток,Консервы,Шпроты,"1,15",22,"25,3"
,2/17/2021,NutriFix,Берлин,Восток,Специи,Кориандр,"0,65",81,"52,65"
,2/17/2021,Organica,Гамбург,Север,Консервы,Килька в томате,"0,89",143,"127,27"
,2/17/2021,mymeal,Мюнхен,Юг,Специи,Кориандр,"0,65",36,"23,4"
,2/17/2021,foodbite,Кёльн,Запад,Специи,Базилик,"0,7",107,"74,9"
,2/17/2021,foodbite,Кёльн,Запад,Консервы,Шпроты,"1,15",122,"140,3"
,2/17/2021,Sweetables,Кёльн,Запад,Специи,Кориандр,"0,65",29,"18,85"
,2/17/2021,foodbite,Франкфурт,Запад,Специи,Черный перец,"0,59",213,"125,67"
,2/17/2021,Cooking Corner,Дрезден,Восток,Масла,Подсолнечное масло,"1,19",174,"207,06"
,2/17/2021,Organica,Штутгарт,Юг,Консервы,Шпроты,"1,15",70,"80,5"
,2/17/2021,foodbite,Бремен,Север,Крупы,Рис,"0,96",326,"312,96"
,2/17/2021,Gold Food,Бремен,Север,Сладости,Мармелад,"0,6",58,"34,8"
,2/17/2021,Gold Food,Берлин,Восток,Сладости,Мармелад,"0,6",281,"168,6"
,2/17/2021,Gold Food,Мюнхен,Юг,Консервы,Шпроты,"1,15",47,"54,05"
,2/17/2021,mymeal,Гамбург,Север,Напитки,Кофе,"5,5",131,"720,5"
,2/17/2021,Cooking Corner,Кёльн,Запад,Сладости,Зефир,"0,65",89,"57,85"
,2/17/2021,foodbite,Дрезден,Восток,Крупы,Перловка,"1,2",144,"172,8"
,2/17/2021,foodbite,Франкфурт,Запад,Сухофрукты,Изюм,"0,99",65,"64,35"
,2/17/2021,Gold Food,Гамбург,Север,Крупы,Гречка,"1,4",167,"233,8"
,2/17/2021,Organica,Бремен,Север,Крупы,Перловка,"1,2",101,"121,2"
,2/17/2021,Cooking Corner,Дрезден,Восток,Сыры,Филадельфия ,"0,89",57,"50,73"
,2/17/2021,Gold Food,Мюнхен,Юг,Крупы,Гречка,"1,4",150,210
,2/17/2021,Organica,Берлин,Восток,Сладости,Шоколад,"0,55",943,"518,65"
,2/17/2021,mymeal,Гамбург,Север,Сладости,Шоколад,"0,55",439,"241,45"
,2/17/2021,Cooking Corner,Бремен,Север,Напитки,Кофе,"5,5",59,"324,5"
,2/17/2021,foodbite,Бремен,Север,Сыры,Моцарелла,"0,59",154,"90,86"
,2/18/2021,Gold Food,Кёльн,Запад,Масла,Оливковое масло,"1,7",81,"137,7"
,2/18/2021,NutriFix,Мюнхен,Юг,Масла,Оливковое масло,"1,7",123,"209,1"
,2/18/2021,NutriFix,Мюнхен,Юг,Сухофрукты,Изюм,"0,99",156,"154,44"
,2/18/2021,Go Bio,Штутгарт,Юг,Специи,Кориандр,"0,65",22,"14,3"
,2/18/2021,NutriFix,Берлин,Восток,Сухофрукты,Курага,"1,19",143,"170,17"
,2/18/2021,mymeal,Гамбург,Север,Сладости,Мармелад,"0,6",134,"80,4"
,2/18/2021,mymeal,Гамбург,Север,Масла,Подсолнечное масло,"1,19",358,"426,02"
,2/18/2021,mymeal,Мюнхен,Юг,Сыры,Гауда,"1,59",341,"542,19"
,2/18/2021,mymeal,Мюнхен,Юг,Специи,Кориандр,"0,65",26,"16,9"
,2/18/2021,foodbite,Франкфурт,Запад,Консервы,Килька в томате,"0,89",58,"51,62"
,2/18/2021,Organica,Франкфурт,Запад,Сыры,Филадельфия ,"0,89",40,"35,6"
,2/18/2021,Go Bio,Мюнхен,Юг,Крупы,Гречка,"1,4",110,154
,2/18/2021,mymeal,Франкфурт,Запад,Сладости,Мармелад,"0,6",50,30
,2/18/2021,mymeal,Франкфурт,Запад,Сыры,Филадельфия ,"0,89",59,"52,51"
,2/18/2021,Sweetables,Франкфурт,Запад,Сухофрукты,Сушеные яблоки,"1,09",32,"34,88"
,2/18/2021,mymeal,Бремен,Север,Сыры,Моцарелла,"0,59",118,"69,62"
,2/18/2021,mymeal,Бремен,Север,Сладости,Зефир,"0,65",32,"20,8"
,2/18/2021,Gold Food,Бремен,Север,Консервы,Говядина тушеная,"1,19",22,"26,18"
,2/18/2021,mymeal,Мюнхен,Юг,Сыры,Гауда,"1,59",567,"901,53"
,2/18/2021,Sweetables,Мюнхен,Юг,Сухофрукты,Курага,"1,19",88,"104,72"
,2/18/2021,Gold Food,Мюнхен,Юг,Сухофрукты,Сушеные яблоки,"1,09",65,"70,85"
,2/18/2021,Cooking Corner,Кёльн,Запад,Напитки,Черный чай,"0,99",192,"190,08"
,2/18/2021,Cooking Corner,Кёльн,Запад,Сладости,Мармелад,"0,6",213,"127,8"
,2/18/2021,Sweetables,Дрезден,Восток,Сухофрукты,Курага,"1,19",20,"23,8"
,2/18/2021,NutriFix,Франкфурт,Запад,Специи,Базилик,"0,7",25,"17,5"
,2/18/2021,Gold Food,Дрезден,Восток,Сухофрукты,Изюм,"0,99",23,"22,77"
,2/18/2021,Gold Food,Берлин,Восток,Крупы,Гречка,"1,4",320,448
,2/18/2021,Gold Food,Гамбург,Север,Сыры,Гауда,"1,59",560,"890,4"
,2/18/2021,Cooking Corner,Дрезден,Восток,Напитки,Зеленый чай,"0,95",156,"148,2"
,2/18/2021,Cooking Corner,Мюнхен,Юг,Специи,Черный перец,"0,59",517,"305,03"
,2/18/2021,Cooking Corner,Мюнхен,Юг,Консервы,Говядина тушеная,"1,19",114,"135,66"
,2/18/2021,Gold Food,Штутгарт,Юг,Сухофрукты,Курага,"1,19",102,"121,38"
,2/18/2021,Cooking Corner,Бремен,Север,Сыры,Гауда,"1,59",272,"432,48"
,2/18/2021,mymeal,Бремен,Север,Сладости,Зефир,"0,65",34,"22,1"
,2/18/2021,Gold Food,Берлин,Восток,Масла,Сливочное масло,"1,5",444,666
,2/18/2021,Gold Food,Мюнхен,Юг,Консервы,Говядина тушеная,"1,19",70,"83,3"
,2/19/2021,Gold Food,Кёльн,Запад,Сладости,Шоколад,"0,55",276,"151,8"
,2/19/2021,NutriFix,Мюнхен,Юг,Консервы,Шпроты,"1,15",60,69
,2/19/2021,Sweetables,Гамбург,Север,Крупы,Гречка,"1,4",249,"348,6"
,2/19/2021,Sweetables,Гамбург,Север,Сыры,Филадельфия ,"0,89",198,"176,22"
,2/19/2021,foodbite,Бремен,Север,Напитки,Кофе,"5,5",57,"313,5"
,2/19/2021,foodbite,Бремен,Север,Специи,Кориандр,"0,65",15,"9,75"
,2/19/2021,Gold Food,Дрезден,Восток,Сладости,Зефир,"0,65",16,"10,4"
,2/19/2021,Sweetables,Кёльн,Запад,Крупы,Гречка,"1,4",122,"170,8"
,2/19/2021,NutriFix,Кёльн,Запад,Консервы,Шпроты,"1,15",88,"101,2"
,2/19/2021,Sweetables,Мюнхен,Юг,Сыры,Гауда,"1,59",402,"639,18"
,2/19/2021,Cooking Corner,Кёльн,Запад,Сухофрукты,Курага,"1,19",142,"168,98"
,2/19/2021,Organica,Франкфурт,Запад,Сыры,Филадельфия ,"0,89",43,"38,27"
,2/19/2021,Cooking Corner,Мюнхен,Юг,Сухофрукты,Курага,"1,19",217,"258,23"
,2/19/2021,Cooking Corner,Мюнхен,Юг,Масла,Подсолнечное масло,"1,19",825,"981,75"
,2/19/2021,Sweetables,Мюнхен,Юг,Сухофрукты,Курага,"1,19",102,"121,38"
,2/19/2021,Go Bio,Мюнхен,Юг,Сыры,Гауда,"1,59",270,"429,3"
,2/19/2021,Cooking Corner,Франкфурт,Запад,Сыры,Моцарелла,"0,59",227,"133,93"
,2/19/2021,Sweetables,Мюнхен,Юг,Специи,Базилик,"0,7",91,"63,7"
,2/19/2021,Sweetables,Мюнхен,Юг,Сыры,Филадельфия ,"0,89",121,"107,69"
,2/19/2021,Gold Food,Мюнхен,Юг,Специи,Кориандр,"0,65",27,"17,55"
,2/19/2021,NutriFix,Франкфурт,Запад,Напитки,Черный чай,"0,99",149,"147,51"
,2/19/2021,Gold Food,Дрезден,Восток,Сухофрукты,Курага,"1,19",21,"24,99"
,2/19/2021,Gold Food,Дрезден,Восток,Крупы,Перловка,"1,2",83,"99,6"
,2/19/2021,Gold Food,Гамбург,Север,Специи,Кориандр,"0,65",41,"26,65"
,2/19/2021,Sweetables,Гамбург,Север,Сухофрукты,Сушеные яблоки,"1,09",94,"102,46"
,2/19/2021,Cooking Corner,Мюнхен,Юг,Сыры,Моцарелла,"0,59",552,"325,68"
,2/19/2021,Gold Food,Штутгарт,Юг,Сыры,Моцарелла,"0,59",206,"121,54"
,2/19/2021,Sweetables,Бремен,Север,Сухофрукты,Сушеные яблоки,"1,09",33,"35,97"
,2/19/2021,Gold Food,Дрезден,Восток,Специи,Кориандр,"0,65",6,"3,9"
,2/19/2021,Gold Food,Дрезден,Восток,Сухофрукты,Изюм,"0,99",31,"30,69"
,2/19/2021,Go Bio,Дрезден,Восток,Сладости,Зефир,"0,65",15,"9,75"
,2/19/2021,Organica,Штутгарт,Юг,Крупы,Гречка,"1,4",118,"165,2"
,2/19/2021,foodbite,Бремен,Север,Специи,Базилик,"0,7",47,"32,9"
,2/19/2021,mymeal,Бремен,Север,Сладости,Шоколад,"0,55",142,"78,1"
,2/19/2021,Sweetables,Бремен,Север,Специи,Базилик,"0,7",20,14
,2/19/2021,Gold Food,Берлин,Восток,Специи,Черный перец,"0,59",683,"402,97"
,2/19/2021,Gold Food,Берлин,Восток,Масла,Подсолнечное масло,"1,19",543,"646,17"
,2/19/2021,Gold Food,Гамбург,Север,Масла,Сливочное масло,"1,5",288,432
,2/19/2021,Cooking Corner,Мюнхен,Юг,Напитки,Черный чай,"0,99",741,"733,59"
,2/19/2021,Cooking Corner,Мюнхен,Юг,Напитки,Зеленый чай,"0,95",244,"231,8"
,2/20/2021,Gold Food,Мюнхен,Юг,Сыры,Филадельфия ,"0,89",100,89
,2/20/2021,Sweetables,Кёльн,Запад,Сладости,Зефир,"0,65",57,"37,05"
,2/20/2021,Gold Food,Кёльн,Запад,Сладости,Шоколад,"0,55",377,"207,35"
,2/20/2021,Organica,Мюнхен,Юг,Специи,Черный перец,"0,59",170,"100,3"
,2/20/2021,Organica,Мюнхен,Юг,Консервы,Говядина тушеная,"1,19",57,"67,83"
,2/20/2021,Gold Food,Гамбург,Север,Сладости,Шоколад,"0,55",579,"318,45"
,2/20/2021,Gold Food,Гамбург,Север,Специи,Черный перец,"0,59",291,"171,69"
,2/20/2021,Gold Food,Гамбург,Север,Масла,Оливковое масло,"1,7",137,"232,9"
,2/20/2021,NutriFix,Кёльн,Запад,Сухофрукты,Курага,"1,19",60,"71,4"
,2/20/2021,Sweetables,Берлин,Восток,Крупы,Рис,"0,96",681,"653,76"
,2/20/2021,Gold Food,Берлин,Восток,Консервы,Шпроты,"1,15",153,"175,95"
,2/20/2021,Gold Food,Берлин,Восток,Масла,Сливочное масло,"1,5",461,"691,5"
,2/20/2021,Gold Food,Берлин,Восток,Крупы,Перловка,"1,2",389,"466,8"
,2/20/2021,Sweetables,Мюнхен,Юг,Крупы,Перловка,"1,2",208,"249,6"
,2/20/2021,Sweetables,Мюнхен,Юг,Напитки,Черный чай,"0,99",143,"141,57"
,2/20/2021,NutriFix,Мюнхен,Юг,Крупы,Перловка,"1,2",260,312
,2/20/2021,Gold Food,Франкфурт,Запад,Напитки,Зеленый чай,"0,95",105,"99,75"
,2/20/2021,NutriFix,Франкфурт,Запад,Сухофрукты,Изюм,"0,99",60,"59,4"
,2/20/2021,Organica,Бремен,Север,Напитки,Черный чай,"0,99",108,"106,92"
,2/20/2021,Sweetables,Мюнхен,Юг,Специи,Черный перец,"0,59",195,"115,05"
,2/20/2021,Sweetables,Мюнхен,Юг,Сладости,Мармелад,"0,6",100,60
,2/20/2021,Gold Food,Кёльн,Запад,Сыры,Филадельфия ,"0,89",89,"79,21"
,2/20/2021,Gold Food,Кёльн,Запад,Специи,Черный перец,"0,59",271,"159,89"
,2/20/2021,Gold Food,Гамбург,Север,Сладости,Зефир,"0,65",71,"46,15"
,2/20/2021,Organica,Франкфурт,Запад,Сладости,Шоколад,"0,55",88,"48,4"
,2/20/2021,Organica,Дрезден,Восток,Крупы,Перловка,"1,2",63,"75,6"
,2/20/2021,mymeal,Берлин,Восток,Сухофрукты,Сушеные яблоки,"1,09",199,"216,91"
,2/20/2021,NutriFix,Бремен,Север,Консервы,Шпроты,"1,15",35,"40,25"
,2/20/2021,Organica,Гамбург,Север,Сыры,Филадельфия ,"0,89",129,"114,81"
,2/20/2021,Organica,Гамбург,Север,Консервы,Шпроты,"1,15",81,"93,15"
,2/20/2021,Sweetables,Штутгарт,Юг,Специи,Кориандр,"0,65",32,"20,8"
,2/20/2021,Gold Food,Штутгарт,Юг,Сыры,Филадельфия ,"0,89",132,"117,48"
,2/20/2021,Organica,Штутгарт,Юг,Напитки,Зеленый чай,"0,95",252,"239,4"
,2/20/2021,Go Bio,Штутгарт,Юг,Сладости,Шоколад,"0,55",196,"107,8"
,2/20/2021,Sweetables,Бремен,Север,Специи,Базилик,"0,7",22,"15,4"
,2/20/2021,Sweetables,Дрезден,Восток,Напитки,Зеленый чай,"0,95",120,114
,2/20/2021,Gold Food,Дрезден,Восток,Напитки,Кофе,"5,5",20,110
,2/20/2021,Go Bio,Дрезден,Восток,Консервы,Килька в томате,"0,89",20,"17,8"
,2/20/2021,Go Bio,Дрезден,Восток,Напитки,Кофе,"5,5",11,"60,5"
,2/20/2021,Cooking Corner,Франкфурт,Запад,Масла,Оливковое масло,"1,7",79,"134,3"
,2/20/2021,Organica,Штутгарт,Юг,Специи,Базилик,"0,7",54,"37,8"
,2/20/2021,Cooking Corner,Мюнхен,Юг,Сыры,Филадельфия ,"0,89",265,"235,85"
,2/20/2021,Organica,Мюнхен,Юг,Консервы,Говядина тушеная,"1,19",35,"41,65"
,2/21/2021,Sweetables,Кёльн,Запад,Сухофрукты,Сушеные яблоки,"1,09",77,"83,93"
,2/21/2021,mymeal,Мюнхен,Юг,Масла,Сливочное масло,"1,5",345,"517,5"
,2/21/2021,mymeal,Мюнхен,Юг,Специи,Базилик,"0,7",68,"47,6"
,2/21/2021,NutriFix,Кёльн,Запад,Сухофрукты,Изюм,"0,99",69,"68,31"
,2/21/2021,NutriFix,Франкфурт,Запад,Напитки,Кофе,"5,5",26,143
,2/21/2021,Cooking Corner,Мюнхен,Юг,Крупы,Перловка,"1,2",437,"524,4"
,2/21/2021,NutriFix,Мюнхен,Юг,Сыры,Гауда,"1,59",400,636
,2/21/2021,NutriFix,Франкфурт,Запад,Сыры,Моцарелла,"0,59",114,"67,26"
,2/21/2021,mymeal,Штутгарт,Юг,Напитки,Зеленый чай,"0,95",298,"283,1"
,2/21/2021,mymeal,Штутгарт,Юг,Сухофрукты,Сушеные яблоки,"1,09",90,"98,1"
,2/21/2021,Go Bio,Штутгарт,Юг,Крупы,Гречка,"1,4",124,"173,6"
,2/21/2021,Organica,Мюнхен,Юг,Консервы,Килька в томате,"0,89",137,"121,93"
,2/21/2021,foodbite,Франкфурт,Запад,Сладости,Зефир,"0,65",42,"27,3"
,2/21/2021,foodbite,Франкфурт,Запад,Сухофрукты,Курага,"1,19",69,"82,11"
,2/21/2021,foodbite,Франкфурт,Запад,Масла,Оливковое масло,"1,7",74,"125,8"
,2/21/2021,foodbite,Бремен,Север,Сладости,Мармелад,"0,6",90,54
,2/21/2021,foodbite,Бремен,Север,Сладости,Шоколад,"0,55",203,"111,65"
,2/21/2021,mymeal,Бремен,Север,Напитки,Черный чай,"0,99",93,"92,07"
,2/21/2021,Sweetables,Бремен,Север,Масла,Подсолнечное масло,"1,19",95,"113,05"
,2/21/2021,Organica,Франкфурт,Запад,Крупы,Перловка,"1,2",68,"81,6"
,2/21/2021,Organica,Дрезден,Восток,Сыры,Филадельфия ,"0,89",20,"17,8"
,2/21/2021,mymeal,Берлин,Восток,Специи,Черный перец,"0,59",450,"265,5"
,2/21/2021,Sweetables,Бремен,Север,Сухофрукты,Сушеные яблоки,"1,09",37,"40,33"
,2/21/2021,Go Bio,Гамбург,Север,Специи,Черный перец,"0,59",351,"207,09"
,2/21/2021,Go Bio,Гамбург,Север,Сладости,Мармелад,"0,6",124,"74,4"
,2/21/2021,mymeal,Штутгарт,Юг,Сухофрукты,Изюм,"0,99",148,"146,52"
,2/21/2021,mymeal,Штутгарт,Юг,Крупы,Рис,"0,96",310,"297,6"
,2/21/2021,Go Bio,Штутгарт,Юг,Масла,Сливочное масло,"1,5",274,411
,2/21/2021,Sweetables,Дрезден,Восток,Масла,Оливковое масло,"1,7",29,"49,3"
,2/21/2021,Organica,Дрезден,Восток,Консервы,Шпроты,"1,15",25,"28,75"
,2/21/2021,NutriFix,Мюнхен,Юг,Специи,Черный перец,"0,59",150,"88,5"
,2/21/2021,NutriFix,Мюнхен,Юг,Сухофрукты,Сушеные яблоки,"1,09",125,"136,25"
,2/21/2021,Organica,Мюнхен,Юг,Специи,Кориандр,"0,65",28,"18,2"
,2/21/2021,NutriFix,Кёльн,Запад,Сухофрукты,Изюм,"0,99",80,"79,2"
,2/21/2021,NutriFix,Кёльн,Запад,Сыры,Моцарелла,"0,59",237,"139,83"
,2/21/2021,Sweetables,Штутгарт,Юг,Крупы,Рис,"0,96",424,"407,04"
,2/21/2021,Organica,Штутгарт,Юг,Сыры,Моцарелла,"0,59",220,"129,8"
,2/21/2021,Cooking Corner,Дрезден,Восток,Консервы,Говядина тушеная,"1,19",20,"23,8"
,2/21/2021,foodbite,Берлин,Восток,Сухофрукты,Курага,"1,19",389,"462,91"
,2/21/2021,foodbite,Берлин,Восток,Крупы,Гречка,"1,4",497,"695,8"
,2/21/2021,mymeal,Мюнхен,Юг,Крупы,Перловка,"1,2",256,"307,2"
,2/21/2021,Organica,Мюнхен,Юг,Сыры,Филадельфия ,"0,89",112,"99,68"
,2/22/2021,foodbite,Кёльн,Запад,Напитки,Зеленый чай,"0,95",529,"502,55"
,2/22/2021,Sweetables,Бремен,Север,Сыры,Моцарелла,"0,59",90,"53,1"
,2/22/2021,mymeal,Мюнхен,Юг,Специи,Кориандр,"0,65",35,"22,75"
,2/22/2021,NutriFix,Бремен,Север,Консервы,Говядина тушеная,"1,19",9,"10,71"
,2/22/2021,NutriFix,Дрезден,Восток,Сладости,Зефир,"0,65",20,13
,2/22/2021,NutriFix,Франкфурт,Запад,Сыры,Гауда,"1,59",153,"243,27"
,2/22/2021,NutriFix,Франкфурт,Запад,Напитки,Кофе,"5,5",60,330
,2/22/2021,Gold Food,Дрезден,Восток,Консервы,Говядина тушеная,"1,19",21,"24,99"
,2/22/2021,NutriFix,Дрезден,Восток,Сладости,Зефир,"0,65",18,"11,7"
,2/22/2021,NutriFix,Дрезден,Восток,Масла,Сливочное масло,"1,5",60,90
,2/22/2021,Cooking Corner,Мюнхен,Юг,Крупы,Гречка,"1,4",265,371
,2/22/2021,mymeal,Гамбург,Север,Сладости,Шоколад,"0,55",535,"294,25"
,2/22/2021,mymeal,Гамбург,Север,Специи,Черный перец,"0,59",203,"119,77"
,2/22/2021,Gold Food,Гамбург,Север,Сыры,Гауда,"1,59",454,"721,86"
,2/22/2021,Gold Food,Гамбург,Север,Сладости,Зефир,"0,65",65,"42,25"
,2/22/2021,mymeal,Штутгарт,Юг,Сыры,Гауда,"1,59",354,"562,86"
,2/22/2021,Sweetables,Штутгарт,Юг,Сыры,Моцарелла,"0,59",206,"121,54"
,2/22/2021,NutriFix,Штутгарт,Юг,Консервы,Говядина тушеная,"1,19",26,"30,94"
,2/22/2021,Organica,Штутгарт,Юг,Консервы,Шпроты,"1,15",56,"64,4"
,2/22/2021,Organica,Штутгарт,Юг,Масла,Оливковое масло,"1,7",66,"112,2"
,2/22/2021,Cooking Corner,Бремен,Север,Специи,Базилик,"0,7",43,"30,1"
,2/22/2021,NutriFix,Бремен,Север,Масла,Подсолнечное масло,"1,19",85,"101,15"
,2/22/2021,Organica,Мюнхен,Юг,Консервы,Шпроты,"1,15",70,"80,5"
,2/22/2021,foodbite,Кёльн,Запад,Масла,Сливочное масло,"1,5",554,831
,2/22/2021,foodbite,Кёльн,Запад,Сыры,Филадельфия ,"0,89",225,"200,25"
,2/22/2021,foodbite,Бремен,Север,Сухофрукты,Сушеные яблоки,"1,09",68,"74,12"
,2/22/2021,Sweetables,Бремен,Север,Напитки,Зеленый чай,"0,95",60,57
,2/22/2021,Organica,Франкфурт,Запад,Напитки,Кофе,"5,5",39,"214,5"
,2/22/2021,mymeal,Штутгарт,Юг,Масла,Оливковое масло,"1,7",94,"159,8"
,2/22/2021,Cooking Corner,Кёльн,Запад,Сыры,Моцарелла,"0,59",329,"194,11"
,2/22/2021,Sweetables,Бремен,Север,Сладости,Шоколад,"0,55",157,"86,35"
,2/22/2021,Go Bio,Штутгарт,Юг,Сладости,Мармелад,"0,6",100,60
,2/22/2021,Sweetables,Дрезден,Восток,Масла,Сливочное масло,"1,5",95,"142,5"
,2/22/2021,Organica,Дрезден,Восток,Сладости,Шоколад,"0,55",74,"40,7"
,2/22/2021,Organica,Берлин,Восток,Консервы,Говядина тушеная,"1,19",86,"102,34"
,2/22/2021,Go Bio,Гамбург,Север,Сыры,Гауда,"1,59",433,"688,47"
,2/22/2021,NutriFix,Мюнхен,Юг,Сладости,Зефир,"0,65",65,"42,25"
,2/22/2021,Organica,Мюнхен,Юг,Масла,Оливковое масло,"1,7",60,102
,2/22/2021,NutriFix,Франкфурт,Запад,Крупы,Перловка,"1,2",89,"106,8"
,2/22/2021,Cooking Corner,Дрезден,Восток,Сыры,Гауда,"1,59",137,"217,83"
,2/22/2021,Sweetables,Дрезден,Восток,Сыры,Гауда,"1,59",107,"170,13"
,2/22/2021,Sweetables,Дрезден,Восток,Сыры,Моцарелла,"0,59",94,"55,46"
,2/22/2021,Gold Food,Дрезден,Восток,Напитки,Черный чай,"0,99",104,"102,96"
,2/22/2021,Gold Food,Дрезден,Восток,Сухофрукты,Курага,"1,19",26,"30,94"
,2/22/2021,Organica,Мюнхен,Юг,Сыры,Моцарелла,"0,59",141,"83,19"
,2/23/2021,Go Bio,Мюнхен,Юг,Масла,Сливочное масло,"1,5",255,"382,5"
,2/23/2021,Sweetables,Бремен,Север,Крупы,Перловка,"1,2",81,"97,2"
,2/23/2021,Gold Food,Бремен,Север,Специи,Базилик,"0,7",22,"15,4"
,2/23/2021,Gold Food,Бремен,Север,Специи,Кориандр,"0,65",10,"6,5"
,2/23/2021,NutriFix,Бремен,Север,Консервы,Говядина тушеная,"1,19",14,"16,66"
,2/23/2021,NutriFix,Дрезден,Восток,Консервы,Килька в томате,"0,89",36,"32,04"
,2/23/2021,Go Bio,Дрезден,Восток,Крупы,Перловка,"1,2",61,"73,2"
,2/23/2021,Go Bio,Дрезден,Восток,Масла,Подсолнечное масло,"1,19",73,"86,87"
,2/23/2021,Go Bio,Франкфурт,Запад,Сладости,Мармелад,"0,6",38,"22,8"
,2/23/2021,Cooking Corner,Штутгарт,Юг,Крупы,Перловка,"1,2",464,"556,8"
,2/23/2021,Cooking Corner,Дрезден,Восток,Сыры,Моцарелла,"0,59",134,"79,06"
,2/23/2021,Gold Food,Дрезден,Восток,Сладости,Зефир,"0,65",13,"8,45"
,2/23/2021,NutriFix,Дрезден,Восток,Сладости,Шоколад,"0,55",67,"36,85"
,2/23/2021,Sweetables,Дрезден,Восток,Масла,Подсолнечное масло,"1,19",113,"134,47"
,2/23/2021,Cooking Corner,Штутгарт,Юг,Сладости,Мармелад,"0,6",228,"136,8"
,2/23/2021,Cooking Corner,Штутгарт,Юг,Консервы,Килька в томате,"0,89",276,"245,64"
,2/23/2021,Cooking Corner,Штутгарт,Юг,Масла,Подсолнечное масло,"1,19",422,"502,18"
,2/23/2021,foodbite,Штутгарт,Юг,Сыры,Гауда,"1,59",414,"658,26"
,2/23/2021,Sweetables,Штутгарт,Юг,Крупы,Гречка,"1,4",210,294
,2/23/2021,Sweetables,Штутгарт,Юг,Специи,Черный перец,"0,59",242,"142,78"
,2/23/2021,Organica,Штутгарт,Юг,Сыры,Филадельфия ,"0,89",74,"65,86"
,2/23/2021,Cooking Corner,Бремен,Север,Консервы,Шпроты,"1,15",54,"62,1"
,2/23/2021,Gold Food,Бремен,Север,Консервы,Говядина тушеная,"1,19",31,"36,89"
,2/23/2021,NutriFix,Бремен,Север,Сладости,Зефир,"0,65",22,"14,3"
,2/23/2021,mymeal,Штутгарт,Юг,Сухофрукты,Изюм,"0,99",114,"112,86"
,2/23/2021,mymeal,Штутгарт,Юг,Сыры,Филадельфия ,"0,89",146,"129,94"
,2/23/2021,NutriFix,Дрезден,Восток,Сладости,Зефир,"0,65",20,13
,2/23/2021,Organica,Дрезден,Восток,Сладости,Шоколад,"0,55",83,"45,65"
,2/23/2021,Organica,Дрезден,Восток,Напитки,Кофе,"5,5",20,110
,2/23/2021,foodbite,Бремен,Север,Масла,Подсолнечное масло,"1,19",220,"261,8"
,2/23/2021,mymeal,Бремен,Север,Консервы,Шпроты,"1,15",34,"39,1"
,2/23/2021,Go Bio,Бремен,Север,Сыры,Филадельфия ,"0,89",28,"24,92"
,2/23/2021,Organica,Берлин,Восток,Сыры,Моцарелла,"0,59",292,"172,28"
,2/23/2021,Organica,Берлин,Восток,Сыры,Гауда,"1,59",477,"758,43"
,2/23/2021,Cooking Corner,Гамбург,Север,Сухофрукты,Курага,"1,19",163,"193,97"
,2/23/2021,Go Bio,Гамбург,Север,Специи,Базилик,"0,7",80,56
,2/23/2021,Go Bio,Гамбург,Север,Масла,Оливковое масло,"1,7",104,"176,8"
,2/23/2021,Sweetables,Мюнхен,Юг,Масла,Подсолнечное масло,"1,19",428,"509,32"
,2/23/2021,Gold Food,Мюнхен,Юг,Масла,Сливочное масло,"1,5",284,426
,2/23/2021,Cooking Corner,Штутгарт,Юг,Консервы,Шпроты,"1,15",96,"110,4"
,2/23/2021,foodbite,Штутгарт,Юг,Напитки,Кофе,"5,5",168,924
,2/23/2021,Sweetables,Дрезден,Восток,Специи,Кориандр,"0,65",7,"4,55"
,2/24/2021,Gold Food,Бремен,Север,Масла,Подсолнечное масло,"1,19",142,"168,98"
,2/24/2021,Sweetables,Берлин,Восток,Сладости,Шоколад,"0,55",1057,"581,35"
,2/24/2021,Go Bio,Бремен,Север,Масла,Подсолнечное масло,"1,19",95,"113,05"
,2/24/2021,Cooking Corner,Дрезден,Восток,Сухофрукты,Изюм,"0,99",83,"82,17"
,2/24/2021,Organica,Франкфурт,Запад,Сыры,Филадельфия ,"0,89",36,"32,04"
,2/24/2021,Organica,Франкфурт,Запад,Сыры,Гауда,"1,59",139,"221,01"
,2/24/2021,Sweetables,Дрезден,Восток,Сладости,Шоколад,"0,55",132,"72,6"
,2/24/2021,Sweetables,Дрезден,Восток,Консервы,Говядина тушеная,"1,19",25,"29,75"
,2/24/2021,foodbite,Штутгарт,Юг,Напитки,Кофе,"5,5",216,1188
,2/24/2021,foodbite,Штутгарт,Юг,Напитки,Кофе,"5,5",264,1452
,2/24/2021,Cooking Corner,Бремен,Север,Сухофрукты,Сушеные яблоки,"1,09",88,"95,92"
,2/24/2021,Organica,Штутгарт,Юг,Консервы,Шпроты,"1,15",46,"52,9"
,2/24/2021,Sweetables,Дрезден,Восток,Крупы,Перловка,"1,2",97,"116,4"
,2/24/2021,Sweetables,Дрезден,Восток,Сухофрукты,Курага,"1,19",33,"39,27"
,2/24/2021,NutriFix,Дрезден,Восток,Масла,Сливочное масло,"1,5",90,135
,2/24/2021,NutriFix,Дрезден,Восток,Специи,Базилик,"0,7",20,14
,2/24/2021,Cooking Corner,Берлин,Восток,Сыры,Гауда,"1,59",1932,"3071,88"
,2/24/2021,foodbite,Берлин,Восток,Сухофрукты,Изюм,"0,99",398,"394,02"
,2/24/2021,foodbite,Бремен,Север,Напитки,Зеленый чай,"0,95",169,"160,55"
,2/24/2021,Gold Food,Кёльн,Запад,Напитки,Зеленый чай,"0,95",165,"156,75"
,2/24/2021,Go Bio,Бремен,Север,Консервы,Килька в томате,"0,89",39,"34,71"
,2/24/2021,mymeal,Дрезден,Восток,Консервы,Килька в томате,"0,89",46,"40,94"
,2/24/2021,Cooking Corner,Гамбург,Север,Сладости,Мармелад,"0,6",336,"201,6"
,2/24/2021,Cooking Corner,Гамбург,Север,Консервы,Говядина тушеная,"1,19",163,"193,97"
,2/24/2021,Gold Food,Мюнхен,Юг,Крупы,Гречка,"1,4",204,"285,6"
,2/24/2021,Cooking Corner,Штутгарт,Юг,Масла,Подсолнечное масло,"1,19",398,"473,62"
,2/24/2021,Cooking Corner,Штутгарт,Юг,Масла,Оливковое масло,"1,7",214,"363,8"
,2/24/2021,foodbite,Штутгарт,Юг,Консервы,Говядина тушеная,"1,19",96,"114,24"
,2/24/2021,mymeal,Берлин,Восток,Сухофрукты,Сушеные яблоки,"1,09",282,"307,38"
,2/25/2021,Sweetables,Берлин,Восток,Сыры,Моцарелла,"0,59",486,"286,74"
,2/25/2021,Organica,Гамбург,Север,Напитки,Черный чай,"0,99",305,"301,95"
,2/25/2021,foodbite,Мюнхен,Юг,Сыры,Гауда,"1,59",567,"901,53"
,2/25/2021,Go Bio,Штутгарт,Юг,Сладости,Зефир,"0,65",58,"37,7"
,2/25/2021,Go Bio,Бремен,Север,Специи,Черный перец,"0,59",91,"53,69"
,2/25/2021,Cooking Corner,Дрезден,Восток,Крупы,Перловка,"1,2",118,"141,6"
,2/25/2021,Organica,Франкфурт,Запад,Масла,Подсолнечное масло,"1,19",115,"136,85"
,2/25/2021,Gold Food,Берлин,Восток,Консервы,Шпроты,"1,15",201,"231,15"
,2/25/2021,NutriFix,Штутгарт,Юг,Сладости,Шоколад,"0,55",280,154
,2/25/2021,Organica,Штутгарт,Юг,Сладости,Мармелад,"0,6",70,42
,2/25/2021,NutriFix,Мюнхен,Юг,Сладости,Шоколад,"0,55",567,"311,85"
,2/25/2021,Go Bio,Мюнхен,Юг,Масла,Оливковое масло,"1,7",55,"93,5"
,2/25/2021,NutriFix,Бремен,Север,Сладости,Шоколад,"0,55",208,"114,4"
,2/25/2021,NutriFix,Бремен,Север,Сладости,Шоколад,"0,55",192,"105,6"
,2/25/2021,Cooking Corner,Берлин,Восток,Специи,Базилик,"0,7",308,"215,6"
,2/25/2021,foodbite,Берлин,Восток,Масла,Подсолнечное масло,"1,19",1416,"1685,04"
,2/25/2021,foodbite,Кёльн,Запад,Специи,Базилик,"0,7",91,"63,7"
,2/25/2021,foodbite,Кёльн,Запад,Консервы,Шпроты,"1,15",71,"81,65"
,2/25/2021,foodbite,Кёльн,Запад,Специи,Базилик,"0,7",89,"62,3"
,2/25/2021,mymeal,Кёльн,Запад,Масла,Оливковое масло,"1,7",103,"175,1"
,2/25/2021,mymeal,Кёльн,Запад,Крупы,Гречка,"1,4",131,"183,4"
,2/25/2021,Gold Food,Кёльн,Запад,Масла,Сливочное масло,"1,5",243,"364,5"
,2/25/2021,foodbite,Дрезден,Восток,Сладости,Шоколад,"0,55",207,"113,85"
,2/25/2021,foodbite,Гамбург,Север,Напитки,Зеленый чай,"0,95",826,"784,7"
,2/25/2021,foodbite,Гамбург,Север,Сухофрукты,Изюм,"0,99",214,"211,86"
,2/25/2021,NutriFix,Гамбург,Север,Консервы,Говядина тушеная,"1,19",38,"45,22"
,2/25/2021,Cooking Corner,Кёльн,Запад,Специи,Черный перец,"0,59",226,"133,34"
,2/25/2021,Cooking Corner,Кёльн,Запад,Сладости,Зефир,"0,65",99,"64,35"
,2/25/2021,Sweetables,Кёльн,Запад,Консервы,Килька в томате,"0,89",105,"93,45"
,2/25/2021,NutriFix,Кёльн,Запад,Сладости,Зефир,"0,65",39,"25,35"
,2/25/2021,Go Bio,Бремен,Север,Специи,Черный перец,"0,59",110,"64,9"
,2/25/2021,mymeal,Берлин,Восток,Сладости,Шоколад,"0,55",1163,"639,65"
,2/25/2021,mymeal,Берлин,Восток,Масла,Сливочное масло,"1,5",662,993
,2/26/2021,mymeal,Гамбург,Север,Сладости,Мармелад,"0,6",130,78
,2/26/2021,Cooking Corner,Мюнхен,Юг,Масла,Сливочное масло,"1,5",731,"1096,5"
,2/26/2021,foodbite,Мюнхен,Юг,Крупы,Гречка,"1,4",380,532
,2/26/2021,Go Bio,Штутгарт,Юг,Специи,Базилик,"0,7",52,"36,4"
,2/26/2021,NutriFix,Франкфурт,Запад,Напитки,Черный чай,"0,99",65,"64,35"
,2/26/2021,Sweetables,Бремен,Север,Сухофрукты,Курага,"1,19",48,"57,12"
,2/26/2021,foodbite,Дрезден,Восток,Сладости,Зефир,"0,65",40,26
,2/26/2021,mymeal,Берлин,Восток,Сухофрукты,Сушеные яблоки,"1,09",241,"262,69"
,2/26/2021,Cooking Corner,Гамбург,Север,Сладости,Шоколад,"0,55",1190,"654,5"
,2/26/2021,mymeal,Штутгарт,Юг,Масла,Подсолнечное масло,"1,19",238,"283,22"
,2/26/2021,Organica,Штутгарт,Юг,Специи,Черный перец,"0,59",266,"156,94"
,2/26/2021,Organica,Бремен,Север,Масла,Сливочное масло,"1,5",103,"154,5"
,2/26/2021,Gold Food,Кёльн,Запад,Сухофрукты,Изюм,"0,99",64,"63,36"
,2/26/2021,mymeal,Штутгарт,Юг,Масла,Оливковое масло,"1,7",92,"156,4"
,2/26/2021,Cooking Corner,Штутгарт,Юг,Консервы,Шпроты,"1,15",200,230
,2/26/2021,NutriFix,Мюнхен,Юг,Консервы,Шпроты,"1,15",47,"54,05"
,2/26/2021,Go Bio,Мюнхен,Юг,Консервы,Шпроты,"1,15",93,"106,95"
,2/26/2021,NutriFix,Бремен,Север,Крупы,Перловка,"1,2",119,"142,8"
,2/26/2021,Cooking Corner,Дрезден,Восток,Консервы,Шпроты,"1,15",29,"33,35"
,2/26/2021,NutriFix,Берлин,Восток,Напитки,Кофе,"5,5",284,1562
,2/26/2021,Organica,Мюнхен,Юг,Сыры,Гауда,"1,59",241,"383,19"
,2/26/2021,Cooking Corner,Штутгарт,Юг,Сладости,Зефир,"0,65",88,"57,2"
,2/26/2021,Cooking Corner,Штутгарт,Юг,Масла,Подсолнечное масло,"1,19",608,"723,52"
,2/26/2021,Cooking Corner,Штутгарт,Юг,Сладости,Шоколад,"0,55",1004,"552,2"
,2/26/2021,foodbite,Дрезден,Восток,Крупы,Перловка,"1,2",85,102
,2/26/2021,foodbite,Гамбург,Север,Консервы,Говядина тушеная,"1,19",60,"71,4"
,2/26/2021,NutriFix,Гамбург,Север,Специи,Кориандр,"0,65",40,26
,2/26/2021,Gold Food,Кёльн,Запад,Специи,Черный перец,"0,59",219,"129,21"
,2/26/2021,NutriFix,Кёльн,Запад,Консервы,Килька в томате,"0,89",78,"69,42"
,2/26/2021,Organica,Бремен,Север,Сыры,Моцарелла,"0,59",100,59
,2/26/2021,Go Bio,Бремен,Север,Сухофрукты,Сушеные яблоки,"1,09",22,"23,98"
,2/27/2021,foodbite,Франкфурт,Запад,Сухофрукты,Сушеные яблоки,"1,09",67,"73,03"
,2/27/2021,mymeal,Франкфурт,Запад,Напитки,Кофе,"5,5",40,220
,2/27/2021,foodbite,Бремен,Север,Сладости,Мармелад,"0,6",92,"55,2"
,2/27/2021,foodbite,Дрезден,Восток,Консервы,Килька в томате,"0,89",59,"52,51"
,2/27/2021,Sweetables,Франкфурт,Запад,Специи,Кориандр,"0,65",15,"9,75"
,2/27/2021,Sweetables,Бремен,Север,Масла,Подсолнечное масло,"1,19",137,"163,03"
,2/27/2021,mymeal,Штутгарт,Юг,Специи,Черный перец,"0,59",134,"79,06"
,2/27/2021,mymeal,Штутгарт,Юг,Крупы,Гречка,"1,4",136,"190,4"
,2/27/2021,Gold Food,Кёльн,Запад,Сладости,Зефир,"0,65",35,"22,75"
,2/27/2021,Gold Food,Кёльн,Запад,Консервы,Говядина тушеная,"1,19",59,"70,21"
,2/27/2021,mymeal,Штутгарт,Юг,Сухофрукты,Курага,"1,19",76,"90,44"
,2/27/2021,Organica,Кёльн,Запад,Сухофрукты,Изюм,"0,99",52,"51,48"
,2/27/2021,Organica,Кёльн,Запад,Специи,Черный перец,"0,59",224,"132,16"
,2/27/2021,Organica,Бремен,Север,Сладости,Мармелад,"0,6",30,18
,2/27/2021,NutriFix,Берлин,Восток,Напитки,Зеленый чай,"0,95",402,"381,9"
,2/27/2021,Organica,Мюнхен,Юг,Специи,Кориандр,"0,65",30,"19,5"
,2/27/2021,Go Bio,Франкфурт,Запад,Напитки,Кофе,"5,5",48,264
,2/27/2021,NutriFix,Берлин,Восток,Напитки,Кофе,"5,5",117,"643,5"
,2/27/2021,NutriFix,Берлин,Восток,Крупы,Рис,"0,96",861,"826,56"
,2/27/2021,Gold Food,Кёльн,Запад,Сладости,Шоколад,"0,55",365,"200,75"
,2/27/2021,Gold Food,Кёльн,Запад,Сладости,Шоколад,"0,55",201,"110,55"
,2/27/2021,mymeal,Франкфурт,Запад,Специи,Черный перец,"0,59",56,"33,04"
,2/27/2021,mymeal,Франкфурт,Запад,Специи,Черный перец,"0,59",106,"62,54"
,2/27/2021,Cooking Corner,Бремен,Север,Напитки,Зеленый чай,"0,95",121,"114,95"
,2/27/2021,Cooking Corner,Бремен,Север,Масла,Оливковое масло,"1,7",82,"139,4"
,2/27/2021,Organica,Бремен,Север,Напитки,Зеленый чай,"0,95",64,"60,8"
,2/27/2021,foodbite,Дрезден,Восток,Консервы,Говядина тушеная,"1,19",29,"34,51"
,2/28/2021,Gold Food,Кёльн,Запад,Крупы,Перловка,"1,2",143,"171,6"
,2/28/2021,foodbite,Франкфурт,Запад,Масла,Подсолнечное масло,"1,19",232,"276,08"
,2/28/2021,foodbite,Франкфурт,Запад,Специи,Базилик,"0,7",38,"26,6"
,2/28/2021,Sweetables,Франкфурт,Запад,Напитки,Черный чай,"0,99",97,"96,03"
,2/28/2021,foodbite,Бремен,Север,Крупы,Перловка,"1,2",125,150
,2/28/2021,mymeal,Франкфурт,Запад,Сладости,Зефир,"0,65",32,"20,8"
,2/28/2021,Sweetables,Франкфурт,Запад,Сыры,Моцарелла,"0,59",103,"60,77"
,2/28/2021,Gold Food,Франкфурт,Запад,Сладости,Зефир,"0,65",29,"18,85"
,2/28/2021,Go Bio,Кёльн,Запад,Сухофрукты,Сушеные яблоки,"1,09",47,"51,23"
,2/28/2021,Cooking Corner,Франкфурт,Запад,Масла,Сливочное масло,"1,5",236,354
,2/28/2021,mymeal,Франкфурт,Запад,Сладости,Шоколад,"0,55",214,"117,7"
,2/28/2021,Organica,Франкфурт,Запад,Сладости,Мармелад,"0,6",44,"26,4"
,2/28/2021,mymeal,Штутгарт,Юг,Сладости,Мармелад,"0,6",130,78
,2/28/2021,Gold Food,Бремен,Север,Масла,Оливковое масло,"1,7",35,"59,5"
,2/28/2021,mymeal,Дрезден,Восток,Консервы,Говядина тушеная,"1,19",13,"15,47"
,2/28/2021,Go Bio,Бремен,Север,Масла,Оливковое масло,"1,7",38,"64,6"
,2/28/2021,Cooking Corner,Мюнхен,Юг,Напитки,Черный чай,"0,99",500,495
,2/28/2021,Organica,Мюнхен,Юг,Крупы,Перловка,"1,2",256,"307,2"
,2/28/2021,Cooking Corner,Кёльн,Запад,Сухофрукты,Курага,"1,19",154,"183,26"
,2/28/2021,Cooking Corner,Франкфурт,Запад,Сладости,Зефир,"0,65",60,39
,2/28/2021,Go Bio,Франкфурт,Запад,Крупы,Рис,"0,96",136,"130,56"
,2/28/2021,Go Bio,Франкфурт,Запад,Масла,Сливочное масло,"1,5",71,"106,5"
,2/28/2021,NutriFix,Берлин,Восток,Напитки,Кофе,"5,5",83,"456,5"
,2/28/2021,Sweetables,Франкфурт,Запад,Специи,Кориандр,"0,65",11,"7,15"
,2/28/2021,Sweetables,Франкфурт,Запад,Напитки,Черный чай,"0,99",36,"35,64"
,2/28/2021,NutriFix,Штутгарт,Юг,Крупы,Рис,"0,96",286,"274,56"
,2/28/2021,foodbite,Дрезден,Восток,Сухофрукты,Изюм,"0,99",58,"57,42"
,2/28/2021,Go Bio,Дрезден,Восток,Напитки,Кофе,"5,5",18,99
,2/28/2021,Sweetables,Берлин,Восток,Крупы,Перловка,"1,2",396,"475,2"
,3/1/2021,Gold Food,Кёльн,Запад,Сухофрукты,Изюм,"0,99",65,"64,35"
,3/1/2021,NutriFix,Кёльн,Запад,Крупы,Перловка,"1,2",135,162
,3/1/2021,NutriFix,Кёльн,Запад,Сладости,Мармелад,"0,6",119,"71,4"
,3/1/2021,Organica,Кёльн,Запад,Сыры,Филадельфия ,"0,89",52,"46,28"
,3/1/2021,NutriFix,Франкфурт,Запад,Консервы,Килька в томате,"0,89",60,"53,4"
,3/1/2021,NutriFix,Франкфурт,Запад,Масла,Сливочное масло,"1,5",78,117
,3/1/2021,mymeal,Франкфурт,Запад,Сыры,Гауда,"1,59",160,"254,4"
,3/1/2021,foodbite,Дрезден,Восток,Специи,Базилик,"0,7",22,"15,4"
,3/1/2021,Cooking Corner,Франкфурт,Запад,Крупы,Перловка,"1,2",181,"217,2"
,3/1/2021,foodbite,Франкфурт,Запад,Консервы,Шпроты,"1,15",47,"54,05"
,3/1/2021,mymeal,Франкфурт,Запад,Сладости,Зефир,"0,65",30,"19,5"
,3/1/2021,Cooking Corner,Штутгарт,Юг,Консервы,Шпроты,"1,15",132,"151,8"
,3/1/2021,Go Bio,Кёльн,Запад,Сладости,Зефир,"0,65",46,"29,9"
,3/1/2021,Go Bio,Кёльн,Запад,Крупы,Гречка,"1,4",119,"166,6"
,3/1/2021,Go Bio,Кёльн,Запад,Сладости,Зефир,"0,65",39,"25,35"
,3/1/2021,Gold Food,Бремен,Север,Напитки,Кофе,"5,5",26,143
,3/1/2021,mymeal,Дрезден,Восток,Масла,Подсолнечное масло,"1,19",74,"88,06"
,3/1/2021,Sweetables,Берлин,Восток,Специи,Кориандр,"0,65",93,"60,45"
,3/1/2021,Organica,Берлин,Восток,Сладости,Мармелад,"0,6",211,"126,6"
,3/1/2021,Go Bio,Бремен,Север,Масла,Сливочное масло,"1,5",112,168
,3/1/2021,NutriFix,Гамбург,Север,Крупы,Рис,"0,96",612,"587,52"
,3/1/2021,Cooking Corner,Мюнхен,Юг,Масла,Оливковое масло,"1,7",182,"309,4"
,3/1/2021,Cooking Corner,Мюнхен,Юг,Сыры,Филадельфия ,"0,89",307,"273,23"
,3/1/2021,NutriFix,Мюнхен,Юг,Сухофрукты,Изюм,"0,99",101,"99,99"
,3/1/2021,Cooking Corner,Франкфурт,Запад,Сыры,Моцарелла,"0,59",162,"95,58"
,3/1/2021,Organica,Кёльн,Запад,Напитки,Зеленый чай,"0,95",106,"100,7"
,3/1/2021,Organica,Кёльн,Запад,Специи,Кориандр,"0,65",14,"9,1"
,3/1/2021,foodbite,Гамбург,Север,Специи,Черный перец,"0,59",598,"352,82"
,3/1/2021,Sweetables,Бремен,Север,Консервы,Шпроты,"1,15",43,"49,45"
,3/1/2021,Cooking Corner,Франкфурт,Запад,Сыры,Филадельфия ,"0,89",74,"65,86"
,3/1/2021,NutriFix,Штутгарт,Юг,Сыры,Моцарелла,"0,59",286,"168,74"
,3/1/2021,NutriFix,Штутгарт,Юг,Напитки,Зеленый чай,"0,95",218,"207,1"
,3/1/2021,foodbite,Дрезден,Восток,Сухофрукты,Изюм,"0,99",43,"42,57"
,3/1/2021,Go Bio,Дрезден,Восток,Напитки,Кофе,"5,5",12,66
,3/1/2021,Gold Food,Берлин,Восток,Сыры,Моцарелла,"0,59",618,"364,62"
,3/2/2021,NutriFix,Кёльн,Запад,Сыры,Гауда,"1,59",191,"303,69"
,3/2/2021,Organica,Кёльн,Запад,Напитки,Кофе,"5,5",53,"291,5"
,3/2/2021,Organica,Франкфурт,Запад,Сыры,Филадельфия ,"0,89",37,"32,93"
,3/2/2021,Organica,Франкфурт,Запад,Сухофрукты,Сушеные яблоки,"1,09",32,"34,88"
,3/2/2021,Go Bio,Штутгарт,Юг,Напитки,Кофе,"5,5",50,275
,3/2/2021,Organica,Штутгарт,Юг,Сыры,Моцарелла,"0,59",228,"134,52"
,3/2/2021,Cooking Corner,Дрезден,Восток,Специи,Базилик,"0,7",26,"18,2"
,3/2/2021,Cooking Corner,Дрезден,Восток,Масла,Подсолнечное масло,"1,19",151,"179,69"
,3/2/2021,foodbite,Дрезден,Восток,Масла,Подсолнечное масло,"1,19",181,"215,39"
,3/2/2021,foodbite,Дрезден,Восток,Напитки,Зеленый чай,"0,95",181,"171,95"
,3/2/2021,Cooking Corner,Штутгарт,Юг,Крупы,Перловка,"1,2",410,492
,3/2/2021,foodbite,Дрезден,Восток,Специи,Черный перец,"0,59",160,"94,4"
,3/2/2021,Cooking Corner,Берлин,Восток,Специи,Базилик,"0,7",302,"211,4"
,3/2/2021,Cooking Corner,Бремен,Север,Сухофрукты,Курага,"1,19",80,"95,2"
,3/2/2021,Go Bio,Бремен,Север,Напитки,Черный чай,"0,99",121,"119,79"
,3/2/2021,NutriFix,Гамбург,Север,Сыры,Моцарелла,"0,59",406,"239,54"
,3/2/2021,NutriFix,Мюнхен,Юг,Сладости,Шоколад,"0,55",431,"237,05"
,3/2/2021,Cooking Corner,Франкфурт,Запад,Масла,Оливковое масло,"1,7",49,"83,3"
,3/2/2021,Organica,Франкфурт,Запад,Специи,Черный перец,"0,59",105,"61,95"
,3/2/2021,Gold Food,Бремен,Север,Масла,Сливочное масло,"1,5",100,150
,3/2/2021,NutriFix,Бремен,Север,Сухофрукты,Курага,"1,19",26,"30,94"
,3/2/2021,Cooking Corner,Штутгарт,Юг,Напитки,Черный чай,"0,99",330,"326,7"
,3/2/2021,Gold Food,Бремен,Север,Сладости,Мармелад,"0,6",34,"20,4"
,3/2/2021,Gold Food,Бремен,Север,Напитки,Кофе,"5,5",41,"225,5"
,3/2/2021,Organica,Берлин,Восток,Сладости,Шоколад,"0,55",635,"349,25"
,3/2/2021,Gold Food,Мюнхен,Юг,Специи,Черный перец,"0,59",368,"217,12"
,3/3/2021,Organica,Франкфурт,Запад,Масла,Оливковое масло,"1,7",23,"39,1"
,3/3/2021,Go Bio,Штутгарт,Юг,Сухофрукты,Курага,"1,19",56,"66,64"
,3/3/2021,Cooking Corner,Берлин,Восток,Масла,Сливочное масло,"1,5",853,"1279,5"
,3/3/2021,foodbite,Берлин,Восток,Специи,Черный перец,"0,59",587,"346,33"
,3/3/2021,Gold Food,Берлин,Восток,Напитки,Черный чай,"0,99",798,"790,02"
,3/3/2021,Organica,Бремен,Север,Специи,Базилик,"0,7",18,"12,6"
,3/3/2021,Organica,Бремен,Север,Сыры,Моцарелла,"0,59",93,"54,87"
,3/3/2021,Organica,Бремен,Север,Сухофрукты,Сушеные яблоки,"1,09",33,"35,97"
,3/3/2021,Sweetables,Гамбург,Север,Крупы,Рис,"0,96",464,"445,44"
,3/3/2021,NutriFix,Гамбург,Север,Масла,Сливочное масло,"1,5",344,516
,3/3/2021,Go Bio,Кёльн,Запад,Сухофрукты,Курага,"1,19",60,"71,4"
,3/3/2021,Go Bio,Кёльн,Запад,Крупы,Гречка,"1,4",89,"124,6"
,3/3/2021,Gold Food,Бремен,Север,Специи,Черный перец,"0,59",35,"20,65"
,3/3/2021,NutriFix,Бремен,Север,Сыры,Филадельфия ,"0,89",55,"48,95"
,3/3/2021,Cooking Corner,Штутгарт,Юг,Консервы,Говядина тушеная,"1,19",122,"145,18"
,3/3/2021,foodbite,Штутгарт,Юг,Сухофрукты,Курага,"1,19",174,"207,06"
,3/3/2021,foodbite,Штутгарт,Юг,Сладости,Мармелад,"0,6",160,96
,3/3/2021,Sweetables,Дрезден,Восток,Специи,Кориандр,"0,65",7,"4,55"
,3/3/2021,Sweetables,Дрезден,Восток,Сухофрукты,Сушеные яблоки,"1,09",34,"37,06"
,3/3/2021,Organica,Дрезден,Восток,Масла,Оливковое масло,"1,7",16,"27,2"
,3/3/2021,Organica,Берлин,Восток,Крупы,Перловка,"1,2",530,636
,3/3/2021,Organica,Гамбург,Север,Специи,Кориандр,"0,65",28,"18,2"
,3/3/2021,foodbite,Кёльн,Запад,Сладости,Зефир,"0,65",110,"71,5"
,3/4/2021,foodbite,Штутгарт,Юг,Масла,Оливковое масло,"1,7",172,"292,4"
,3/4/2021,foodbite,Штутгарт,Юг,Сладости,Зефир,"0,65",138,"89,7"
,3/4/2021,Organica,Дрезден,Восток,Сладости,Мармелад,"0,6",34,"20,4"
,3/4/2021,Cooking Corner,Кёльн,Запад,Сладости,Шоколад,"0,55",410,"225,5"
,3/4/2021,Cooking Corner,Берлин,Восток,Консервы,Шпроты,"1,15",162,"186,3"
,3/4/2021,foodbite,Берлин,Восток,Крупы,Перловка,"1,2",1177,"1412,4"
,3/4/2021,Gold Food,Берлин,Восток,Масла,Подсолнечное масло,"1,19",512,"609,28"
,3/4/2021,Sweetables,Франкфурт,Запад,Специи,Кориандр,"0,65",16,"10,4"
,3/4/2021,Sweetables,Франкфурт,Запад,Напитки,Черный чай,"0,99",82,"81,18"
,3/4/2021,mymeal,Бремен,Север,Масла,Сливочное масло,"1,5",180,270
,3/4/2021,Sweetables,Гамбург,Север,Крупы,Рис,"0,96",431,"413,76"
,3/4/2021,Organica,Кёльн,Запад,Крупы,Гречка,"1,4",123,"172,2"
,3/4/2021,Go Bio,Кёльн,Запад,Крупы,Рис,"0,96",197,"189,12"
,3/4/2021,foodbite,Дрезден,Восток,Сыры,Моцарелла,"0,59",107,"63,13"
,3/4/2021,foodbite,Дрезден,Восток,Крупы,Рис,"0,96",160,"153,6"
,3/4/2021,Organica,Гамбург,Север,Консервы,Килька в томате,"0,89",160,"142,4"
,3/4/2021,mymeal,Мюнхен,Юг,Сыры,Филадельфия ,"0,89",131,"116,59"
,3/4/2021,mymeal,Мюнхен,Юг,Консервы,Килька в томате,"0,89",121,"107,69"
,3/4/2021,mymeal,Мюнхен,Юг,Крупы,Перловка,"1,2",378,"453,6"
,3/4/2021,NutriFix,Мюнхен,Юг,Сладости,Шоколад,"0,55",494,"271,7"
,3/4/2021,Organica,Мюнхен,Юг,Крупы,Перловка,"1,2",153,"183,6"
,3/4/2021,foodbite,Кёльн,Запад,Специи,Черный перец,"0,59",439,"259,01"
,3/4/2021,foodbite,Кёльн,Запад,Консервы,Шпроты,"1,15",74,"85,1"
,3/5/2021,Sweetables,Дрезден,Восток,Крупы,Перловка,"1,2",85,102
,3/5/2021,Sweetables,Дрезден,Восток,Крупы,Гречка,"1,4",60,84
,3/5/2021,Organica,Дрезден,Восток,Специи,Кориандр,"0,65",6,"3,9"
,3/5/2021,Cooking Corner,Берлин,Восток,Сыры,Филадельфия ,"0,89",606,"539,34"
,3/5/2021,Cooking Corner,Кёльн,Запад,Сухофрукты,Курага,"1,19",98,"116,62"
,3/5/2021,mymeal,Франкфурт,Запад,Специи,Кориандр,"0,65",11,"7,15"
,3/5/2021,foodbite,Берлин,Восток,Консервы,Килька в томате,"0,89",370,"329,3"
,3/5/2021,Cooking Corner,Гамбург,Север,Сладости,Мармелад,"0,6",297,"178,2"
,3/5/2021,Cooking Corner,Гамбург,Север,Сыры,Филадельфия ,"0,89",349,"310,61"
,3/5/2021,Cooking Corner,Гамбург,Север,Специи,Кориандр,"0,65",84,"54,6"
,3/5/2021,Sweetables,Франкфурт,Запад,Напитки,Зеленый чай,"0,95",69,"65,55"
,3/5/2021,mymeal,Бремен,Север,Специи,Кориандр,"0,65",17,"11,05"
,3/5/2021,mymeal,Бремен,Север,Консервы,Говядина тушеная,"1,19",14,"16,66"
,3/5/2021,Organica,Штутгарт,Юг,Специи,Кориандр,"0,65",28,"18,2"
,3/5/2021,Organica,Штутгарт,Юг,Специи,Черный перец,"0,59",278,"164,02"
,3/5/2021,Go Bio,Бремен,Север,Сыры,Моцарелла,"0,59",91,"53,69"
,3/5/2021,Cooking Corner,Дрезден,Восток,Напитки,Черный чай,"0,99",63,"62,37"
,3/5/2021,foodbite,Дрезден,Восток,Сладости,Шоколад,"0,55",146,"80,3"
,3/5/2021,Organica,Гамбург,Север,Сладости,Шоколад,"0,55",268,"147,4"
,3/5/2021,mymeal,Кёльн,Запад,Сладости,Мармелад,"0,6",136,"81,6"
,3/6/2021,Sweetables,Дрезден,Восток,Крупы,Гречка,"1,4",44,"61,6"
,3/6/2021,mymeal,Франкфурт,Запад,Напитки,Кофе,"5,5",32,176
,3/6/2021,NutriFix,Гамбург,Север,Специи,Базилик,"0,7",53,"37,1"
,3/6/2021,Gold Food,Бремен,Север,Сладости,Зефир,"0,65",26,"16,9"
,3/6/2021,Gold Food,Бремен,Север,Сухофрукты,Сушеные яблоки,"1,09",44,"47,96"
,3/6/2021,Gold Food,Штутгарт,Юг,Сухофрукты,Изюм,"0,99",76,"75,24"
,3/6/2021,Gold Food,Штутгарт,Юг,Сладости,Шоколад,"0,55",216,"118,8"
,3/6/2021,Go Bio,Бремен,Север,Сухофрукты,Изюм,"0,99",40,"39,6"
,3/6/2021,NutriFix,Дрезден,Восток,Масла,Оливковое масло,"1,7",28,"47,6"
,3/6/2021,foodbite,Гамбург,Север,Крупы,Гречка,"1,4",408,"571,2"
,3/6/2021,mymeal,Гамбург,Север,Масла,Оливковое масло,"1,7",176,"299,2"
,3/6/2021,Cooking Corner,Кёльн,Запад,Консервы,Килька в томате,"0,89",144,"128,16"
,3/7/2021,mymeal,Берлин,Восток,Консервы,Килька в томате,"0,89",299,"266,11"
,3/7/2021,mymeal,Франкфурт,Запад,Сыры,Моцарелла,"0,59",131,"77,29"
,3/7/2021,mymeal,Штутгарт,Юг,Сладости,Мармелад,"0,6",116,"69,6"
,3/7/2021,NutriFix,Гамбург,Север,Консервы,Килька в томате,"0,89",147,"130,83"
,3/7/2021,mymeal,Франкфурт,Запад,Сухофрукты,Сушеные яблоки,"1,09",35,"38,15"
,3/7/2021,Gold Food,Бремен,Север,Сыры,Гауда,"1,59",163,"259,17"
,3/7/2021,Cooking Corner,Мюнхен,Юг,Специи,Черный перец,"0,59",655,"386,45"
,3/7/2021,foodbite,Гамбург,Север,Сухофрукты,Изюм,"0,99",246,"243,54"
,3/7/2021,foodbite,Гамбург,Север,Сухофрукты,Сушеные яблоки,"1,09",198,"215,82"
,3/8/2021,Organica,Мюнхен,Юг,Напитки,Зеленый чай,"0,95",111,"105,45"
,3/8/2021,Organica,Мюнхен,Юг,Сладости,Мармелад,"0,6",139,"83,4"
,3/8/2021,Gold Food,Франкфурт,Запад,Масла,Оливковое масло,"1,7",40,68
,3/8/2021,Go Bio,Франкфурт,Запад,Сухофрукты,Изюм,"0,99",43,"42,57"
,3/8/2021,Go Bio,Франкфурт,Запад,Специи,Базилик,"0,7",14,"9,8"
,3/8/2021,mymeal,Штутгарт,Юг,Масла,Сливочное масло,"1,5",360,540
,3/8/2021,foodbite,Франкфурт,Запад,Консервы,Говядина тушеная,"1,19",49,"58,31"
,3/8/2021,mymeal,Франкфурт,Запад,Сухофрукты,Курага,"1,19",37,"44,03"
,3/8/2021,mymeal,Франкфурт,Запад,Сладости,Шоколад,"0,55",177,"97,35"
,3/8/2021,Sweetables,Мюнхен,Юг,Напитки,Черный чай,"0,99",334,"330,66"
,3/8/2021,Sweetables,Мюнхен,Юг,Крупы,Рис,"0,96",484,"464,64"
,3/8/2021,Cooking Corner,Франкфурт,Запад,Масла,Сливочное масло,"1,5",187,"280,5"
,3/8/2021,Sweetables,Кёльн,Запад,Сыры,Гауда,"1,59",318,"505,62"
,3/8/2021,Sweetables,Кёльн,Запад,Специи,Базилик,"0,7",60,42
,3/9/2021,Go Bio,Берлин,Восток,Напитки,Черный чай,"0,99",509,"503,91"
,3/9/2021,mymeal,Гамбург,Север,Крупы,Перловка,"1,2",295,354
,3/9/2021,Gold Food,Мюнхен,Юг,Специи,Черный перец,"0,59",223,"131,57"
,3/9/2021,Organica,Мюнхен,Юг,Сладости,Шоколад,"0,55",293,"161,15"
,3/9/2021,Gold Food,Франкфурт,Запад,Консервы,Шпроты,"1,15",34,"39,1"
,3/9/2021,Go Bio,Франкфурт,Запад,Сладости,Зефир,"0,65",20,13
,3/9/2021,mymeal,Штутгарт,Юг,Масла,Оливковое масло,"1,7",76,"129,2"
,3/9/2021,foodbite,Франкфурт,Запад,Масла,Подсолнечное масло,"1,19",255,"303,45"
,3/9/2021,Sweetables,Мюнхен,Юг,Крупы,Рис,"0,96",507,"486,72"
,3/9/2021,Cooking Corner,Франкфурт,Запад,Сухофрукты,Сушеные яблоки,"1,09",73,"79,57"
,3/9/2021,mymeal,Франкфурт,Запад,Крупы,Рис,"0,96",169,"162,24"
,3/9/2021,foodbite,Штутгарт,Юг,Сладости,Шоколад,"0,55",494,"271,7"
,3/9/2021,foodbite,Штутгарт,Юг,Специи,Черный перец,"0,59",454,"267,86"
,3/9/2021,mymeal,Штутгарт,Юг,Крупы,Рис,"0,96",478,"458,88"
,3/9/2021,mymeal,Штутгарт,Юг,Напитки,Черный чай,"0,99",260,"257,4"
,3/9/2021,Sweetables,Кёльн,Запад,Консервы,Килька в томате,"0,89",103,"91,67"
,3/9/2021,foodbite,Бремен,Север,Специи,Кориандр,"0,65",19,"12,35"
,3/9/2021,foodbite,Бремен,Север,Специи,Базилик,"0,7",33,"23,1"
,3/9/2021,Go Bio,Гамбург,Север,Сыры,Гауда,"1,59",423,"672,57"
,3/9/2021,mymeal,Франкфурт,Запад,Консервы,Шпроты,"1,15",34,"39,1"
,3/10/2021,mymeal,Гамбург,Север,Сухофрукты,Курага,"1,19",133,"158,27"
,3/10/2021,Organica,Гамбург,Север,Сладости,Зефир,"0,65",81,"52,65"
,3/10/2021,Gold Food,Франкфурт,Запад,Сладости,Зефир,"0,65",17,"11,05"
,3/10/2021,Cooking Corner,Штутгарт,Юг,Масла,Сливочное масло,"1,5",608,912
,3/10/2021,Gold Food,Штутгарт,Юг,Напитки,Зеленый чай,"0,95",216,"205,2"
,3/10/2021,NutriFix,Штутгарт,Юг,Сыры,Филадельфия ,"0,89",84,"74,76"
,3/10/2021,Organica,Гамбург,Север,Напитки,Черный чай,"0,99",193,"191,07"
,3/10/2021,Cooking Corner,Франкфурт,Запад,Сухофрукты,Изюм,"0,99",114,"112,86"
,3/10/2021,Cooking Corner,Франкфурт,Запад,Сладости,Шоколад,"0,55",333,"183,15"
,3/10/2021,foodbite,Франкфурт,Запад,Сыры,Моцарелла,"0,59",151,"89,09"
,3/10/2021,mymeal,Мюнхен,Юг,Сухофрукты,Изюм,"0,99",115,"113,85"
,3/10/2021,mymeal,Мюнхен,Юг,Крупы,Рис,"0,96",295,"283,2"
,3/10/2021,Cooking Corner,Франкфурт,Запад,Масла,Сливочное масло,"1,5",166,249
,3/10/2021,Gold Food,Франкфурт,Запад,Сыры,Гауда,"1,59",141,"224,19"
,3/10/2021,Gold Food,Франкфурт,Запад,Сухофрукты,Курага,"1,19",41,"48,79"
,3/10/2021,mymeal,Штутгарт,Юг,Консервы,Говядина тушеная,"1,19",40,"47,6"
,3/10/2021,Cooking Corner,Штутгарт,Юг,Сладости,Шоколад,"0,55",838,"460,9"
,3/10/2021,Cooking Corner,Штутгарт,Юг,Сладости,Зефир,"0,65",124,"80,6"
,3/10/2021,Cooking Corner,Штутгарт,Юг,Консервы,Говядина тушеная,"1,19",142,"168,98"
,3/10/2021,foodbite,Бремен,Север,Консервы,Шпроты,"1,15",40,46
,3/10/2021,mymeal,Бремен,Север,Масла,Сливочное масло,"1,5",134,201
,3/10/2021,Organica,Гамбург,Север,Специи,Кориандр,"0,65",29,"18,85"
,3/10/2021,Cooking Corner,Франкфурт,Запад,Сладости,Шоколад,"0,55",185,"101,75"
,3/10/2021,mymeal,Франкфурт,Запад,Сладости,Мармелад,"0,6",42,"25,2"
,3/11/2021,Organica,Гамбург,Север,Напитки,Зеленый чай,"0,95",158,"150,1"
,3/11/2021,foodbite,Штутгарт,Юг,Крупы,Рис,"0,96",740,"710,4"
,3/11/2021,NutriFix,Штутгарт,Юг,Консервы,Говядина тушеная,"1,19",56,"66,64"
,3/11/2021,NutriFix,Штутгарт,Юг,Напитки,Зеленый чай,"0,95",322,"305,9"
,3/11/2021,Organica,Гамбург,Север,Напитки,Кофе,"5,5",53,"291,5"
,3/11/2021,Cooking Corner,Франкфурт,Запад,Консервы,Шпроты,"1,15",90,"103,5"
,3/11/2021,Go Bio,Гамбург,Север,Сухофрукты,Курага,"1,19",76,"90,44"
,3/11/2021,Go Bio,Кёльн,Запад,Сухофрукты,Сушеные яблоки,"1,09",67,"73,03"
,3/11/2021,mymeal,Бремен,Север,Крупы,Гречка,"1,4",62,"86,8"
,3/11/2021,Gold Food,Бремен,Север,Напитки,Кофе,"5,5",26,143
,3/11/2021,NutriFix,Бремен,Север,Сыры,Филадельфия ,"0,89",50,"44,5"
,3/11/2021,NutriFix,Бремен,Север,Сыры,Моцарелла,"0,59",121,"71,39"
,3/11/2021,Go Bio,Бремен,Север,Сыры,Моцарелла,"0,59",95,"56,05"
,3/11/2021,NutriFix,Гамбург,Север,Сладости,Шоколад,"0,55",340,187
,3/11/2021,Organica,Гамбург,Север,Крупы,Перловка,"1,2",190,228
,3/11/2021,foodbite,Мюнхен,Юг,Крупы,Гречка,"1,4",345,483
,3/11/2021,Organica,Бремен,Север,Сыры,Гауда,"1,59",95,"151,05"
,3/12/2021,Organica,Гамбург,Север,Крупы,Гречка,"1,4",195,273
,3/12/2021,Cooking Corner,Мюнхен,Юг,Сухофрукты,Сушеные яблоки,"1,09",217,"236,53"
,3/12/2021,Organica,Гамбург,Север,Консервы,Шпроты,"1,15",119,"136,85"
,3/12/2021,Go Bio,Франкфурт,Запад,Консервы,Килька в томате,"0,89",39,"34,71"
,3/12/2021,NutriFix,Берлин,Восток,Сухофрукты,Сушеные яблоки,"1,09",192,"209,28"
,3/12/2021,NutriFix,Берлин,Восток,Крупы,Гречка,"1,4",300,420
,3/12/2021,Gold Food,Гамбург,Север,Напитки,Зеленый чай,"0,95",171,"162,45"
,3/12/2021,Gold Food,Гамбург,Север,Сладости,Шоколад,"0,55",316,"173,8"
,3/12/2021,Go Bio,Кёльн,Запад,Напитки,Зеленый чай,"0,95",150,"142,5"
,3/12/2021,Cooking Corner,Франкфурт,Запад,Консервы,Говядина тушеная,"1,19",24,"28,56"
,3/12/2021,NutriFix,Франкфурт,Запад,Сладости,Мармелад,"0,6",34,"20,4"
,3/12/2021,NutriFix,Франкфурт,Запад,Консервы,Говядина тушеная,"1,19",24,"28,56"
,3/12/2021,Organica,Франкфурт,Запад,Напитки,Кофе,"5,5",40,220
,3/12/2021,NutriFix,Бремен,Север,Специи,Базилик,"0,7",27,"18,9"
,3/12/2021,Go Bio,Бремен,Север,Сухофрукты,Изюм,"0,99",48,"47,52"
,3/12/2021,mymeal,Гамбург,Север,Консервы,Килька в томате,"0,89",143,"127,27"
,3/12/2021,mymeal,Гамбург,Север,Специи,Черный перец,"0,59",134,"79,06"
,3/12/2021,NutriFix,Гамбург,Север,Масла,Оливковое масло,"1,7",151,"256,7"
,3/12/2021,NutriFix,Гамбург,Север,Крупы,Гречка,"1,4",187,"261,8"
,3/12/2021,Organica,Гамбург,Север,Сладости,Мармелад,"0,6",97,"58,2"
,3/12/2021,foodbite,Мюнхен,Юг,Сухофрукты,Курага,"1,19",157,"186,83"
,3/12/2021,Organica,Бремен,Север,Крупы,Гречка,"1,4",57,"79,8"
,3/12/2021,Organica,Бремен,Север,Специи,Базилик,"0,7",14,"9,8"
,3/12/2021,Cooking Corner,Франкфурт,Запад,Специи,Кориандр,"0,65",16,"10,4"
,3/12/2021,Cooking Corner,Франкфурт,Запад,Специи,Кориандр,"0,65",20,13
,3/12/2021,foodbite,Франкфурт,Запад,Сладости,Зефир,"0,65",53,"34,45"
,3/12/2021,Cooking Corner,Штутгарт,Юг,Сухофрукты,Изюм,"0,99",246,"243,54"
,3/12/2021,Cooking Corner,Штутгарт,Юг,Напитки,Кофе,"5,5",260,1430
,3/13/2021,Cooking Corner,Мюнхен,Юг,Крупы,Рис,"0,96",941,"903,36"
,3/13/2021,Cooking Corner,Кёльн,Запад,Специи,Базилик,"0,7",74,"51,8"
,3/13/2021,Cooking Corner,Кёльн,Запад,Масла,Оливковое масло,"1,7",174,"295,8"
,3/13/2021,mymeal,Берлин,Восток,Сыры,Гауда,"1,59",630,"1001,7"
,3/13/2021,Sweetables,Берлин,Восток,Крупы,Рис,"0,96",896,"860,16"
,3/13/2021,Sweetables,Берлин,Восток,Крупы,Гречка,"1,4",320,448
,3/13/2021,Gold Food,Гамбург,Север,Сыры,Гауда,"1,59",540,"858,6"
,3/13/2021,mymeal,Кёльн,Запад,Крупы,Перловка,"1,2",222,"266,4"
,3/13/2021,foodbite,Штутгарт,Юг,Крупы,Гречка,"1,4",342,"478,8"
,3/13/2021,mymeal,Штутгарт,Юг,Напитки,Кофе,"5,5",64,352
,3/13/2021,Organica,Берлин,Восток,Крупы,Гречка,"1,4",269,"376,6"
,3/13/2021,mymeal,Гамбург,Север,Сладости,Шоколад,"0,55",416,"228,8"
,3/13/2021,Sweetables,Франкфурт,Запад,Сыры,Филадельфия ,"0,89",46,"40,94"
,3/13/2021,Organica,Франкфурт,Запад,Напитки,Зеленый чай,"0,95",25,"23,75"
,3/13/2021,Cooking Corner,Бремен,Север,Напитки,Кофе,"5,5",114,627
,3/13/2021,Cooking Corner,Бремен,Север,Масла,Оливковое масло,"1,7",79,"134,3"
,3/13/2021,mymeal,Дрезден,Восток,Специи,Кориандр,"0,65",8,"5,2"
,3/13/2021,Gold Food,Дрезден,Восток,Крупы,Рис,"0,96",123,"118,08"
,3/13/2021,foodbite,Гамбург,Север,Консервы,Килька в томате,"0,89",262,"233,18"
,3/13/2021,mymeal,Гамбург,Север,Сыры,Моцарелла,"0,59",256,"151,04"
,3/13/2021,foodbite,Мюнхен,Юг,Напитки,Кофе,"5,5",91,"500,5"
,3/13/2021,Cooking Corner,Кёльн,Запад,Специи,Базилик,"0,7",118,"82,6"
,3/13/2021,Organica,Кёльн,Запад,Консервы,Шпроты,"1,15",67,"77,05"
,3/13/2021,Go Bio,Штутгарт,Юг,Сухофрукты,Сушеные яблоки,"1,09",58,"63,22"
,3/13/2021,Sweetables,Кёльн,Запад,Крупы,Рис,"0,96",236,"226,56"
,3/13/2021,Sweetables,Кёльн,Запад,Специи,Черный перец,"0,59",325,"191,75"
,3/13/2021,Cooking Corner,Франкфурт,Запад,Напитки,Кофе,"5,5",65,"357,5"
,3/13/2021,Cooking Corner,Штутгарт,Юг,Масла,Сливочное масло,"1,5",598,897
,3/13/2021,foodbite,Дрезден,Восток,Специи,Черный перец,"0,59",159,"93,81"
,3/14/2021,Go Bio,Гамбург,Север,Масла,Подсолнечное масло,"1,19",314,"373,66"
,3/14/2021,Cooking Corner,Кёльн,Запад,Сыры,Филадельфия ,"0,89",230,"204,7"
,3/14/2021,Gold Food,Штутгарт,Юг,Консервы,Шпроты,"1,15",80,92
,3/14/2021,Organica,Штутгарт,Юг,Масла,Оливковое масло,"1,7",88,"149,6"
,3/14/2021,Organica,Штутгарт,Юг,Сладости,Мармелад,"0,6",96,"57,6"
,3/14/2021,Organica,Штутгарт,Юг,Сухофрукты,Изюм,"0,99",72,"71,28"
,3/14/2021,mymeal,Берлин,Восток,Специи,Базилик,"0,7",161,"112,7"
,3/14/2021,Sweetables,Берлин,Восток,Напитки,Кофе,"5,5",295,"1622,5"
,3/14/2021,NutriFix,Гамбург,Север,Сыры,Гауда,"1,59",573,"911,07"
,3/14/2021,Organica,Гамбург,Север,Масла,Сливочное масло,"1,5",240,360
,3/14/2021,mymeal,Кёльн,Запад,Напитки,Кофе,"5,5",79,"434,5"
,3/14/2021,Gold Food,Кёльн,Запад,Масла,Подсолнечное масло,"1,19",168,"199,92"
,3/14/2021,foodbite,Штутгарт,Юг,Сыры,Гауда,"1,59",498,"791,82"
,3/14/2021,mymeal,Штутгарт,Юг,Сухофрукты,Изюм,"0,99",104,"102,96"
,3/14/2021,NutriFix,Штутгарт,Юг,Сухофрукты,Сушеные яблоки,"1,09",68,"74,12"
,3/14/2021,NutriFix,Кёльн,Запад,Консервы,Килька в томате,"0,89",84,"74,76"
,3/14/2021,Organica,Берлин,Восток,Сухофрукты,Курага,"1,19",138,"164,22"
,3/14/2021,mymeal,Гамбург,Север,Напитки,Кофе,"5,5",145,"797,5"
,3/14/2021,NutriFix,Кёльн,Запад,Напитки,Черный чай,"0,99",64,"63,36"
,3/14/2021,Cooking Corner,Франкфурт,Запад,Напитки,Зеленый чай,"0,95",230,"218,5"
,3/14/2021,Organica,Франкфурт,Запад,Сухофрукты,Сушеные яблоки,"1,09",22,"23,98"
,3/14/2021,mymeal,Дрезден,Восток,Консервы,Говядина тушеная,"1,19",23,"27,37"
,3/14/2021,NutriFix,Дрезден,Восток,Сладости,Зефир,"0,65",16,"10,4"
,3/14/2021,NutriFix,Дрезден,Восток,Масла,Подсолнечное масло,"1,19",57,"67,83"
,3/14/2021,Gold Food,Дрезден,Восток,Напитки,Зеленый чай,"0,95",88,"83,6"
,3/14/2021,Sweetables,Кёльн,Запад,Сыры,Моцарелла,"0,59",207,"122,13"
,3/14/2021,Sweetables,Кёльн,Запад,Сладости,Зефир,"0,65",59,"38,35"
,3/14/2021,Gold Food,Франкфурт,Запад,Крупы,Гречка,"1,4",70,98
,3/14/2021,Sweetables,Гамбург,Север,Сыры,Гауда,"1,59",521,"828,39"
,3/14/2021,mymeal,Мюнхен,Юг,Сыры,Филадельфия ,"0,89",154,"137,06"
,3/14/2021,Cooking Corner,Кёльн,Запад,Напитки,Черный чай,"0,99",417,"412,83"
,3/14/2021,Sweetables,Кёльн,Запад,Напитки,Кофе,"5,5",122,671
,3/14/2021,Go Bio,Штутгарт,Юг,Сладости,Шоколад,"0,55",404,"222,2"
,3/14/2021,Go Bio,Штутгарт,Юг,Напитки,Зеленый чай,"0,95",214,"203,3"
,3/14/2021,Gold Food,Бремен,Север,Напитки,Черный чай,"0,99",40,"39,6"
,3/14/2021,foodbite,Дрезден,Восток,Специи,Базилик,"0,7",34,"23,8"
,3/15/2021,Go Bio,Гамбург,Север,Крупы,Рис,"0,96",316,"303,36"
,3/15/2021,Cooking Corner,Франкфурт,Запад,Сладости,Зефир,"0,65",34,"22,1"
,3/15/2021,Cooking Corner,Франкфурт,Запад,Напитки,Кофе,"5,5",36,198
,3/15/2021,Cooking Corner,Франкфурт,Запад,Специи,Черный перец,"0,59",258,"152,22"
,3/15/2021,Gold Food,Штутгарт,Юг,Сладости,Мармелад,"0,6",122,"73,2"
,3/15/2021,Gold Food,Штутгарт,Юг,Сухофрукты,Сушеные яблоки,"1,09",88,"95,92"
,3/15/2021,foodbite,Берлин,Восток,Напитки,Черный чай,"0,99",510,"504,9"
,3/15/2021,foodbite,Берлин,Восток,Напитки,Зеленый чай,"0,95",758,"720,1"
,3/15/2021,NutriFix,Гамбург,Север,Специи,Кориандр,"0,65",50,"32,5"
,3/15/2021,NutriFix,Гамбург,Север,Сухофрукты,Изюм,"0,99",168,"166,32"
,3/15/2021,Gold Food,Кёльн,Запад,Специи,Базилик,"0,7",49,"34,3"
,3/15/2021,Gold Food,Кёльн,Запад,Сладости,Шоколад,"0,55",356,"195,8"
,3/15/2021,NutriFix,Штутгарт,Юг,Сухофрукты,Изюм,"0,99",88,"87,12"
,3/15/2021,NutriFix,Штутгарт,Юг,Сыры,Филадельфия ,"0,89",76,"67,64"
,3/15/2021,Sweetables,Кёльн,Запад,Сыры,Филадельфия ,"0,89",77,"68,53"
,3/15/2021,NutriFix,Кёльн,Запад,Масла,Оливковое масло,"1,7",80,136
,3/15/2021,Organica,Кёльн,Запад,Крупы,Перловка,"1,2",195,234
,3/15/2021,Gold Food,Берлин,Восток,Сладости,Шоколад,"0,55",817,"449,35"
,3/15/2021,Gold Food,Берлин,Восток,Сыры,Гауда,"1,59",950,"1510,5"
,3/15/2021,Gold Food,Берлин,Восток,Сухофрукты,Изюм,"0,99",172,"170,28"
,3/15/2021,mymeal,Гамбург,Север,Специи,Кориандр,"0,65",49,"31,85"
,3/15/2021,NutriFix,Кёльн,Запад,Консервы,Говядина тушеная,"1,19",29,"34,51"
,3/15/2021,NutriFix,Кёльн,Запад,Специи,Черный перец,"0,59",215,"126,85"
,3/15/2021,Cooking Corner,Франкфурт,Запад,Крупы,Рис,"0,96",300,288
,3/15/2021,foodbite,Франкфурт,Запад,Сыры,Филадельфия ,"0,89",76,"67,64"
,3/15/2021,foodbite,Штутгарт,Юг,Сладости,Зефир,"0,65",122,"79,3"
,3/15/2021,Gold Food,Дрезден,Восток,Консервы,Килька в томате,"0,89",27,"24,03"
,3/15/2021,Cooking Corner,Дрезден,Восток,Сухофрукты,Курага,"1,19",50,"59,5"
,3/15/2021,foodbite,Дрезден,Восток,Сладости,Шоколад,"0,55",253,"139,15"
,3/15/2021,Sweetables,Мюнхен,Юг,Сладости,Зефир,"0,65",85,"55,25"
,3/15/2021,Go Bio,Мюнхен,Юг,Масла,Подсолнечное масло,"1,19",213,"253,47"
,3/15/2021,Sweetables,Кёльн,Запад,Напитки,Кофе,"5,5",66,363
,3/15/2021,Gold Food,Франкфурт,Запад,Масла,Сливочное масло,"1,5",78,117
,3/15/2021,Organica,Штутгарт,Юг,Крупы,Рис,"0,96",192,"184,32"
,3/15/2021,Organica,Штутгарт,Юг,Сладости,Мармелад,"0,6",94,"56,4"
,3/15/2021,Go Bio,Берлин,Восток,Специи,Черный перец,"0,59",532,"313,88"
,3/15/2021,Sweetables,Гамбург,Север,Напитки,Кофе,"5,5",228,1254
,3/15/2021,Sweetables,Гамбург,Север,Сыры,Филадельфия ,"0,89",159,"141,51"
,3/15/2021,NutriFix,Мюнхен,Юг,Консервы,Килька в томате,"0,89",159,"141,51"
,3/15/2021,Cooking Corner,Кёльн,Запад,Крупы,Гречка,"1,4",263,"368,2"
,3/15/2021,mymeal,Бремен,Север,Масла,Подсолнечное масло,"1,19",166,"197,54"
,3/15/2021,Gold Food,Бремен,Север,Сухофрукты,Изюм,"0,99",41,"40,59"
,3/15/2021,Gold Food,Бремен,Север,Сыры,Гауда,"1,59",93,"147,87"
,3/15/2021,foodbite,Дрезден,Восток,Специи,Кориандр,"0,65",20,13
,3/16/2021,mymeal,Мюнхен,Юг,Напитки,Зеленый чай,"0,95",105,"99,75"
,3/16/2021,mymeal,Мюнхен,Юг,Специи,Базилик,"0,7",64,"44,8"
,3/16/2021,Go Bio,Кёльн,Запад,Крупы,Перловка,"1,2",164,"196,8"
,3/16/2021,mymeal,Штутгарт,Юг,Сухофрукты,Курага,"1,19",118,"140,42"
,3/16/2021,mymeal,Штутгарт,Юг,Крупы,Рис,"0,96",316,"303,36"
,3/16/2021,foodbite,Берлин,Восток,Сладости,Мармелад,"0,6",609,"365,4"
,3/16/2021,Organica,Штутгарт,Юг,Сладости,Зефир,"0,65",54,"35,1"
,3/16/2021,Cooking Corner,Бремен,Север,Специи,Черный перец,"0,59",239,"141,01"
,3/16/2021,Cooking Corner,Бремен,Север,Сыры,Моцарелла,"0,59",166,"97,94"
,3/16/2021,Cooking Corner,Бремен,Север,Масла,Подсолнечное масло,"1,19",202,"240,38"
,3/16/2021,foodbite,Кёльн,Запад,Крупы,Гречка,"1,4",201,"281,4"
,3/16/2021,Sweetables,Кёльн,Запад,Напитки,Кофе,"5,5",134,737
,3/16/2021,Go Bio,Кёльн,Запад,Сыры,Гауда,"1,59",288,"457,92"
,3/16/2021,Cooking Corner,Бремен,Север,Сыры,Гауда,"1,59",348,"553,32"
,3/16/2021,Gold Food,Дрезден,Восток,Напитки,Зеленый чай,"0,95",35,"33,25"
,3/16/2021,Sweetables,Берлин,Восток,Сыры,Гауда,"1,59",1025,"1629,75"
,3/16/2021,Gold Food,Гамбург,Север,Напитки,Кофе,"5,5",156,858
,3/16/2021,Gold Food,Гамбург,Север,Сладости,Мармелад,"0,6",202,"121,2"
,3/16/2021,foodbite,Франкфурт,Запад,Сухофрукты,Изюм,"0,99",74,"73,26"
,3/16/2021,foodbite,Штутгарт,Юг,Специи,Базилик,"0,7",136,"95,2"
,3/16/2021,Gold Food,Дрезден,Восток,Консервы,Говядина тушеная,"1,19",16,"19,04"
,3/16/2021,Gold Food,Дрезден,Восток,Напитки,Черный чай,"0,99",82,"81,18"
,3/16/2021,foodbite,Берлин,Восток,Напитки,Кофе,"5,5",438,2409
,3/16/2021,Go Bio,Бремен,Север,Масла,Оливковое масло,"1,7",28,"47,6"
,3/16/2021,Go Bio,Дрезден,Восток,Сладости,Зефир,"0,65",10,"6,5"
,3/16/2021,Cooking Corner,Дрезден,Восток,Сыры,Моцарелла,"0,59",112,"66,08"
,3/16/2021,Cooking Corner,Дрезден,Восток,Сладости,Зефир,"0,65",27,"17,55"
,3/16/2021,Sweetables,Мюнхен,Юг,Сухофрукты,Сушеные яблоки,"1,09",119,"129,71"
,3/16/2021,Gold Food,Мюнхен,Юг,Напитки,Кофе,"5,5",148,814
,3/16/2021,Gold Food,Мюнхен,Юг,Специи,Базилик,"0,7",49,"34,3"
,3/16/2021,Go Bio,Мюнхен,Юг,Сладости,Мармелад,"0,6",92,"55,2"
,3/16/2021,Go Bio,Мюнхен,Юг,Масла,Подсолнечное масло,"1,19",200,238
,3/16/2021,Sweetables,Дрезден,Восток,Масла,Сливочное масло,"1,5",74,111
,3/16/2021,Gold Food,Штутгарт,Юг,Сыры,Гауда,"1,59",270,"429,3"
,3/16/2021,Gold Food,Берлин,Восток,Сыры,Моцарелла,"0,59",532,"313,88"
,3/16/2021,Cooking Corner,Гамбург,Север,Сыры,Гауда,"1,59",979,"1556,61"
,3/16/2021,Cooking Corner,Гамбург,Север,Масла,Сливочное масло,"1,5",937,"1405,5"
,3/16/2021,Cooking Corner,Гамбург,Север,Сухофрукты,Курага,"1,19",195,"232,05"
,3/16/2021,Sweetables,Гамбург,Север,Сухофрукты,Изюм,"0,99",167,"165,33"
,3/16/2021,Sweetables,Гамбург,Север,Напитки,Зеленый чай,"0,95",609,"578,55"
,3/16/2021,NutriFix,Мюнхен,Юг,Сладости,Зефир,"0,65",70,"45,5"
,3/16/2021,mymeal,Бремен,Север,Напитки,Зеленый чай,"0,95",177,"168,15"
,3/16/2021,mymeal,Бремен,Север,Сухофрукты,Изюм,"0,99",52,"51,48"
,3/16/2021,mymeal,Дрезден,Восток,Масла,Сливочное масло,"1,5",102,153
,3/17/2021,Gold Food,Кёльн,Запад,Крупы,Гречка,"1,4",109,"152,6"
,3/17/2021,Organica,Кёльн,Запад,Сыры,Гауда,"1,59",193,"306,87"
,3/17/2021,Organica,Кёльн,Запад,Сухофрукты,Курага,"1,19",69,"82,11"
,3/17/2021,Go Bio,Кёльн,Запад,Сладости,Мармелад,"0,6",81,"48,6"
,3/17/2021,mymeal,Штутгарт,Юг,Крупы,Перловка,"1,2",212,"254,4"
,3/17/2021,Sweetables,Штутгарт,Юг,Специи,Кориандр,"0,65",36,"23,4"
,3/17/2021,Sweetables,Штутгарт,Юг,Напитки,Зеленый чай,"0,95",334,"317,3"
,3/17/2021,Organica,Штутгарт,Юг,Сладости,Шоколад,"0,55",278,"152,9"
,3/17/2021,Go Bio,Кёльн,Запад,Сладости,Мармелад,"0,6",73,"43,8"
,3/17/2021,Go Bio,Кёльн,Запад,Масла,Оливковое масло,"1,7",69,"117,3"
,3/17/2021,Organica,Франкфурт,Запад,Напитки,Черный чай,"0,99",75,"74,25"
,3/17/2021,Gold Food,Дрезден,Восток,Масла,Сливочное масло,"1,5",84,126
,3/17/2021,NutriFix,Дрезден,Восток,Напитки,Зеленый чай,"0,95",96,"91,2"
,3/17/2021,NutriFix,Дрезден,Восток,Специи,Черный перец,"0,59",87,"51,33"
,3/17/2021,foodbite,Берлин,Восток,Масла,Оливковое масло,"1,7",445,"756,5"
,3/17/2021,Sweetables,Берлин,Восток,Сухофрукты,Изюм,"0,99",222,"219,78"
,3/17/2021,Sweetables,Гамбург,Север,Специи,Черный перец,"0,59",430,"253,7"
,3/17/2021,Go Bio,Гамбург,Север,Сладости,Мармелад,"0,6",105,63
,3/17/2021,Sweetables,Мюнхен,Юг,Крупы,Гречка,"1,4",208,"291,2"
,3/17/2021,foodbite,Берлин,Восток,Напитки,Кофе,"5,5",510,2805
,3/17/2021,mymeal,Берлин,Восток,Масла,Оливковое масло,"1,7",231,"392,7"
,3/17/2021,Organica,Дрезден,Восток,Сладости,Шоколад,"0,55",72,"39,6"
,3/17/2021,Go Bio,Бремен,Север,Масла,Подсолнечное масло,"1,19",84,"99,96"
,3/17/2021,Go Bio,Дрезден,Восток,Масла,Оливковое масло,"1,7",27,"45,9"
,3/17/2021,Go Bio,Дрезден,Восток,Консервы,Шпроты,"1,15",24,"27,6"
,3/17/2021,NutriFix,Штутгарт,Юг,Крупы,Перловка,"1,2",170,204
,3/17/2021,Go Bio,Штутгарт,Юг,Крупы,Перловка,"1,2",126,"151,2"
,3/17/2021,Cooking Corner,Штутгарт,Юг,Консервы,Шпроты,"1,15",164,"188,6"
,3/17/2021,Sweetables,Дрезден,Восток,Сыры,Моцарелла,"0,59",70,"41,3"
,3/17/2021,Cooking Corner,Штутгарт,Юг,Консервы,Килька в томате,"0,89",232,"206,48"
,3/17/2021,Gold Food,Штутгарт,Юг,Масла,Подсолнечное масло,"1,19",188,"223,72"
,3/17/2021,Gold Food,Бремен,Север,Специи,Кориандр,"0,65",11,"7,15"
,3/17/2021,Go Bio,Бремен,Север,Сухофрукты,Изюм,"0,99",49,"48,51"
,3/17/2021,Gold Food,Франкфурт,Запад,Специи,Базилик,"0,7",22,"15,4"
,3/17/2021,mymeal,Штутгарт,Юг,Сладости,Мармелад,"0,6",130,78
,3/17/2021,Sweetables,Кёльн,Запад,Консервы,Килька в томате,"0,89",113,"100,57"
,3/17/2021,Sweetables,Дрезден,Восток,Специи,Черный перец,"0,59",34,"20,06"
,3/17/2021,NutriFix,Дрезден,Восток,Сыры,Моцарелла,"0,59",78,"46,02"
,3/17/2021,Cooking Corner,Берлин,Восток,Консервы,Килька в томате,"0,89",438,"389,82"
,3/17/2021,Go Bio,Берлин,Восток,Специи,Базилик,"0,7",114,"79,8"
,3/17/2021,Go Bio,Берлин,Восток,Масла,Подсолнечное масло,"1,19",504,"599,76"
,3/17/2021,mymeal,Дрезден,Восток,Сухофрукты,Изюм,"0,99",45,"44,55"
,3/17/2021,mymeal,Дрезден,Восток,Сладости,Шоколад,"0,55",102,"56,1"
,3/17/2021,Organica,Берлин,Восток,Сухофрукты,Изюм,"0,99",171,"169,29"
,3/17/2021,Organica,Берлин,Восток,Сыры,Гауда,"1,59",416,"661,44"
,3/17/2021,NutriFix,Дрезден,Восток,Консервы,Говядина тушеная,"1,19",8,"9,52"
,3/17/2021,Sweetables,Гамбург,Север,Напитки,Кофе,"5,5",171,"940,5"
,3/17/2021,Cooking Corner,Мюнхен,Юг,Специи,Черный перец,"0,59",720,"424,8"
,3/18/2021,Sweetables,Мюнхен,Юг,Масла,Подсолнечное масло,"1,19",354,"421,26"
,3/18/2021,Gold Food,Кёльн,Запад,Масла,Подсолнечное масло,"1,19",275,"327,25"
,3/18/2021,Organica,Кёльн,Запад,Сухофрукты,Изюм,"0,99",88,"87,12"
,3/18/2021,Gold Food,Бремен,Север,Специи,Базилик,"0,7",23,"16,1"
,3/18/2021,Go Bio,Бремен,Север,Сухофрукты,Сушеные яблоки,"1,09",30,"32,7"
,3/18/2021,Sweetables,Бремен,Север,Сыры,Филадельфия ,"0,89",39,"34,71"
,3/18/2021,Go Bio,Бремен,Север,Специи,Черный перец,"0,59",107,"63,13"
,3/18/2021,Organica,Мюнхен,Юг,Консервы,Шпроты,"1,15",51,"58,65"
,3/18/2021,Organica,Франкфурт,Запад,Сухофрукты,Сушеные яблоки,"1,09",30,"32,7"
,3/18/2021,foodbite,Берлин,Восток,Напитки,Зеленый чай,"0,95",398,"378,1"
,3/18/2021,foodbite,Берлин,Восток,Сухофрукты,Сушеные яблоки,"1,09",258,"281,22"
,3/18/2021,Go Bio,Гамбург,Север,Масла,Оливковое масло,"1,7",107,"181,9"
,3/18/2021,Sweetables,Мюнхен,Юг,Сыры,Гауда,"1,59",320,"508,8"
,3/18/2021,Sweetables,Мюнхен,Юг,Сыры,Моцарелла,"0,59",220,"129,8"
,3/18/2021,NutriFix,Мюнхен,Юг,Консервы,Килька в томате,"0,89",152,"135,28"
,3/18/2021,Sweetables,Дрезден,Восток,Специи,Кориандр,"0,65",11,"7,15"
,3/18/2021,Sweetables,Дрезден,Восток,Масла,Подсолнечное масло,"1,19",111,"132,09"
,3/18/2021,mymeal,Берлин,Восток,Сухофрукты,Курага,"1,19",146,"173,74"
,3/18/2021,mymeal,Берлин,Восток,Специи,Базилик,"0,7",138,"96,6"
,3/18/2021,Organica,Дрезден,Восток,Специи,Черный перец,"0,59",51,"30,09"
,3/18/2021,Go Bio,Бремен,Север,Масла,Подсолнечное масло,"1,19",83,"98,77"
,3/18/2021,mymeal,Штутгарт,Юг,Масла,Сливочное масло,"1,5",344,516
,3/18/2021,NutriFix,Штутгарт,Юг,Специи,Базилик,"0,7",54,"37,8"
,3/18/2021,Cooking Corner,Штутгарт,Юг,Крупы,Перловка,"1,2",436,"523,2"
,3/18/2021,Cooking Corner,Штутгарт,Юг,Крупы,Перловка,"1,2",440,528
,3/18/2021,mymeal,Дрезден,Восток,Консервы,Килька в томате,"0,89",43,"38,27"
,3/18/2021,mymeal,Дрезден,Восток,Крупы,Рис,"0,96",101,"96,96"
,3/18/2021,Sweetables,Мюнхен,Юг,Консервы,Шпроты,"1,15",81,"93,15"
,3/18/2021,Sweetables,Мюнхен,Юг,Сладости,Шоколад,"0,55",444,"244,2"
,3/18/2021,Go Bio,Бремен,Север,Сладости,Шоколад,"0,55",79,"43,45"
,3/18/2021,Gold Food,Франкфурт,Запад,Консервы,Говядина тушеная,"1,19",22,"26,18"
,3/18/2021,mymeal,Штутгарт,Юг,Напитки,Черный чай,"0,99",122,"120,78"
,3/18/2021,Go Bio,Мюнхен,Юг,Консервы,Говядина тушеная,"1,19",60,"71,4"
,3/18/2021,Sweetables,Дрезден,Восток,Масла,Подсолнечное масло,"1,19",71,"84,49"
,3/18/2021,Sweetables,Дрезден,Восток,Напитки,Зеленый чай,"0,95",116,"110,2"
,3/18/2021,Cooking Corner,Берлин,Восток,Сухофрукты,Изюм,"0,99",373,"369,27"
,3/18/2021,foodbite,Берлин,Восток,Специи,Базилик,"0,7",292,"204,4"
,3/18/2021,NutriFix,Гамбург,Север,Напитки,Кофе,"5,5",115,"632,5"
,3/19/2021,Gold Food,Мюнхен,Юг,Напитки,Зеленый чай,"0,95",344,"326,8"
,3/19/2021,Gold Food,Мюнхен,Юг,Сладости,Шоколад,"0,55",527,"289,85"
,3/19/2021,Gold Food,Мюнхен,Юг,Масла,Оливковое масло,"1,7",96,"163,2"
,3/19/2021,Gold Food,Бремен,Север,Масла,Оливковое масло,"1,7",43,"73,1"
,3/19/2021,NutriFix,Дрезден,Восток,Сыры,Моцарелла,"0,59",86,"50,74"
,3/19/2021,Go Bio,Дрезден,Восток,Крупы,Рис,"0,96",77,"73,92"
,3/19/2021,Sweetables,Бремен,Север,Сыры,Моцарелла,"0,59",74,"43,66"
,3/19/2021,Go Bio,Бремен,Север,Сухофрукты,Сушеные яблоки,"1,09",29,"31,61"
,3/19/2021,mymeal,Гамбург,Север,Специи,Кориандр,"0,65",35,"22,75"
,3/19/2021,foodbite,Мюнхен,Юг,Сыры,Филадельфия ,"0,89",288,"256,32"
,3/19/2021,mymeal,Штутгарт,Юг,Сухофрукты,Изюм,"0,99",118,"116,82"
,3/19/2021,Go Bio,Гамбург,Север,Сыры,Гауда,"1,59",372,"591,48"
,3/19/2021,NutriFix,Мюнхен,Юг,Специи,Базилик,"0,7",79,"55,3"
,3/19/2021,Sweetables,Дрезден,Восток,Сладости,Зефир,"0,65",19,"12,35"
,3/19/2021,Cooking Corner,Берлин,Восток,Масла,Оливковое масло,"1,7",448,"761,6"
,3/19/2021,Gold Food,Берлин,Восток,Сладости,Мармелад,"0,6",209,"125,4"
,3/19/2021,Gold Food,Берлин,Восток,Сладости,Мармелад,"0,6",305,183
,3/19/2021,mymeal,Франкфурт,Запад,Специи,Базилик,"0,7",32,"22,4"
,3/19/2021,Gold Food,Франкфурт,Запад,Напитки,Кофе,"5,5",32,176
,3/19/2021,foodbite,Штутгарт,Юг,Напитки,Черный чай,"0,99",264,"261,36"
,3/19/2021,Go Bio,Берлин,Восток,Сладости,Шоколад,"0,55",453,"249,15"
,3/19/2021,Go Bio,Дрезден,Восток,Специи,Кориандр,"0,65",6,"3,9"
,3/19/2021,Go Bio,Франкфурт,Запад,Сладости,Шоколад,"0,55",100,55
,3/19/2021,foodbite,Дрезден,Восток,Сухофрукты,Сушеные яблоки,"1,09",56,"61,04"
,3/19/2021,foodbite,Дрезден,Восток,Сухофрукты,Курага,"1,19",38,"45,22"
,3/19/2021,Sweetables,Берлин,Восток,Консервы,Шпроты,"1,15",275,"316,25"
,3/19/2021,Gold Food,Берлин,Восток,Консервы,Говядина тушеная,"1,19",146,"173,74"
,3/19/2021,Sweetables,Кёльн,Запад,Сыры,Моцарелла,"0,59",248,"146,32"
,3/19/2021,Go Bio,Кёльн,Запад,Консервы,Говядина тушеная,"1,19",33,"39,27"
,3/19/2021,Gold Food,Франкфурт,Запад,Сыры,Гауда,"1,59",111,"176,49"
,3/19/2021,Cooking Corner,Штутгарт,Юг,Масла,Оливковое масло,"1,7",150,255
,3/19/2021,foodbite,Штутгарт,Юг,Крупы,Гречка,"1,4",290,406
,3/19/2021,foodbite,Штутгарт,Юг,Сыры,Моцарелла,"0,59",532,"313,88"
,3/19/2021,foodbite,Штутгарт,Юг,Крупы,Перловка,"1,2",284,"340,8"
,3/19/2021,mymeal,Штутгарт,Юг,Сыры,Гауда,"1,59",266,"422,94"
,3/19/2021,Go Bio,Мюнхен,Юг,Специи,Черный перец,"0,59",114,"67,26"
,3/19/2021,foodbite,Кёльн,Запад,Специи,Кориандр,"0,65",36,"23,4"
,3/19/2021,mymeal,Кёльн,Запад,Масла,Подсолнечное масло,"1,19",300,357
,3/19/2021,Go Bio,Кёльн,Запад,Консервы,Шпроты,"1,15",27,"31,05"
,3/19/2021,Organica,Бремен,Север,Напитки,Кофе,"5,5",20,110
,3/19/2021,NutriFix,Дрезден,Восток,Сухофрукты,Курага,"1,19",18,"21,42"
,3/19/2021,foodbite,Берлин,Восток,Сухофрукты,Сушеные яблоки,"1,09",320,"348,8"
,3/19/2021,foodbite,Берлин,Восток,Крупы,Рис,"0,96",1007,"966,72"
,3/19/2021,NutriFix,Гамбург,Север,Сладости,Шоколад,"0,55",574,"315,7"
,3/19/2021,NutriFix,Гамбург,Север,Напитки,Кофе,"5,5",108,594
,3/19/2021,foodbite,Берлин,Восток,Масла,Оливковое масло,"1,7",361,"613,7"
,3/19/2021,Gold Food,Дрезден,Восток,Сухофрукты,Изюм,"0,99",36,"35,64"
,3/20/2021,Gold Food,Дрезден,Восток,Сладости,Шоколад,"0,55",98,"53,9"
,3/20/2021,NutriFix,Дрезден,Восток,Консервы,Шпроты,"1,15",28,"32,2"
,3/20/2021,NutriFix,Дрезден,Восток,Сладости,Зефир,"0,65",15,"9,75"
,3/20/2021,Go Bio,Дрезден,Восток,Напитки,Зеленый чай,"0,95",81,"76,95"
,3/20/2021,Go Bio,Дрезден,Восток,Специи,Базилик,"0,7",12,"8,4"
,3/20/2021,Gold Food,Мюнхен,Юг,Сыры,Гауда,"1,59",308,"489,72"
,3/20/2021,foodbite,Гамбург,Север,Сыры,Моцарелла,"0,59",626,"369,34"
,3/20/2021,Organica,Гамбург,Север,Крупы,Гречка,"1,4",163,"228,2"
,3/20/2021,foodbite,Мюнхен,Юг,Специи,Кориандр,"0,65",64,"41,6"
,3/20/2021,Organica,Штутгарт,Юг,Крупы,Перловка,"1,2",160,192
,3/20/2021,NutriFix,Мюнхен,Юг,Консервы,Говядина тушеная,"1,19",26,"30,94"
,3/20/2021,Cooking Corner,Берлин,Восток,Масла,Подсолнечное масло,"1,19",1523,"1812,37"
,3/20/2021,mymeal,Франкфурт,Запад,Сухофрукты,Курага,"1,19",53,"63,07"
,3/20/2021,Sweetables,Франкфурт,Запад,Напитки,Зеленый чай,"0,95",54,"51,3"
,3/20/2021,Cooking Corner,Берлин,Восток,Сыры,Моцарелла,"0,59",739,"436,01"
,3/20/2021,Organica,Бремен,Север,Масла,Оливковое масло,"1,7",29,"49,3"
,3/20/2021,mymeal,Бремен,Север,Сыры,Моцарелла,"0,59",94,"55,46"
,3/20/2021,mymeal,Бремен,Север,Крупы,Гречка,"1,4",84,"117,6"
,3/20/2021,Go Bio,Бремен,Север,Сыры,Филадельфия ,"0,89",28,"24,92"
,3/20/2021,Go Bio,Берлин,Восток,Напитки,Зеленый чай,"0,95",364,"345,8"
,3/20/2021,Go Bio,Дрезден,Восток,Специи,Базилик,"0,7",13,"9,1"
,3/20/2021,foodbite,Штутгарт,Юг,Сухофрукты,Изюм,"0,99",208,"205,92"
,3/20/2021,NutriFix,Бремен,Север,Сыры,Филадельфия ,"0,89",58,"51,62"
,3/20/2021,foodbite,Дрезден,Восток,Сухофрукты,Сушеные яблоки,"1,09",41,"44,69"
,3/20/2021,Go Bio,Дрезден,Восток,Сыры,Гауда,"1,59",98,"155,82"
,3/20/2021,Gold Food,Берлин,Восток,Напитки,Кофе,"5,5",175,"962,5"
,3/20/2021,Sweetables,Франкфурт,Запад,Сухофрукты,Сушеные яблоки,"1,09",34,"37,06"
,3/20/2021,Go Bio,Франкфурт,Запад,Сладости,Зефир,"0,65",18,"11,7"
,3/20/2021,Go Bio,Франкфурт,Запад,Сухофрукты,Курага,"1,19",37,"44,03"
,3/20/2021,Gold Food,Штутгарт,Юг,Сладости,Шоколад,"0,55",316,"173,8"
,3/20/2021,Organica,Мюнхен,Юг,Сыры,Филадельфия ,"0,89",113,"100,57"
,3/20/2021,Organica,Мюнхен,Юг,Сухофрукты,Курага,"1,19",103,"122,57"
,3/20/2021,foodbite,Кёльн,Запад,Консервы,Шпроты,"1,15",158,"181,7"
,3/20/2021,Go Bio,Кёльн,Запад,Сладости,Мармелад,"0,6",88,"52,8"
,3/20/2021,mymeal,Штутгарт,Юг,Сладости,Шоколад,"0,55",384,"211,2"
,3/20/2021,Organica,Бремен,Север,Масла,Оливковое масло,"1,7",35,"59,5"
,3/20/2021,Organica,Бремен,Север,Сыры,Моцарелла,"0,59",99,"58,41"
,3/20/2021,mymeal,Берлин,Восток,Сладости,Мармелад,"0,6",218,"130,8"
,3/20/2021,mymeal,Бремен,Север,Крупы,Гречка,"1,4",76,"106,4"
,3/20/2021,NutriFix,Бремен,Север,Масла,Сливочное масло,"1,5",149,"223,5"
,3/20/2021,foodbite,Дрезден,Восток,Специи,Черный перец,"0,59",167,"98,53"
,3/20/2021,mymeal,Берлин,Восток,Сыры,Филадельфия ,"0,89",329,"292,81"
,3/20/2021,mymeal,Берлин,Восток,Напитки,Зеленый чай,"0,95",626,"594,7"
,3/20/2021,Gold Food,Дрезден,Восток,Специи,Кориандр,"0,65",7,"4,55"
,3/20/2021,foodbite,Берлин,Восток,Сухофрукты,Курага,"1,19",392,"466,48"
,3/20/2021,Organica,Берлин,Восток,Специи,Кориандр,"0,65",36,"23,4"
,3/20/2021,Sweetables,Штутгарт,Юг,Сухофрукты,Сушеные яблоки,"1,09",104,"113,36"
,3/21/2021,Gold Food,Дрезден,Восток,Сладости,Шоколад,"0,55",88,"48,4"
,3/21/2021,Gold Food,Дрезден,Восток,Сладости,Мармелад,"0,6",43,"25,8"
,3/21/2021,Gold Food,Дрезден,Восток,Сладости,Зефир,"0,65",19,"12,35"
,3/21/2021,Gold Food,Дрезден,Восток,Сладости,Мармелад,"0,6",39,"23,4"
,3/21/2021,Gold Food,Мюнхен,Юг,Напитки,Кофе,"5,5",58,319
,3/21/2021,foodbite,Гамбург,Север,Сыры,Филадельфия ,"0,89",326,"290,14"
,3/21/2021,Gold Food,Гамбург,Север,Напитки,Кофе,"5,5",61,"335,5"
,3/21/2021,Organica,Гамбург,Север,Сладости,Зефир,"0,65",55,"35,75"
,3/21/2021,Organica,Штутгарт,Юг,Сладости,Зефир,"0,65",60,39
,3/21/2021,Organica,Штутгарт,Юг,Крупы,Перловка,"1,2",198,"237,6"
,3/21/2021,mymeal,Бремен,Север,Консервы,Говядина тушеная,"1,19",34,"40,46"
,3/21/2021,mymeal,Дрезден,Восток,Крупы,Гречка,"1,4",50,70
,3/21/2021,mymeal,Дрезден,Восток,Специи,Кориандр,"0,65",11,"7,15"
,3/21/2021,Cooking Corner,Берлин,Восток,Сладости,Мармелад,"0,6",451,"270,6"
,3/21/2021,foodbite,Гамбург,Север,Напитки,Зеленый чай,"0,95",914,"868,3"
,3/21/2021,Sweetables,Франкфурт,Запад,Специи,Черный перец,"0,59",110,"64,9"
,3/21/2021,Sweetables,Франкфурт,Запад,Сыры,Гауда,"1,59",178,"283,02"
,3/21/2021,Organica,Бремен,Север,Специи,Черный перец,"0,59",51,"30,09"
,3/21/2021,NutriFix,Берлин,Восток,Специи,Кориандр,"0,65",75,"48,75"
,3/21/2021,Sweetables,Бремен,Север,Сладости,Шоколад,"0,55",176,"96,8"
,3/21/2021,Sweetables,Бремен,Север,Крупы,Рис,"0,96",117,"112,32"
,3/21/2021,Go Bio,Бремен,Север,Консервы,Килька в томате,"0,89",35,"31,15"
,3/21/2021,foodbite,Дрезден,Восток,Специи,Кориандр,"0,65",20,13
,3/21/2021,foodbite,Дрезден,Восток,Специи,Черный перец,"0,59",151,"89,09"
,3/21/2021,foodbite,Дрезден,Восток,Специи,Базилик,"0,7",36,"25,2"
,3/21/2021,Organica,Дрезден,Восток,Крупы,Рис,"0,96",92,"88,32"
,3/21/2021,Organica,Бремен,Север,Специи,Черный перец,"0,59",48,"28,32"
,3/21/2021,mymeal,Дрезден,Восток,Сухофрукты,Сушеные яблоки,"1,09",29,"31,61"
,3/21/2021,Go Bio,Дрезден,Восток,Специи,Базилик,"0,7",15,"10,5"
,3/21/2021,Sweetables,Франкфурт,Запад,Специи,Черный перец,"0,59",160,"94,4"
,3/21/2021,Gold Food,Штутгарт,Юг,Сыры,Моцарелла,"0,59",148,"87,32"
,3/21/2021,Organica,Мюнхен,Юг,Сыры,Моцарелла,"0,59",183,"107,97"
,3/21/2021,mymeal,Берлин,Восток,Сухофрукты,Сушеные яблоки,"1,09",146,"159,14"
,3/21/2021,NutriFix,Мюнхен,Юг,Специи,Базилик,"0,7",79,"55,3"
,3/21/2021,NutriFix,Мюнхен,Юг,Масла,Сливочное масло,"1,5",311,"466,5"
,3/21/2021,mymeal,Берлин,Восток,Сладости,Шоколад,"0,55",1271,"699,05"
,3/21/2021,Sweetables,Берлин,Восток,Напитки,Кофе,"5,5",248,1364
,3/22/2021,mymeal,Кёльн,Запад,Сыры,Моцарелла,"0,59",164,"96,76"
,3/22/2021,Organica,Кёльн,Запад,Крупы,Перловка,"1,2",145,174
,3/22/2021,Organica,Кёльн,Запад,Сладости,Зефир,"0,65",39,"25,35"
,3/22/2021,Cooking Corner,Дрезден,Восток,Сладости,Шоколад,"0,55",224,"123,2"
,3/22/2021,Sweetables,Дрезден,Восток,Специи,Черный перец,"0,59",56,"33,04"
,3/22/2021,Sweetables,Дрезден,Восток,Сыры,Моцарелла,"0,59",81,"47,79"
,3/22/2021,Gold Food,Дрезден,Восток,Напитки,Кофе,"5,5",22,121
,3/22/2021,Gold Food,Дрезден,Восток,Консервы,Шпроты,"1,15",20,23
,3/22/2021,Gold Food,Дрезден,Восток,Масла,Оливковое масло,"1,7",17,"28,9"
,3/22/2021,Gold Food,Дрезден,Восток,Сыры,Филадельфия ,"0,89",25,"22,25"
,3/22/2021,Gold Food,Мюнхен,Юг,Масла,Сливочное масло,"1,5",377,"565,5"
,3/22/2021,Sweetables,Кёльн,Запад,Сухофрукты,Изюм,"0,99",103,"101,97"
,3/22/2021,Gold Food,Гамбург,Север,Сладости,Шоколад,"0,55",453,"249,15"
,3/22/2021,Gold Food,Гамбург,Север,Сыры,Моцарелла,"0,59",234,"138,06"
,3/22/2021,Organica,Гамбург,Север,Сухофрукты,Курага,"1,19",81,"96,39"
,3/22/2021,mymeal,Бремен,Север,Консервы,Килька в томате,"0,89",61,"54,29"
,3/22/2021,Organica,Бремен,Север,Консервы,Килька в томате,"0,89",37,"32,93"
,3/22/2021,mymeal,Гамбург,Север,Сухофрукты,Изюм,"0,99",151,"149,49"
,3/22/2021,mymeal,Гамбург,Север,Напитки,Зеленый чай,"0,95",271,"257,45"
,3/22/2021,mymeal,Гамбург,Север,Специи,Кориандр,"0,65",60,39
,3/22/2021,Sweetables,Кёльн,Запад,Консервы,Шпроты,"1,15",66,"75,9"
,3/22/2021,NutriFix,Кёльн,Запад,Консервы,Говядина тушеная,"1,19",33,"39,27"
,3/22/2021,NutriFix,Кёльн,Запад,Масла,Подсолнечное масло,"1,19",234,"278,46"
,3/22/2021,Organica,Кёльн,Запад,Специи,Черный перец,"0,59",188,"110,92"
,3/22/2021,mymeal,Берлин,Восток,Сладости,Шоколад,"0,55",906,"498,3"
,3/22/2021,foodbite,Бремен,Север,Сыры,Моцарелла,"0,59",235,"138,65"
,3/22/2021,foodbite,Бремен,Север,Сладости,Зефир,"0,65",42,"27,3"
,3/22/2021,Gold Food,Бремен,Север,Консервы,Килька в томате,"0,89",32,"28,48"
,3/22/2021,Sweetables,Гамбург,Север,Масла,Оливковое масло,"1,7",162,"275,4"
,3/22/2021,Gold Food,Гамбург,Север,Сухофрукты,Сушеные яблоки,"1,09",83,"90,47"
,3/22/2021,Cooking Corner,Франкфурт,Запад,Консервы,Килька в томате,"0,89",72,"64,08"
,3/22/2021,Go Bio,Бремен,Север,Сыры,Гауда,"1,59",90,"143,1"
,3/22/2021,foodbite,Мюнхен,Юг,Крупы,Рис,"0,96",549,"527,04"
,3/22/2021,foodbite,Мюнхен,Юг,Напитки,Кофе,"5,5",157,"863,5"
,3/22/2021,foodbite,Мюнхен,Юг,Сладости,Мармелад,"0,6",302,"181,2"
,3/22/2021,Gold Food,Кёльн,Запад,Сыры,Моцарелла,"0,59",164,"96,76"
,3/22/2021,mymeal,Франкфурт,Запад,Консервы,Килька в томате,"0,89",46,"40,94"
,3/22/2021,Sweetables,Дрезден,Восток,Крупы,Перловка,"1,2",51,"61,2"
,3/22/2021,Sweetables,Дрезден,Восток,Консервы,Говядина тушеная,"1,19",16,"19,04"
,3/22/2021,Organica,Дрезден,Восток,Напитки,Черный чай,"0,99",32,"31,68"
,3/22/2021,Organica,Дрезден,Восток,Крупы,Гречка,"1,4",39,"54,6"
,3/22/2021,Organica,Бремен,Север,Сухофрукты,Сушеные яблоки,"1,09",39,"42,51"
,3/22/2021,Organica,Бремен,Север,Масла,Оливковое масло,"1,7",31,"52,7"
,3/22/2021,mymeal,Дрезден,Восток,Консервы,Говядина тушеная,"1,19",25,"29,75"
,3/22/2021,Gold Food,Мюнхен,Юг,Масла,Оливковое масло,"1,7",111,"188,7"
,3/22/2021,foodbite,Дрезден,Восток,Сухофрукты,Сушеные яблоки,"1,09",39,"42,51"
,3/22/2021,foodbite,Дрезден,Восток,Сухофрукты,Курага,"1,19",55,"65,45"
,3/22/2021,Gold Food,Франкфурт,Запад,Крупы,Гречка,"1,4",61,"85,4"
,3/22/2021,Gold Food,Франкфурт,Запад,Сыры,Моцарелла,"0,59",78,"46,02"
,3/22/2021,Gold Food,Штутгарт,Юг,Крупы,Гречка,"1,4",154,"215,6"
,3/23/2021,Go Bio,Мюнхен,Юг,Сладости,Мармелад,"0,6",73,"43,8"
,3/23/2021,mymeal,Кёльн,Запад,Сухофрукты,Изюм,"0,99",118,"116,82"
,3/23/2021,mymeal,Кёльн,Запад,Крупы,Рис,"0,96",291,"279,36"
,3/23/2021,Organica,Кёльн,Запад,Масла,Оливковое масло,"1,7",39,"66,3"
,3/23/2021,Organica,Дрезден,Восток,Напитки,Черный чай,"0,99",86,"85,14"
,3/23/2021,Sweetables,Кёльн,Запад,Сухофрукты,Курага,"1,19",58,"69,02"
,3/23/2021,Go Bio,Кёльн,Запад,Специи,Кориандр,"0,65",23,"14,95"
,3/23/2021,Go Bio,Франкфурт,Запад,Напитки,Кофе,"5,5",32,176
,3/23/2021,Go Bio,Франкфурт,Запад,Крупы,Гречка,"1,4",60,84
,3/23/2021,foodbite,Бремен,Север,Напитки,Черный чай,"0,99",185,"183,15"
,3/23/2021,Organica,Бремен,Север,Напитки,Черный чай,"0,99",77,"76,23"
,3/23/2021,Sweetables,Гамбург,Север,Сладости,Мармелад,"0,6",128,"76,8"
,3/23/2021,Sweetables,Гамбург,Север,Сыры,Филадельфия ,"0,89",140,"124,6"
,3/23/2021,foodbite,Мюнхен,Юг,Напитки,Зеленый чай,"0,95",584,"554,8"
,3/23/2021,Sweetables,Кёльн,Запад,Сухофрукты,Курага,"1,19",73,"86,87"
,3/23/2021,Sweetables,Кёльн,Запад,Сыры,Моцарелла,"0,59",225,"132,75"
,3/23/2021,mymeal,Берлин,Восток,Сладости,Мармелад,"0,6",201,"120,6"
,3/23/2021,foodbite,Бремен,Север,Сухофрукты,Сушеные яблоки,"1,09",68,"74,12"
,3/23/2021,Gold Food,Бремен,Север,Напитки,Зеленый чай,"0,95",45,"42,75"
,3/23/2021,NutriFix,Бремен,Север,Масла,Сливочное масло,"1,5",102,153
,3/23/2021,NutriFix,Бремен,Север,Сладости,Мармелад,"0,6",60,36
,3/23/2021,mymeal,Гамбург,Север,Сладости,Мармелад,"0,6",166,"99,6"
,3/23/2021,mymeal,Гамбург,Север,Крупы,Перловка,"1,2",254,"304,8"
,3/23/2021,Gold Food,Гамбург,Север,Сухофрукты,Сушеные яблоки,"1,09",87,"94,83"
,3/23/2021,Go Bio,Гамбург,Север,Крупы,Гречка,"1,4",160,224
,3/23/2021,Cooking Corner,Кёльн,Запад,Консервы,Килька в томате,"0,89",172,"153,08"
,3/23/2021,Gold Food,Кёльн,Запад,Крупы,Рис,"0,96",254,"243,84"
,3/23/2021,mymeal,Франкфурт,Запад,Сухофрукты,Изюм,"0,99",38,"37,62"
,3/23/2021,Gold Food,Франкфурт,Запад,Напитки,Кофе,"5,5",53,"291,5"
,3/23/2021,Cooking Corner,Берлин,Восток,Сладости,Шоколад,"0,55",2048,"1126,4"
,3/23/2021,mymeal,Берлин,Восток,Сыры,Гауда,"1,59",1080,"1717,2"
,3/23/2021,mymeal,Бремен,Север,Крупы,Рис,"0,96",209,"200,64"
,3/23/2021,Sweetables,Дрезден,Восток,Масла,Сливочное масло,"1,5",100,150
,3/23/2021,foodbite,Кёльн,Запад,Масла,Подсолнечное масло,"1,19",441,"524,79"
,3/23/2021,Go Bio,Штутгарт,Юг,Крупы,Гречка,"1,4",114,"159,6"
,3/23/2021,Organica,Кёльн,Запад,Сыры,Филадельфия ,"0,89",51,"45,39"
,3/23/2021,Organica,Кёльн,Запад,Специи,Кориандр,"0,65",17,"11,05"
,3/23/2021,Go Bio,Гамбург,Север,Сухофрукты,Сушеные яблоки,"1,09",101,"110,09"
,3/23/2021,mymeal,Мюнхен,Юг,Крупы,Перловка,"1,2",256,"307,2"
,3/23/2021,Organica,Мюнхен,Юг,Специи,Черный перец,"0,59",76,"44,84"
,3/23/2021,Organica,Мюнхен,Юг,Сладости,Шоколад,"0,55",291,"160,05"
,3/23/2021,mymeal,Кёльн,Запад,Консервы,Говядина тушеная,"1,19",56,"66,64"
,3/23/2021,mymeal,Кёльн,Запад,Напитки,Зеленый чай,"0,95",306,"290,7"
,3/23/2021,Gold Food,Франкфурт,Запад,Сыры,Гауда,"1,59",164,"260,76"
,3/23/2021,NutriFix,Франкфурт,Запад,Консервы,Говядина тушеная,"1,19",9,"10,71"
,3/24/2021,Cooking Corner,Берлин,Восток,Сладости,Мармелад,"0,6",626,"375,6"
,3/24/2021,Cooking Corner,Берлин,Восток,Масла,Сливочное масло,"1,5",1235,"1852,5"
,3/24/2021,Go Bio,Мюнхен,Юг,Напитки,Черный чай,"0,99",134,"132,66"
,3/24/2021,Go Bio,Мюнхен,Юг,Крупы,Рис,"0,96",247,"237,12"
,3/24/2021,foodbite,Кёльн,Запад,Сухофрукты,Курага,"1,19",103,"122,57"
,3/24/2021,foodbite,Кёльн,Запад,Специи,Черный перец,"0,59",126,"74,34"
,3/24/2021,Cooking Corner,Франкфурт,Запад,Напитки,Черный чай,"0,99",299,"296,01"
,3/24/2021,Cooking Corner,Штутгарт,Юг,Крупы,Рис,"0,96",644,"618,24"
,3/24/2021,Organica,Дрезден,Восток,Специи,Кориандр,"0,65",8,"5,2"
,3/24/2021,Sweetables,Кёльн,Запад,Масла,Сливочное масло,"1,5",310,465
,3/24/2021,NutriFix,Штутгарт,Юг,Напитки,Черный чай,"0,99",350,"346,5"
,3/24/2021,NutriFix,Штутгарт,Юг,Крупы,Перловка,"1,2",198,"237,6"
,3/24/2021,foodbite,Бремен,Север,Сладости,Зефир,"0,65",58,"37,7"
,3/24/2021,Sweetables,Бремен,Север,Консервы,Шпроты,"1,15",32,"36,8"
,3/24/2021,mymeal,Дрезден,Восток,Консервы,Килька в томате,"0,89",27,"24,03"
,3/24/2021,mymeal,Дрезден,Восток,Сухофрукты,Изюм,"0,99",32,"31,68"
,3/24/2021,Cooking Corner,Берлин,Восток,Сыры,Филадельфия ,"0,89",464,"412,96"
,3/24/2021,Cooking Corner,Берлин,Восток,Сладости,Мармелад,"0,6",483,"289,8"
,3/24/2021,foodbite,Бремен,Север,Сухофрукты,Сушеные яблоки,"1,09",74,"80,66"
,3/24/2021,Gold Food,Бремен,Север,Крупы,Перловка,"1,2",122,"146,4"
,3/24/2021,Go Bio,Бремен,Север,Сыры,Моцарелла,"0,59",52,"30,68"
,3/24/2021,foodbite,Мюнхен,Юг,Сыры,Гауда,"1,59",535,"850,65"
,3/24/2021,Go Bio,Мюнхен,Юг,Масла,Сливочное масло,"1,5",271,"406,5"
,3/24/2021,Cooking Corner,Кёльн,Запад,Сыры,Гауда,"1,59",366,"581,94"
,3/24/2021,mymeal,Берлин,Восток,Сладости,Мармелад,"0,6",377,"226,2"
,3/24/2021,Gold Food,Бремен,Север,Напитки,Кофе,"5,5",55,"302,5"
,3/24/2021,mymeal,Гамбург,Север,Сухофрукты,Курага,"1,19",172,"204,68"
,3/24/2021,Go Bio,Гамбург,Север,Сыры,Филадельфия ,"0,89",174,"154,86"
,3/24/2021,Cooking Corner,Кёльн,Запад,Сыры,Филадельфия ,"0,89",202,"179,78"
,3/24/2021,Sweetables,Кёльн,Запад,Сыры,Филадельфия ,"0,89",79,"70,31"
,3/24/2021,Sweetables,Франкфурт,Запад,Сладости,Шоколад,"0,55",176,"96,8"
,3/24/2021,Cooking Corner,Берлин,Восток,Сладости,Зефир,"0,65",205,"133,25"
,3/24/2021,mymeal,Бремен,Север,Сыры,Филадельфия ,"0,89",47,"41,83"
,3/24/2021,foodbite,Кёльн,Запад,Специи,Кориандр,"0,65",51,"33,15"
,3/24/2021,NutriFix,Штутгарт,Юг,Специи,Базилик,"0,7",44,"30,8"
,3/24/2021,Sweetables,Кёльн,Запад,Крупы,Перловка,"1,2",262,"314,4"
,3/24/2021,Go Bio,Штутгарт,Юг,Крупы,Рис,"0,96",284,"272,64"
,3/24/2021,Cooking Corner,Мюнхен,Юг,Специи,Черный перец,"0,59",820,"483,8"
,3/24/2021,Cooking Corner,Бремен,Север,Напитки,Зеленый чай,"0,95",268,"254,6"
,3/24/2021,Go Bio,Гамбург,Север,Специи,Кориандр,"0,65",41,"26,65"
,3/24/2021,mymeal,Мюнхен,Юг,Специи,Базилик,"0,7",58,"40,6"
,3/24/2021,mymeal,Мюнхен,Юг,Консервы,Шпроты,"1,15",83,"95,45"
,3/24/2021,mymeal,Кёльн,Запад,Масла,Сливочное масло,"1,5",298,447
,3/24/2021,Sweetables,Франкфурт,Запад,Сыры,Гауда,"1,59",186,"295,74"
,3/24/2021,Go Bio,Франкфурт,Запад,Сладости,Зефир,"0,65",18,"11,7"
,3/25/2021,Sweetables,Берлин,Восток,Крупы,Перловка,"1,2",688,"825,6"
,3/25/2021,Sweetables,Гамбург,Север,Специи,Черный перец,"0,59",542,"319,78"
,3/25/2021,foodbite,Кёльн,Запад,Сладости,Шоколад,"0,55",396,"217,8"
,3/25/2021,Sweetables,Франкфурт,Запад,Масла,Сливочное масло,"1,5",146,219
,3/25/2021,Sweetables,Франкфурт,Запад,Крупы,Перловка,"1,2",102,"122,4"
,3/25/2021,Cooking Corner,Гамбург,Север,Напитки,Кофе,"5,5",401,"2205,5"
,3/25/2021,Cooking Corner,Мюнхен,Юг,Сладости,Зефир,"0,65",142,"92,3"
,3/25/2021,NutriFix,Штутгарт,Юг,Сладости,Зефир,"0,65",44,"28,6"
,3/25/2021,foodbite,Бремен,Север,Крупы,Гречка,"1,4",130,182
,3/25/2021,foodbite,Бремен,Север,Консервы,Килька в томате,"0,89",92,"81,88"
,3/25/2021,Sweetables,Бремен,Север,Сладости,Зефир,"0,65",36,"23,4"
,3/25/2021,Sweetables,Дрезден,Восток,Масла,Сливочное масло,"1,5",78,117
,3/25/2021,Organica,Дрезден,Восток,Сыры,Филадельфия ,"0,89",34,"30,26"
,3/25/2021,Organica,Дрезден,Восток,Сухофрукты,Сушеные яблоки,"1,09",22,"23,98"
,3/25/2021,Go Bio,Берлин,Восток,Крупы,Перловка,"1,2",454,"544,8"
,3/25/2021,foodbite,Бремен,Север,Сыры,Филадельфия ,"0,89",111,"98,79"
,3/25/2021,Gold Food,Бремен,Север,Специи,Базилик,"0,7",16,"11,2"
,3/25/2021,Go Bio,Бремен,Север,Сладости,Мармелад,"0,6",41,"24,6"
,3/25/2021,Go Bio,Бремен,Север,Сладости,Зефир,"0,65",26,"16,9"
,3/25/2021,Go Bio,Мюнхен,Юг,Масла,Подсолнечное масло,"1,19",188,"223,72"
,3/25/2021,Organica,Штутгарт,Юг,Крупы,Гречка,"1,4",116,"162,4"
,3/25/2021,Organica,Штутгарт,Юг,Крупы,Гречка,"1,4",116,"162,4"
,3/25/2021,Cooking Corner,Бремен,Север,Сухофрукты,Курага,"1,19",51,"60,69"
,3/25/2021,foodbite,Мюнхен,Юг,Консервы,Килька в томате,"0,89",238,"211,82"
,3/25/2021,Organica,Гамбург,Север,Консервы,Килька в томате,"0,89",100,89
,3/25/2021,Organica,Гамбург,Север,Специи,Базилик,"0,7",72,"50,4"
,3/25/2021,Organica,Гамбург,Север,Консервы,Килька в томате,"0,89",114,"101,46"
,3/25/2021,foodbite,Берлин,Восток,Специи,Черный перец,"0,59",330,"194,7"
,3/25/2021,foodbite,Берлин,Восток,Сухофрукты,Изюм,"0,99",510,"504,9"
,3/25/2021,Cooking Corner,Гамбург,Север,Сладости,Мармелад,"0,6",276,"165,6"
,3/25/2021,Sweetables,Штутгарт,Юг,Крупы,Рис,"0,96",462,"443,52"
,3/25/2021,Gold Food,Штутгарт,Юг,Масла,Подсолнечное масло,"1,19",200,238
,3/25/2021,NutriFix,Штутгарт,Юг,Масла,Сливочное масло,"1,5",276,414
,3/25/2021,foodbite,Франкфурт,Запад,Напитки,Черный чай,"0,99",189,"187,11"
,3/25/2021,mymeal,Кёльн,Запад,Специи,Кориандр,"0,65",22,"14,3"
,3/25/2021,Sweetables,Кёльн,Запад,Консервы,Килька в томате,"0,89",123,"109,47"
,3/25/2021,Go Bio,Кёльн,Запад,Сухофрукты,Сушеные яблоки,"1,09",55,"59,95"
,3/25/2021,Gold Food,Франкфурт,Запад,Крупы,Перловка,"1,2",70,84
,3/25/2021,NutriFix,Гамбург,Север,Сыры,Гауда,"1,59",423,"672,57"
,3/25/2021,Cooking Corner,Мюнхен,Юг,Специи,Кориандр,"0,65",50,"32,5"
,3/25/2021,Cooking Corner,Мюнхен,Юг,Консервы,Говядина тушеная,"1,19",77,"91,63"
,3/25/2021,Cooking Corner,Бремен,Север,Напитки,Кофе,"5,5",75,"412,5"
,3/25/2021,NutriFix,Мюнхен,Юг,Крупы,Перловка,"1,2",223,"267,6"
,3/25/2021,NutriFix,Мюнхен,Юг,Сладости,Мармелад,"0,6",122,"73,2"
,3/25/2021,Organica,Кёльн,Запад,Специи,Кориандр,"0,65",14,"9,1"
,3/25/2021,Organica,Кёльн,Запад,Консервы,Килька в томате,"0,89",98,"87,22"
,3/25/2021,mymeal,Франкфурт,Запад,Сладости,Шоколад,"0,55",198,"108,9"
,3/25/2021,foodbite,Штутгарт,Юг,Крупы,Рис,"0,96",644,"618,24"
,3/25/2021,foodbite,Берлин,Восток,Крупы,Гречка,"1,4",752,"1052,8"
,3/25/2021,foodbite,Бремен,Север,Масла,Оливковое масло,"1,7",51,"86,7"
,3/26/2021,Sweetables,Гамбург,Север,Специи,Кориандр,"0,65",48,"31,2"
,3/26/2021,foodbite,Мюнхен,Юг,Сладости,Шоколад,"0,55",953,"524,15"
,3/26/2021,foodbite,Мюнхен,Юг,Сладости,Зефир,"0,65",103,"66,95"
,3/26/2021,mymeal,Мюнхен,Юг,Масла,Сливочное масло,"1,5",405,"607,5"
,3/26/2021,mymeal,Мюнхен,Юг,Консервы,Говядина тушеная,"1,19",58,"69,02"
,3/26/2021,Sweetables,Франкфурт,Запад,Консервы,Говядина тушеная,"1,19",31,"36,89"
,3/26/2021,Gold Food,Франкфурт,Запад,Сухофрукты,Изюм,"0,99",39,"38,61"
,3/26/2021,Gold Food,Франкфурт,Запад,Сладости,Мармелад,"0,6",41,"24,6"
,3/26/2021,Sweetables,Штутгарт,Юг,Сухофрукты,Сушеные яблоки,"1,09",66,"71,94"
,3/26/2021,NutriFix,Штутгарт,Юг,Сладости,Шоколад,"0,55",370,"203,5"
,3/26/2021,mymeal,Бремен,Север,Масла,Оливковое масло,"1,7",35,"59,5"
,3/26/2021,Cooking Corner,Гамбург,Север,Сладости,Шоколад,"0,55",1175,"646,25"
,3/26/2021,Cooking Corner,Гамбург,Север,Сухофрукты,Сушеные яблоки,"1,09",266,"289,94"
,3/26/2021,Sweetables,Гамбург,Север,Сладости,Мармелад,"0,6",165,99
,3/26/2021,Sweetables,Гамбург,Север,Сыры,Гауда,"1,59",627,"996,93"
,3/26/2021,Cooking Corner,Мюнхен,Юг,Масла,Оливковое масло,"1,7",187,"317,9"
,3/26/2021,Cooking Corner,Мюнхен,Юг,Масла,Оливковое масло,"1,7",197,"334,9"
,3/26/2021,Sweetables,Бремен,Север,Крупы,Рис,"0,96",138,"132,48"
,3/26/2021,Gold Food,Бремен,Север,Сладости,Зефир,"0,65",21,"13,65"
,3/26/2021,Sweetables,Дрезден,Восток,Сухофрукты,Изюм,"0,99",46,"45,54"
,3/26/2021,Organica,Дрезден,Восток,Крупы,Рис,"0,96",86,"82,56"
,3/26/2021,Go Bio,Берлин,Восток,Специи,Базилик,"0,7",86,"60,2"
,3/26/2021,Go Bio,Мюнхен,Юг,Сладости,Мармелад,"0,6",90,54
,3/26/2021,mymeal,Кёльн,Запад,Крупы,Перловка,"1,2",243,"291,6"
,3/26/2021,mymeal,Кёльн,Запад,Сухофрукты,Курага,"1,19",87,"103,53"
,3/26/2021,mymeal,Кёльн,Запад,Сыры,Филадельфия ,"0,89",94,"83,66"
,3/26/2021,Organica,Берлин,Восток,Специи,Кориандр,"0,65",34,"22,1"
,3/26/2021,foodbite,Кёльн,Запад,Консервы,Шпроты,"1,15",86,"98,9"
,3/26/2021,Gold Food,Кёльн,Запад,Сыры,Моцарелла,"0,59",188,"110,92"
,3/26/2021,Cooking Corner,Гамбург,Север,Сладости,Мармелад,"0,6",222,"133,2"
,3/26/2021,foodbite,Берлин,Восток,Сыры,Моцарелла,"0,59",1190,"702,1"
,3/26/2021,Gold Food,Штутгарт,Юг,Масла,Подсолнечное масло,"1,19",210,"249,9"
,3/26/2021,Gold Food,Штутгарт,Юг,Консервы,Килька в томате,"0,89",88,"78,32"
,3/26/2021,Go Bio,Штутгарт,Юг,Напитки,Черный чай,"0,99",260,"257,4"
,3/26/2021,foodbite,Гамбург,Север,Напитки,Кофе,"5,5",190,1045
,3/26/2021,foodbite,Гамбург,Север,Сухофрукты,Сушеные яблоки,"1,09",158,"172,22"
,3/26/2021,mymeal,Гамбург,Север,Консервы,Шпроты,"1,15",167,"192,05"
,3/26/2021,Go Bio,Штутгарт,Юг,Крупы,Гречка,"1,4",146,"204,4"
,3/26/2021,Cooking Corner,Штутгарт,Юг,Сухофрукты,Курага,"1,19",164,"195,16"
,3/26/2021,Cooking Corner,Мюнхен,Юг,Крупы,Рис,"0,96",813,"780,48"
,3/26/2021,NutriFix,Франкфурт,Запад,Напитки,Кофе,"5,5",32,176
,3/26/2021,mymeal,Кёльн,Запад,Сладости,Мармелад,"0,6",92,"55,2"
,3/26/2021,Gold Food,Франкфурт,Запад,Масла,Подсолнечное масло,"1,19",116,"138,04"
,3/26/2021,Sweetables,Гамбург,Север,Крупы,Рис,"0,96",411,"394,56"
,3/26/2021,NutriFix,Гамбург,Север,Консервы,Говядина тушеная,"1,19",33,"39,27"
,3/26/2021,Sweetables,Кёльн,Запад,Сухофрукты,Изюм,"0,99",92,"91,08"
,3/26/2021,Cooking Corner,Франкфурт,Запад,Масла,Сливочное масло,"1,5",232,348
,3/26/2021,Gold Food,Франкфурт,Запад,Специи,Базилик,"0,7",21,"14,7"
,3/26/2021,Gold Food,Франкфурт,Запад,Консервы,Шпроты,"1,15",22,"25,3"
,3/26/2021,mymeal,Штутгарт,Юг,Консервы,Шпроты,"1,15",88,"101,2"
,3/26/2021,Cooking Corner,Бремен,Север,Масла,Оливковое масло,"1,7",77,"130,9"
,3/26/2021,mymeal,Франкфурт,Запад,Сладости,Шоколад,"0,55",214,"117,7"
,3/26/2021,foodbite,Штутгарт,Юг,Крупы,Гречка,"1,4",308,"431,2"
,3/26/2021,foodbite,Штутгарт,Юг,Консервы,Говядина тушеная,"1,19",134,"159,46"
,3/26/2021,Gold Food,Штутгарт,Юг,Масла,Сливочное масло,"1,5",184,276
,3/26/2021,foodbite,Берлин,Восток,Консервы,Шпроты,"1,15",370,"425,5"
,3/26/2021,Sweetables,Берлин,Восток,Специи,Базилик,"0,7",182,"127,4"
,3/26/2021,mymeal,Франкфурт,Запад,Сыры,Филадельфия ,"0,89",42,"37,38"
,3/26/2021,foodbite,Бремен,Север,Сладости,Шоколад,"0,55",201,"110,55"
,3/26/2021,Sweetables,Бремен,Север,Сухофрукты,Изюм,"0,99",60,"59,4"
,3/26/2021,Sweetables,Бремен,Север,Сладости,Зефир,"0,65",24,"15,6"
,3/27/2021,mymeal,Гамбург,Север,Масла,Подсолнечное масло,"1,19",549,"653,31"
,3/27/2021,Sweetables,Гамбург,Север,Крупы,Перловка,"1,2",435,522
,3/27/2021,Go Bio,Гамбург,Север,Напитки,Зеленый чай,"0,95",398,"378,1"
,3/27/2021,Go Bio,Гамбург,Север,Сухофрукты,Изюм,"0,99",98,"97,02"
,3/27/2021,foodbite,Мюнхен,Юг,Специи,Базилик,"0,7",93,"65,1"
,3/27/2021,mymeal,Мюнхен,Юг,Сладости,Зефир,"0,65",80,52
,3/27/2021,Gold Food,Франкфурт,Запад,Сыры,Филадельфия ,"0,89",39,"34,71"
,3/27/2021,Sweetables,Штутгарт,Юг,Масла,Сливочное масло,"1,5",336,504
,3/27/2021,NutriFix,Штутгарт,Юг,Масла,Подсолнечное масло,"1,19",330,"392,7"
,3/27/2021,Cooking Corner,Берлин,Восток,Напитки,Зеленый чай,"0,95",545,"517,75"
,3/27/2021,Cooking Corner,Берлин,Восток,Масла,Оливковое масло,"1,7",350,595
,3/27/2021,Cooking Corner,Берлин,Восток,Крупы,Гречка,"1,4",509,"712,6"
,3/27/2021,mymeal,Берлин,Восток,Крупы,Перловка,"1,2",692,"830,4"
,3/27/2021,Organica,Берлин,Восток,Напитки,Зеленый чай,"0,95",221,"209,95"
,3/27/2021,Gold Food,Бремен,Север,Крупы,Рис,"0,96",168,"161,28"
,3/27/2021,Sweetables,Дрезден,Восток,Специи,Кориандр,"0,65",7,"4,55"
,3/27/2021,Organica,Берлин,Восток,Крупы,Перловка,"1,2",322,"386,4"
,3/27/2021,Sweetables,Берлин,Восток,Масла,Подсолнечное масло,"1,19",537,"639,03"
,3/27/2021,Organica,Берлин,Восток,Масла,Подсолнечное масло,"1,19",509,"605,71"
,3/27/2021,foodbite,Кёльн,Запад,Специи,Базилик,"0,7",94,"65,8"
,3/27/2021,Gold Food,Кёльн,Запад,Масла,Подсолнечное масло,"1,19",287,"341,53"
,3/27/2021,Gold Food,Кёльн,Запад,Сладости,Зефир,"0,65",38,"24,7"
,3/27/2021,Cooking Corner,Штутгарт,Юг,Масла,Подсолнечное масло,"1,19",634,"754,46"
,3/27/2021,Sweetables,Штутгарт,Юг,Крупы,Перловка,"1,2",246,"295,2"
,3/27/2021,Go Bio,Кёльн,Запад,Сладости,Мармелад,"0,6",53,"31,8"
,3/27/2021,Cooking Corner,Штутгарт,Юг,Напитки,Зеленый чай,"0,95",564,"535,8"
,3/27/2021,Go Bio,Штутгарт,Юг,Крупы,Рис,"0,96",196,"188,16"
,3/27/2021,mymeal,Гамбург,Север,Напитки,Кофе,"5,5",186,1023
,3/27/2021,Sweetables,Гамбург,Север,Консервы,Говядина тушеная,"1,19",117,"139,23"
,3/27/2021,Organica,Гамбург,Север,Сладости,Шоколад,"0,55",354,"194,7"
,3/27/2021,Go Bio,Штутгарт,Юг,Сухофрукты,Изюм,"0,99",68,"67,32"
,3/27/2021,Cooking Corner,Штутгарт,Юг,Специи,Кориандр,"0,65",52,"33,8"
,3/27/2021,Cooking Corner,Штутгарт,Юг,Крупы,Гречка,"1,4",336,"470,4"
,3/27/2021,Gold Food,Франкфурт,Запад,Крупы,Перловка,"1,2",62,"74,4"
,3/27/2021,NutriFix,Франкфурт,Запад,Крупы,Рис,"0,96",122,"117,12"
,3/27/2021,NutriFix,Франкфурт,Запад,Сладости,Зефир,"0,65",20,13
,3/27/2021,Sweetables,Кёльн,Запад,Консервы,Килька в томате,"0,89",98,"87,22"
,3/27/2021,Go Bio,Франкфурт,Запад,Сыры,Гауда,"1,59",90,"143,1"
,3/27/2021,mymeal,Штутгарт,Юг,Сухофрукты,Курага,"1,19",96,"114,24"
,3/27/2021,Sweetables,Франкфурт,Запад,Сухофрукты,Изюм,"0,99",61,"60,39"
,3/27/2021,Sweetables,Франкфурт,Запад,Масла,Подсолнечное масло,"1,19",90,"107,1"
,3/27/2021,NutriFix,Франкфурт,Запад,Крупы,Перловка,"1,2",114,"136,8"
,3/27/2021,Sweetables,Штутгарт,Юг,Сладости,Шоколад,"0,55",324,"178,2"
,3/27/2021,Gold Food,Штутгарт,Юг,Консервы,Килька в томате,"0,89",120,"106,8"
,3/27/2021,Gold Food,Штутгарт,Юг,Сухофрукты,Изюм,"0,99",120,"118,8"
,3/27/2021,Organica,Бремен,Север,Напитки,Зеленый чай,"0,95",118,"112,1"
,3/27/2021,mymeal,Берлин,Восток,Консервы,Килька в томате,"0,89",252,"224,28"
,3/27/2021,Cooking Corner,Франкфурт,Запад,Специи,Черный перец,"0,59",280,"165,2"
,3/27/2021,foodbite,Франкфурт,Запад,Масла,Подсолнечное масло,"1,19",173,"205,87"
,3/27/2021,Sweetables,Бремен,Север,Сладости,Зефир,"0,65",23,"14,95"
,3/28/2021,Gold Food,Берлин,Восток,Сыры,Моцарелла,"0,59",456,"269,04"
,3/28/2021,Gold Food,Берлин,Восток,Консервы,Шпроты,"1,15",107,"123,05"
,3/28/2021,mymeal,Гамбург,Север,Масла,Оливковое масло,"1,7",114,"193,8"
,3/28/2021,mymeal,Гамбург,Север,Масла,Подсолнечное масло,"1,19",474,"564,06"
,3/28/2021,mymeal,Берлин,Восток,Сухофрукты,Изюм,"0,99",369,"365,31"
,3/28/2021,foodbite,Гамбург,Север,Специи,Черный перец,"0,59",830,"489,7"
,3/28/2021,Gold Food,Гамбург,Север,Сыры,Моцарелла,"0,59",321,"189,39"
,3/28/2021,Gold Food,Дрезден,Восток,Крупы,Перловка,"1,2",85,102
,3/28/2021,NutriFix,Дрезден,Восток,Сладости,Мармелад,"0,6",22,"13,2"
,3/28/2021,Organica,Берлин,Восток,Масла,Сливочное масло,"1,5",621,"931,5"
,3/28/2021,foodbite,Гамбург,Север,Напитки,Зеленый чай,"0,95",568,"539,6"
,3/28/2021,Organica,Кёльн,Запад,Сухофрукты,Изюм,"0,99",74,"73,26"
,3/28/2021,Cooking Corner,Штутгарт,Юг,Сладости,Зефир,"0,65",108,"70,2"
,3/28/2021,Go Bio,Штутгарт,Юг,Сыры,Моцарелла,"0,59",184,"108,56"
,3/28/2021,Go Bio,Штутгарт,Юг,Крупы,Рис,"0,96",328,"314,88"
,3/28/2021,Go Bio,Кёльн,Запад,Масла,Оливковое масло,"1,7",54,"91,8"
,3/28/2021,Go Bio,Кёльн,Запад,Сладости,Мармелад,"0,6",68,"40,8"
,3/28/2021,Go Bio,Кёльн,Запад,Сладости,Шоколад,"0,55",234,"128,7"
,3/28/2021,Go Bio,Кёльн,Запад,Крупы,Перловка,"1,2",195,234
,3/28/2021,Organica,Берлин,Восток,Масла,Сливочное масло,"1,5",608,912
,3/28/2021,Cooking Corner,Штутгарт,Юг,Специи,Кориандр,"0,65",50,"32,5"
,3/28/2021,mymeal,Гамбург,Север,Напитки,Кофе,"5,5",69,"379,5"
,3/28/2021,Sweetables,Гамбург,Север,Масла,Сливочное масло,"1,5",339,"508,5"
,3/28/2021,Sweetables,Гамбург,Север,Напитки,Кофе,"5,5",76,418
,3/28/2021,Go Bio,Гамбург,Север,Специи,Черный перец,"0,59",330,"194,7"
,3/28/2021,Go Bio,Гамбург,Север,Напитки,Кофе,"5,5",112,616
,3/28/2021,Go Bio,Штутгарт,Юг,Сладости,Шоколад,"0,55",186,"102,3"
,3/28/2021,Cooking Corner,Бремен,Север,Сухофрукты,Изюм,"0,99",97,"96,03"
,3/28/2021,Go Bio,Дрезден,Восток,Сладости,Зефир,"0,65",11,"7,15"
,3/28/2021,Go Bio,Дрезден,Восток,Сыры,Моцарелла,"0,59",61,"35,99"
,3/28/2021,Gold Food,Франкфурт,Запад,Напитки,Зеленый чай,"0,95",142,"134,9"
,3/28/2021,Go Bio,Франкфурт,Запад,Масла,Сливочное масло,"1,5",75,"112,5"
,3/28/2021,Gold Food,Гамбург,Север,Специи,Базилик,"0,7",84,"58,8"
,3/28/2021,NutriFix,Франкфурт,Запад,Сладости,Мармелад,"0,6",42,"25,2"
,3/28/2021,Go Bio,Франкфурт,Запад,Напитки,Кофе,"5,5",24,132
,3/28/2021,Sweetables,Франкфурт,Запад,Сухофрукты,Сушеные яблоки,"1,09",34,"37,06"
,3/28/2021,Sweetables,Штутгарт,Юг,Сладости,Мармелад,"0,6",138,"82,8"
,3/28/2021,Go Bio,Штутгарт,Юг,Консервы,Килька в томате,"0,89",114,"101,46"
,3/28/2021,Go Bio,Штутгарт,Юг,Сладости,Шоколад,"0,55",352,"193,6"
,3/28/2021,Go Bio,Штутгарт,Юг,Сыры,Гауда,"1,59",208,"330,72"
,3/28/2021,mymeal,Берлин,Восток,Специи,Базилик,"0,7",152,"106,4"
,3/28/2021,foodbite,Гамбург,Север,Сухофрукты,Курага,"1,19",186,"221,34"
,3/28/2021,Cooking Corner,Франкфурт,Запад,Сыры,Моцарелла,"0,59",126,"74,34"
,3/29/2021,Gold Food,Берлин,Восток,Сыры,Моцарелла,"0,59",324,"191,16"
,3/29/2021,mymeal,Берлин,Восток,Сыры,Гауда,"1,59",855,"1359,45"
,3/29/2021,NutriFix,Берлин,Восток,Масла,Оливковое масло,"1,7",198,"336,6"
,3/29/2021,foodbite,Гамбург,Север,Сыры,Гауда,"1,59",1132,"1799,88"
,3/29/2021,Organica,Берлин,Восток,Сыры,Моцарелла,"0,59",501,"295,59"
,3/29/2021,Go Bio,Берлин,Восток,Сыры,Моцарелла,"0,59",299,"176,41"
,3/29/2021,Sweetables,Гамбург,Север,Сыры,Филадельфия ,"0,89",167,"148,63"
,3/29/2021,Cooking Corner,Франкфурт,Запад,Сладости,Зефир,"0,65",33,"21,45"
,3/29/2021,Organica,Кёльн,Запад,Специи,Черный перец,"0,59",93,"54,87"
,3/29/2021,Gold Food,Гамбург,Север,Специи,Черный перец,"0,59",179,"105,61"
,3/29/2021,Organica,Франкфурт,Запад,Масла,Сливочное масло,"1,5",83,"124,5"
,3/29/2021,Cooking Corner,Штутгарт,Юг,Специи,Кориандр,"0,65",56,"36,4"
,3/29/2021,NutriFix,Гамбург,Север,Консервы,Килька в томате,"0,89",168,"149,52"
,3/29/2021,NutriFix,Дрезден,Восток,Сыры,Гауда,"1,59",75,"119,25"
,3/29/2021,Organica,Франкфурт,Запад,Сыры,Филадельфия ,"0,89",38,"33,82"
,3/29/2021,Organica,Франкфурт,Запад,Сыры,Филадельфия ,"0,89",25,"22,25"
,3/29/2021,Go Bio,Дрезден,Восток,Консервы,Шпроты,"1,15",23,"26,45"
,3/29/2021,Go Bio,Штутгарт,Юг,Крупы,Перловка,"1,2",194,"232,8"
,3/29/2021,Go Bio,Бремен,Север,Специи,Кориандр,"0,65",10,"6,5"
,3/29/2021,Gold Food,Гамбург,Север,Крупы,Перловка,"1,2",413,"495,6"
,3/29/2021,mymeal,Кёльн,Запад,Консервы,Шпроты,"1,15",65,"74,75"
,3/29/2021,NutriFix,Франкфурт,Запад,Напитки,Зеленый чай,"0,95",64,"60,8"
,3/29/2021,Cooking Corner,Бремен,Север,Сухофрукты,Изюм,"0,99",83,"82,17"
,3/29/2021,foodbite,Гамбург,Север,Сыры,Филадельфия ,"0,89",388,"345,32"
,3/29/2021,Go Bio,Гамбург,Север,Крупы,Рис,"0,96",311,"298,56"
,3/29/2021,Go Bio,Гамбург,Север,Масла,Оливковое масло,"1,7",100,170
,3/29/2021,Gold Food,Бремен,Север,Крупы,Рис,"0,96",181,"173,76"
,3/29/2021,NutriFix,Бремен,Север,Сыры,Филадельфия ,"0,89",48,"42,72"
,3/29/2021,mymeal,Дрезден,Восток,Масла,Сливочное масло,"1,5",95,"142,5"
,3/30/2021,Cooking Corner,Мюнхен,Юг,Сладости,Шоколад,"0,55",1039,"571,45"
,3/30/2021,NutriFix,Берлин,Восток,Консервы,Килька в томате,"0,89",227,"202,03"
,3/30/2021,NutriFix,Берлин,Восток,Консервы,Килька в томате,"0,89",305,"271,45"
,3/30/2021,Gold Food,Гамбург,Север,Сыры,Филадельфия ,"0,89",190,"169,1"
,3/30/2021,Organica,Мюнхен,Юг,Напитки,Черный чай,"0,99",182,"180,18"
,3/30/2021,Organica,Мюнхен,Юг,Консервы,Килька в томате,"0,89",118,"105,02"
,3/30/2021,Go Bio,Кёльн,Запад,Крупы,Гречка,"1,4",76,"106,4"
,3/30/2021,Cooking Corner,Франкфурт,Запад,Сыры,Филадельфия ,"0,89",103,"91,67"
,3/30/2021,NutriFix,Франкфурт,Запад,Сыры,Филадельфия ,"0,89",46,"40,94"
,3/30/2021,NutriFix,Мюнхен,Юг,Крупы,Гречка,"1,4",130,182
,3/30/2021,NutriFix,Мюнхен,Юг,Напитки,Зеленый чай,"0,95",415,"394,25"
,3/30/2021,Organica,Кёльн,Запад,Крупы,Рис,"0,96",276,"264,96"
,3/30/2021,Cooking Corner,Мюнхен,Юг,Консервы,Шпроты,"1,15",152,"174,8"
,3/30/2021,Go Bio,Мюнхен,Юг,Масла,Оливковое масло,"1,7",72,"122,4"
,3/30/2021,Organica,Франкфурт,Запад,Сыры,Филадельфия ,"0,89",36,"32,04"
,3/30/2021,Go Bio,Франкфурт,Запад,Консервы,Килька в томате,"0,89",30,"26,7"
,3/30/2021,Go Bio,Франкфурт,Запад,Сыры,Гауда,"1,59",98,"155,82"
,3/30/2021,NutriFix,Дрезден,Восток,Сухофрукты,Изюм,"0,99",35,"34,65"
,3/30/2021,Sweetables,Дрезден,Восток,Масла,Сливочное масло,"1,5",103,"154,5"
,3/30/2021,mymeal,Штутгарт,Юг,Специи,Кориандр,"0,65",26,"16,9"
,3/30/2021,mymeal,Штутгарт,Юг,Сладости,Шоколад,"0,55",272,"149,6"
,3/30/2021,mymeal,Штутгарт,Юг,Сухофрукты,Сушеные яблоки,"1,09",68,"74,12"
,3/30/2021,Sweetables,Штутгарт,Юг,Масла,Оливковое масло,"1,7",104,"176,8"
,3/30/2021,Organica,Бремен,Север,Сыры,Гауда,"1,59",127,"201,93"
,3/30/2021,Organica,Бремен,Север,Сыры,Филадельфия ,"0,89",44,"39,16"
,3/30/2021,Gold Food,Дрезден,Восток,Специи,Черный перец,"0,59",36,"21,24"
,3/30/2021,mymeal,Кёльн,Запад,Крупы,Гречка,"1,4",131,"183,4"
,3/30/2021,Cooking Corner,Кёльн,Запад,Сухофрукты,Изюм,"0,99",130,"128,7"
,3/30/2021,Cooking Corner,Кёльн,Запад,Крупы,Гречка,"1,4",280,392
,3/30/2021,foodbite,Кёльн,Запад,Сухофрукты,Курага,"1,19",126,"149,94"
,3/30/2021,NutriFix,Бремен,Север,Сухофрукты,Сушеные яблоки,"1,09",46,"50,14"
,3/30/2021,foodbite,Дрезден,Восток,Сладости,Шоколад,"0,55",232,"127,6"
,3/31/2021,Cooking Corner,Мюнхен,Юг,Сухофрукты,Изюм,"0,99",234,"231,66"
,3/31/2021,Gold Food,Гамбург,Север,Сладости,Мармелад,"0,6",185,111
,3/31/2021,Organica,Мюнхен,Юг,Масла,Сливочное масло,"1,5",192,288
,3/31/2021,Organica,Кёльн,Запад,Напитки,Черный чай,"0,99",61,"60,39"
,3/31/2021,NutriFix,Мюнхен,Юг,Масла,Подсолнечное масло,"1,19",392,"466,48"
,3/31/2021,Go Bio,Мюнхен,Юг,Консервы,Килька в томате,"0,89",100,89
,3/31/2021,NutriFix,Франкфурт,Запад,Сыры,Филадельфия ,"0,89",41,"36,49"
,3/31/2021,Organica,Франкфурт,Запад,Напитки,Кофе,"5,5",16,88
,3/31/2021,Go Bio,Франкфурт,Запад,Крупы,Перловка,"1,2",75,90
,3/31/2021,Sweetables,Франкфурт,Запад,Специи,Черный перец,"0,59",137,"80,83"
,3/31/2021,Sweetables,Франкфурт,Запад,Консервы,Килька в томате,"0,89",64,"56,96"
,3/31/2021,mymeal,Дрезден,Восток,Масла,Сливочное масло,"1,5",84,126
,3/31/2021,Sweetables,Дрезден,Восток,Консервы,Шпроты,"1,15",25,"28,75"
,3/31/2021,Sweetables,Дрезден,Восток,Специи,Черный перец,"0,59",32,"18,88"
,3/31/2021,Organica,Бремен,Север,Специи,Черный перец,"0,59",110,"64,9"
,3/31/2021,Organica,Берлин,Восток,Напитки,Зеленый чай,"0,95",167,"158,65"
,3/31/2021,Organica,Гамбург,Север,Сыры,Филадельфия ,"0,89",166,"147,74"
,3/31/2021,Sweetables,Гамбург,Север,Консервы,Шпроты,"1,15",142,"163,3"
,3/31/2021,Sweetables,Гамбург,Север,Специи,Базилик,"0,7",120,84
,3/31/2021,Gold Food,Гамбург,Север,Крупы,Перловка,"1,2",368,"441,6"
,3/31/2021,Gold Food,Мюнхен,Юг,Сладости,Мармелад,"0,6",155,93
,3/31/2021,Gold Food,Мюнхен,Юг,Крупы,Перловка,"1,2",262,"314,4"
,3/31/2021,foodbite,Кёльн,Запад,Сухофрукты,Сушеные яблоки,"1,09",141,"153,69"
,3/31/2021,foodbite,Кёльн,Запад,Напитки,Черный чай,"0,99",228,"225,72"
,3/31/2021,foodbite,Кёльн,Запад,Сладости,Мармелад,"0,6",179,"107,4"
,3/31/2021,foodbite,Кёльн,Запад,Сладости,Шоколад,"0,55",441,"242,55"
,3/31/2021,foodbite,Кёльн,Запад,Сладости,Зефир,"0,65",73,"47,45"
,3/31/2021,NutriFix,Бремен,Север,Сыры,Филадельфия ,"0,89",51,"45,39"
,3/31/2021,foodbite,Дрезден,Восток,Сыры,Гауда,"1,59",223,"354,57"
,4/1/2021,Go Bio,Мюнхен,Юг,Сухофрукты,Курага,"1,19",89,"105,91"
,4/1/2021,NutriFix,Берлин,Восток,Масла,Оливковое масло,"1,7",177,"300,9"
,4/1/2021,NutriFix,Берлин,Восток,Масла,Оливковое масло,"1,7",243,"413,1"
,4/1/2021,Sweetables,Бремен,Север,Масла,Сливочное масло,"1,5",111,"166,5"
,4/1/2021,Cooking Corner,Дрезден,Восток,Масла,Сливочное масло,"1,5",190,285
,4/1/2021,Organica,Бремен,Север,Сладости,Зефир,"0,65",14,"9,1"
,4/1/2021,Go Bio,Бремен,Север,Напитки,Черный чай,"0,99",28,"27,72"
,4/1/2021,Go Bio,Бремен,Север,Крупы,Гречка,"1,4",65,91
,4/1/2021,foodbite,Бремен,Север,Крупы,Гречка,"1,4",120,168
,4/1/2021,Cooking Corner,Дрезден,Восток,Сладости,Шоколад,"0,55",235,"129,25"
,4/1/2021,mymeal,Кёльн,Запад,Крупы,Гречка,"1,4",133,"186,2"
,4/1/2021,foodbite,Франкфурт,Запад,Специи,Базилик,"0,7",34,"23,8"
,4/1/2021,mymeal,Дрезден,Восток,Крупы,Гречка,"1,4",54,"75,6"
,4/1/2021,Sweetables,Дрезден,Восток,Напитки,Кофе,"5,5",22,121
,4/1/2021,NutriFix,Берлин,Восток,Крупы,Перловка,"1,2",368,"441,6"
,4/1/2021,Organica,Берлин,Восток,Консервы,Говядина тушеная,"1,19",134,"159,46"
,4/1/2021,Sweetables,Гамбург,Север,Напитки,Зеленый чай,"0,95",530,"503,5"
,4/1/2021,Sweetables,Гамбург,Север,Масла,Оливковое масло,"1,7",162,"275,4"
,4/1/2021,Go Bio,Гамбург,Север,Крупы,Гречка,"1,4",218,"305,2"
,4/1/2021,mymeal,Гамбург,Север,Масла,Оливковое масло,"1,7",125,"212,5"
,4/1/2021,Gold Food,Гамбург,Север,Крупы,Рис,"0,96",487,"467,52"
,4/1/2021,Gold Food,Гамбург,Север,Сладости,Шоколад,"0,55",651,"358,05"
,4/1/2021,mymeal,Кёльн,Запад,Сладости,Шоколад,"0,55",402,"221,1"
,4/1/2021,Gold Food,Кёльн,Запад,Сухофрукты,Курага,"1,19",87,"103,53"
,4/1/2021,Gold Food,Дрезден,Восток,Консервы,Говядина тушеная,"1,19",15,"17,85"
,4/1/2021,Gold Food,Дрезден,Восток,Сладости,Зефир,"0,65",22,"14,3"
,4/1/2021,NutriFix,Дрезден,Восток,Сладости,Зефир,"0,65",20,13
,4/1/2021,foodbite,Берлин,Восток,Напитки,Кофе,"5,5",488,2684
,4/1/2021,Sweetables,Берлин,Восток,Консервы,Килька в томате,"0,89",309,"275,01"
,4/2/2021,NutriFix,Гамбург,Север,Консервы,Говядина тушеная,"1,19",102,"121,38"
,4/2/2021,NutriFix,Гамбург,Север,Сыры,Моцарелла,"0,59",221,"130,39"
,4/2/2021,Cooking Corner,Мюнхен,Юг,Напитки,Кофе,"5,5",99,"544,5"
,4/2/2021,Cooking Corner,Мюнхен,Юг,Сыры,Гауда,"1,59",865,"1375,35"
,4/2/2021,Cooking Corner,Франкфурт,Запад,Сыры,Филадельфия ,"0,89",78,"69,42"
,4/2/2021,Cooking Corner,Франкфурт,Запад,Крупы,Перловка,"1,2",221,"265,2"
,4/2/2021,mymeal,Франкфурт,Запад,Консервы,Говядина тушеная,"1,19",19,"22,61"
,4/2/2021,Go Bio,Бремен,Север,Масла,Сливочное масло,"1,5",91,"136,5"
,4/2/2021,Gold Food,Бремен,Север,Сладости,Шоколад,"0,55",125,"68,75"
,4/2/2021,Cooking Corner,Дрезден,Восток,Напитки,Кофе,"5,5",27,"148,5"
,4/2/2021,mymeal,Дрезден,Восток,Крупы,Гречка,"1,4",63,"88,2"
,4/2/2021,mymeal,Дрезден,Восток,Крупы,Рис,"0,96",106,"101,76"
,4/2/2021,NutriFix,Штутгарт,Юг,Специи,Черный перец,"0,59",80,"47,2"
,4/2/2021,foodbite,Дрезден,Восток,Сухофрукты,Курага,"1,19",48,"57,12"
,4/2/2021,foodbite,Дрезден,Восток,Консервы,Шпроты,"1,15",37,"42,55"
,4/2/2021,mymeal,Дрезден,Восток,Крупы,Рис,"0,96",105,"100,8"
,4/2/2021,Gold Food,Берлин,Восток,Сладости,Мармелад,"0,6",172,"103,2"
,4/2/2021,NutriFix,Гамбург,Север,Крупы,Перловка,"1,2",286,"343,2"
,4/2/2021,Organica,Гамбург,Север,Сыры,Филадельфия ,"0,89",163,"145,07"
,4/2/2021,Organica,Гамбург,Север,Консервы,Шпроты,"1,15",110,"126,5"
,4/2/2021,Cooking Corner,Штутгарт,Юг,Сыры,Моцарелла,"0,59",326,"192,34"
,4/2/2021,Cooking Corner,Штутгарт,Юг,Крупы,Гречка,"1,4",334,"467,6"
,4/2/2021,Cooking Corner,Дрезден,Восток,Напитки,Кофе,"5,5",53,"291,5"
,4/2/2021,Sweetables,Дрезден,Восток,Сухофрукты,Сушеные яблоки,"1,09",22,"23,98"
,4/2/2021,NutriFix,Берлин,Восток,Напитки,Зеленый чай,"0,95",801,"760,95"
,4/2/2021,Organica,Берлин,Восток,Масла,Оливковое масло,"1,7",157,"266,9"
,4/2/2021,Cooking Corner,Мюнхен,Юг,Специи,Черный перец,"0,59",405,"238,95"
,4/2/2021,Sweetables,Мюнхен,Юг,Сухофрукты,Курага,"1,19",117,"139,23"
,4/2/2021,NutriFix,Мюнхен,Юг,Крупы,Рис,"0,96",265,"254,4"
,4/2/2021,Gold Food,Кёльн,Запад,Сухофрукты,Курага,"1,19",86,"102,34"
,4/2/2021,Organica,Кёльн,Запад,Сладости,Шоколад,"0,55",337,"185,35"
,4/2/2021,Gold Food,Дрезден,Восток,Консервы,Говядина тушеная,"1,19",18,"21,42"
,4/2/2021,NutriFix,Дрезден,Восток,Консервы,Шпроты,"1,15",30,"34,5"
,4/2/2021,foodbite,Берлин,Восток,Крупы,Рис,"0,96",1534,"1472,64"
,4/2/2021,foodbite,Берлин,Восток,Сыры,Филадельфия ,"0,89",504,"448,56"
,4/3/2021,Cooking Corner,Мюнхен,Юг,Сладости,Мармелад,"0,6",318,"190,8"
,4/3/2021,foodbite,Мюнхен,Юг,Сладости,Шоколад,"0,55",975,"536,25"
,4/3/2021,Gold Food,Берлин,Восток,Сладости,Зефир,"0,65",91,"59,15"
,4/3/2021,Organica,Берлин,Восток,Крупы,Гречка,"1,4",230,322
,4/3/2021,NutriFix,Бремен,Север,Специи,Кориандр,"0,65",9,"5,85"
,4/3/2021,mymeal,Дрезден,Восток,Крупы,Рис,"0,96",111,"106,56"
,4/3/2021,Go Bio,Штутгарт,Юг,Сыры,Филадельфия ,"0,89",98,"87,22"
,4/3/2021,Gold Food,Бремен,Север,Сыры,Моцарелла,"0,59",82,"48,38"
,4/3/2021,Cooking Corner,Берлин,Восток,Сладости,Мармелад,"0,6",357,"214,2"
,4/3/2021,Gold Food,Бремен,Север,Консервы,Говядина тушеная,"1,19",14,"16,66"
,4/3/2021,Go Bio,Бремен,Север,Сухофрукты,Курага,"1,19",21,"24,99"
,4/3/2021,NutriFix,Штутгарт,Юг,Напитки,Черный чай,"0,99",300,297
,4/3/2021,NutriFix,Штутгарт,Юг,Сладости,Шоколад,"0,55",424,"233,2"
,4/3/2021,Gold Food,Берлин,Восток,Сладости,Мармелад,"0,6",206,"123,6"
,4/3/2021,Organica,Берлин,Восток,Сладости,Мармелад,"0,6",231,"138,6"
,4/3/2021,Go Bio,Берлин,Восток,Специи,Базилик,"0,7",86,"60,2"
,4/3/2021,Gold Food,Гамбург,Север,Масла,Оливковое масло,"1,7",132,"224,4"
,4/3/2021,Gold Food,Гамбург,Север,Сладости,Мармелад,"0,6",206,"123,6"
,4/3/2021,Gold Food,Гамбург,Север,Консервы,Говядина тушеная,"1,19",27,"32,13"
,4/3/2021,NutriFix,Гамбург,Север,Сладости,Мармелад,"0,6",107,"64,2"
,4/3/2021,foodbite,Бремен,Север,Консервы,Килька в томате,"0,89",95,"84,55"
,4/3/2021,Cooking Corner,Дрезден,Восток,Консервы,Шпроты,"1,15",48,"55,2"
,4/3/2021,Cooking Corner,Дрезден,Восток,Напитки,Черный чай,"0,99",110,"108,9"
,4/3/2021,Go Bio,Дрезден,Восток,Напитки,Черный чай,"0,99",51,"50,49"
,4/3/2021,Go Bio,Дрезден,Восток,Специи,Черный перец,"0,59",56,"33,04"
,4/3/2021,NutriFix,Берлин,Восток,Консервы,Говядина тушеная,"1,19",162,"192,78"
,4/3/2021,Cooking Corner,Мюнхен,Юг,Специи,Кориандр,"0,65",80,52
,4/3/2021,Sweetables,Мюнхен,Юг,Сыры,Филадельфия ,"0,89",191,"169,99"
,4/3/2021,Sweetables,Мюнхен,Юг,Напитки,Зеленый чай,"0,95",328,"311,6"
,4/3/2021,NutriFix,Мюнхен,Юг,Напитки,Черный чай,"0,99",393,"389,07"
,4/3/2021,NutriFix,Мюнхен,Юг,Крупы,Гречка,"1,4",191,"267,4"
,4/3/2021,NutriFix,Мюнхен,Юг,Масла,Подсолнечное масло,"1,19",360,"428,4"
,4/3/2021,Organica,Кёльн,Запад,Консервы,Килька в томате,"0,89",88,"78,32"
,4/3/2021,Organica,Кёльн,Запад,Масла,Подсолнечное масло,"1,19",202,"240,38"
,4/3/2021,Sweetables,Дрезден,Восток,Сухофрукты,Курага,"1,19",22,"26,18"
,4/3/2021,Sweetables,Дрезден,Восток,Сыры,Моцарелла,"0,59",64,"37,76"
,4/4/2021,foodbite,Мюнхен,Юг,Консервы,Шпроты,"1,15",139,"159,85"
,4/4/2021,foodbite,Мюнхен,Юг,Масла,Сливочное масло,"1,5",698,1047
,4/4/2021,NutriFix,Дрезден,Восток,Сухофрукты,Изюм,"0,99",42,"41,58"
,4/4/2021,mymeal,Штутгарт,Юг,Масла,Подсолнечное масло,"1,19",366,"435,54"
,4/4/2021,Organica,Дрезден,Восток,Сыры,Гауда,"1,59",60,"95,4"
,4/4/2021,Organica,Берлин,Восток,Сыры,Гауда,"1,59",729,"1159,11"
,4/4/2021,Sweetables,Кёльн,Запад,Крупы,Гречка,"1,4",138,"193,2"
,4/4/2021,NutriFix,Штутгарт,Юг,Сыры,Моцарелла,"0,59",174,"102,66"
,4/4/2021,Cooking Corner,Бремен,Север,Консервы,Говядина тушеная,"1,19",35,"41,65"
,4/4/2021,foodbite,Дрезден,Восток,Крупы,Гречка,"1,4",95,133
,4/4/2021,foodbite,Дрезден,Восток,Сыры,Филадельфия ,"0,89",67,"59,63"
,4/4/2021,foodbite,Дрезден,Восток,Масла,Сливочное масло,"1,5",136,204
,4/4/2021,Cooking Corner,Кёльн,Запад,Консервы,Говядина тушеная,"1,19",106,"126,14"
,4/4/2021,Cooking Corner,Кёльн,Запад,Специи,Кориандр,"0,65",50,"32,5"
,4/4/2021,Go Bio,Берлин,Восток,Масла,Оливковое масло,"1,7",123,"209,1"
,4/4/2021,mymeal,Мюнхен,Юг,Напитки,Черный чай,"0,99",125,"123,75"
,4/4/2021,Cooking Corner,Дрезден,Восток,Специи,Кориандр,"0,65",18,"11,7"
,4/4/2021,mymeal,Дрезден,Восток,Крупы,Рис,"0,96",121,"116,16"
,4/4/2021,Sweetables,Дрезден,Восток,Напитки,Черный чай,"0,99",60,"59,4"
,4/5/2021,NutriFix,Дрезден,Восток,Масла,Сливочное масло,"1,5",62,93
,4/5/2021,NutriFix,Дрезден,Восток,Масла,Подсолнечное масло,"1,19",80,"95,2"
,4/5/2021,Organica,Дрезден,Восток,Сладости,Мармелад,"0,6",36,"21,6"
,4/5/2021,mymeal,Штутгарт,Юг,Крупы,Гречка,"1,4",126,"176,4"
,4/5/2021,mymeal,Штутгарт,Юг,Напитки,Кофе,"5,5",74,407
,4/5/2021,Organica,Дрезден,Восток,Крупы,Перловка,"1,2",55,66
,4/5/2021,Organica,Мюнхен,Юг,Крупы,Перловка,"1,2",175,210
,4/5/2021,Gold Food,Мюнхен,Юг,Масла,Сливочное масло,"1,5",310,465
,4/5/2021,NutriFix,Штутгарт,Юг,Специи,Базилик,"0,7",40,28
,4/5/2021,foodbite,Гамбург,Север,Крупы,Рис,"0,96",602,"577,92"
,4/5/2021,Cooking Corner,Кёльн,Запад,Крупы,Гречка,"1,4",262,"366,8"
,4/5/2021,Organica,Штутгарт,Юг,Сладости,Шоколад,"0,55",304,"167,2"
,4/5/2021,Organica,Штутгарт,Юг,Сухофрукты,Сушеные яблоки,"1,09",72,"78,48"
,4/5/2021,Cooking Corner,Дрезден,Восток,Специи,Базилик,"0,7",43,"30,1"
,4/5/2021,Cooking Corner,Дрезден,Восток,Сыры,Моцарелла,"0,59",140,"82,6"
,4/5/2021,mymeal,Дрезден,Восток,Сладости,Мармелад,"0,6",48,"28,8"
,4/5/2021,Organica,Берлин,Восток,Напитки,Черный чай,"0,99",643,"636,57"
,4/6/2021,foodbite,Кёльн,Запад,Крупы,Гречка,"1,4",237,"331,8"
,4/6/2021,foodbite,Кёльн,Запад,Сухофрукты,Изюм,"0,99",226,"223,74"
,4/6/2021,foodbite,Кёльн,Запад,Сладости,Зефир,"0,65",72,"46,8"
,4/6/2021,Cooking Corner,Берлин,Восток,Крупы,Рис,"0,96",1420,"1363,2"
,4/6/2021,Sweetables,Дрезден,Восток,Масла,Сливочное масло,"1,5",113,"169,5"
,4/6/2021,Sweetables,Дрезден,Восток,Специи,Кориандр,"0,65",9,"5,85"
,4/6/2021,Go Bio,Мюнхен,Юг,Сухофрукты,Курага,"1,19",60,"71,4"
,4/6/2021,Gold Food,Мюнхен,Юг,Специи,Черный перец,"0,59",277,"163,43"
,4/6/2021,Go Bio,Мюнхен,Юг,Масла,Сливочное масло,"1,5",288,432
,4/6/2021,Go Bio,Мюнхен,Юг,Масла,Сливочное масло,"1,5",306,459
,4/6/2021,Cooking Corner,Кёльн,Запад,Сухофрукты,Сушеные яблоки,"1,09",148,"161,32"
,4/6/2021,NutriFix,Штутгарт,Юг,Сыры,Филадельфия ,"0,89",136,"121,04"
,4/6/2021,Go Bio,Мюнхен,Юг,Крупы,Рис,"0,96",268,"257,28"
,4/6/2021,Go Bio,Мюнхен,Юг,Специи,Черный перец,"0,59",75,"44,25"
,4/6/2021,Organica,Берлин,Восток,Консервы,Говядина тушеная,"1,19",87,"103,53"
,4/6/2021,Cooking Corner,Штутгарт,Юг,Консервы,Шпроты,"1,15",72,"82,8"
,4/6/2021,Cooking Corner,Штутгарт,Юг,Сладости,Мармелад,"0,6",254,"152,4"
,4/7/2021,mymeal,Дрезден,Восток,Напитки,Зеленый чай,"0,95",111,"105,45"
,4/7/2021,Go Bio,Мюнхен,Юг,Консервы,Килька в томате,"0,89",114,"101,46"
,4/7/2021,mymeal,Кёльн,Запад,Крупы,Гречка,"1,4",169,"236,6"
,4/7/2021,Go Bio,Мюнхен,Юг,Крупы,Перловка,"1,2",276,"331,2"
,4/7/2021,Cooking Corner,Кёльн,Запад,Консервы,Говядина тушеная,"1,19",102,"121,38"
,4/7/2021,mymeal,Штутгарт,Юг,Сыры,Гауда,"1,59",500,795
,4/7/2021,Sweetables,Берлин,Восток,Масла,Сливочное масло,"1,5",758,1137
,4/7/2021,Sweetables,Берлин,Восток,Крупы,Гречка,"1,4",310,434
,4/7/2021,mymeal,Берлин,Восток,Напитки,Черный чай,"0,99",877,"868,23"
,4/7/2021,mymeal,Берлин,Восток,Сладости,Мармелад,"0,6",378,"226,8"
,4/7/2021,NutriFix,Мюнхен,Юг,Консервы,Шпроты,"1,15",115,"132,25"
,4/7/2021,Cooking Corner,Франкфурт,Запад,Сыры,Филадельфия ,"0,89",118,"105,02"
,4/7/2021,Go Bio,Бремен,Север,Сухофрукты,Изюм,"0,99",52,"51,48"
,4/7/2021,foodbite,Гамбург,Север,Сыры,Гауда,"1,59",628,"998,52"
,4/7/2021,Cooking Corner,Штутгарт,Юг,Масла,Оливковое масло,"1,7",122,"207,4"
,4/8/2021,Gold Food,Кёльн,Запад,Масла,Оливковое масло,"1,7",57,"96,9"
,4/8/2021,Gold Food,Штутгарт,Юг,Масла,Оливковое масло,"1,7",86,"146,2"
,4/8/2021,foodbite,Дрезден,Восток,Сладости,Шоколад,"0,55",285,"156,75"
,4/8/2021,mymeal,Дрезден,Восток,Специи,Кориандр,"0,65",9,"5,85"
,4/8/2021,mymeal,Дрезден,Восток,Масла,Подсолнечное масло,"1,19",123,"146,37"
,4/8/2021,Sweetables,Мюнхен,Юг,Напитки,Черный чай,"0,99",186,"184,14"
,4/8/2021,Cooking Corner,Кёльн,Запад,Крупы,Перловка,"1,2",401,"481,2"
,4/8/2021,mymeal,Штутгарт,Юг,Напитки,Кофе,"5,5",160,880
,4/8/2021,Sweetables,Берлин,Восток,Специи,Кориандр,"0,65",91,"59,15"
,4/8/2021,Go Bio,Гамбург,Север,Специи,Кориандр,"0,65",43,"27,95"
,4/8/2021,foodbite,Мюнхен,Юг,Масла,Сливочное масло,"1,5",553,"829,5"
,4/8/2021,foodbite,Мюнхен,Юг,Консервы,Говядина тушеная,"1,19",85,"101,15"
,4/8/2021,mymeal,Мюнхен,Юг,Сухофрукты,Изюм,"0,99",149,"147,51"
,4/8/2021,NutriFix,Мюнхен,Юг,Сладости,Зефир,"0,65",55,"35,75"
,4/8/2021,Go Bio,Бремен,Север,Напитки,Черный чай,"0,99",104,"102,96"
,4/8/2021,Go Bio,Бремен,Север,Напитки,Кофе,"5,5",22,121
,4/8/2021,foodbite,Мюнхен,Юг,Масла,Подсолнечное масло,"1,19",715,"850,85"
,4/8/2021,foodbite,Мюнхен,Юг,Крупы,Перловка,"1,2",490,588
,4/8/2021,foodbite,Мюнхен,Юг,Специи,Базилик,"0,7",80,56
,4/9/2021,Gold Food,Кёльн,Запад,Консервы,Килька в томате,"0,89",103,"91,67"
,4/9/2021,Gold Food,Кёльн,Запад,Сухофрукты,Курага,"1,19",83,"98,77"
,4/9/2021,NutriFix,Кёльн,Запад,Напитки,Зеленый чай,"0,95",142,"134,9"
,4/9/2021,Gold Food,Штутгарт,Юг,Крупы,Перловка,"1,2",178,"213,6"
,4/9/2021,Gold Food,Штутгарт,Юг,Напитки,Зеленый чай,"0,95",330,"313,5"
,4/9/2021,Organica,Штутгарт,Юг,Масла,Оливковое масло,"1,7",86,"146,2"
,4/9/2021,foodbite,Берлин,Восток,Сухофрукты,Сушеные яблоки,"1,09",413,"450,17"
,4/9/2021,mymeal,Берлин,Восток,Консервы,Килька в томате,"0,89",373,"331,97"
,4/9/2021,mymeal,Берлин,Восток,Сладости,Мармелад,"0,6",229,"137,4"
,4/9/2021,Organica,Штутгарт,Юг,Напитки,Кофе,"5,5",74,407
,4/9/2021,Go Bio,Бремен,Север,Крупы,Рис,"0,96",137,"131,52"
,4/9/2021,Cooking Corner,Берлин,Восток,Сухофрукты,Изюм,"0,99",629,"622,71"
,4/9/2021,foodbite,Мюнхен,Юг,Специи,Черный перец,"0,59",763,"450,17"
,4/9/2021,foodbite,Мюнхен,Юг,Масла,Подсолнечное масло,"1,19",687,"817,53"
,4/9/2021,Go Bio,Дрезден,Восток,Крупы,Рис,"0,96",100,96
,4/9/2021,Cooking Corner,Берлин,Восток,Напитки,Кофе,"5,5",266,1463
,4/9/2021,Cooking Corner,Берлин,Восток,Крупы,Гречка,"1,4",639,"894,6"
,4/9/2021,Gold Food,Берлин,Восток,Сыры,Филадельфия ,"0,89",224,"199,36"
,4/9/2021,Sweetables,Мюнхен,Юг,Сладости,Мармелад,"0,6",107,"64,2"
,4/9/2021,Sweetables,Мюнхен,Юг,Крупы,Гречка,"1,4",206,"288,4"
,4/9/2021,NutriFix,Франкфурт,Запад,Сыры,Филадельфия ,"0,89",39,"34,71"
,4/9/2021,foodbite,Франкфурт,Запад,Сухофрукты,Курага,"1,19",58,"69,02"
,4/9/2021,Organica,Штутгарт,Юг,Сухофрукты,Курага,"1,19",56,"66,64"
,4/9/2021,Organica,Штутгарт,Юг,Масла,Оливковое масло,"1,7",48,"81,6"
,4/9/2021,Organica,Берлин,Восток,Масла,Сливочное масло,"1,5",455,"682,5"
,4/9/2021,Gold Food,Гамбург,Север,Напитки,Черный чай,"0,99",444,"439,56"
,4/9/2021,Gold Food,Гамбург,Север,Консервы,Говядина тушеная,"1,19",54,"64,26"
,4/9/2021,Go Bio,Гамбург,Север,Напитки,Черный чай,"0,99",399,"395,01"
,4/9/2021,Organica,Мюнхен,Юг,Специи,Кориандр,"0,65",21,"13,65"
,4/9/2021,Organica,Мюнхен,Юг,Специи,Базилик,"0,7",50,35
,4/9/2021,Organica,Штутгарт,Юг,Консервы,Шпроты,"1,15",42,"48,3"
,4/9/2021,Cooking Corner,Берлин,Восток,Крупы,Перловка,"1,2",1005,1206
,4/9/2021,foodbite,Мюнхен,Юг,Сухофрукты,Изюм,"0,99",272,"269,28"
,4/9/2021,NutriFix,Гамбург,Север,Напитки,Черный чай,"0,99",504,"498,96"
,4/9/2021,foodbite,Мюнхен,Юг,Сухофрукты,Курага,"1,19",210,"249,9"
,4/9/2021,NutriFix,Мюнхен,Юг,Консервы,Говядина тушеная,"1,19",73,"86,87"
,4/9/2021,NutriFix,Мюнхен,Юг,Масла,Оливковое масло,"1,7",123,"209,1"
,4/10/2021,NutriFix,Кёльн,Запад,Сыры,Моцарелла,"0,59",197,"116,23"
,4/10/2021,mymeal,Бремен,Север,Масла,Подсолнечное масло,"1,19",133,"158,27"
,4/10/2021,mymeal,Берлин,Восток,Напитки,Кофе,"5,5",239,"1314,5"
,4/10/2021,Organica,Штутгарт,Юг,Сыры,Гауда,"1,59",334,"531,06"
,4/10/2021,Go Bio,Бремен,Север,Крупы,Рис,"0,96",93,"89,28"
,4/10/2021,Go Bio,Бремен,Север,Консервы,Шпроты,"1,15",33,"37,95"
,4/10/2021,Go Bio,Дрезден,Восток,Сыры,Гауда,"1,59",106,"168,54"
,4/10/2021,Sweetables,Берлин,Восток,Напитки,Черный чай,"0,99",898,"889,02"
,4/10/2021,Gold Food,Берлин,Восток,Сыры,Филадельфия ,"0,89",203,"180,67"
,4/10/2021,Gold Food,Берлин,Восток,Консервы,Шпроты,"1,15",112,"128,8"
,4/10/2021,mymeal,Мюнхен,Юг,Специи,Кориандр,"0,65",44,"28,6"
,4/10/2021,NutriFix,Франкфурт,Запад,Сухофрукты,Сушеные яблоки,"1,09",35,"38,15"
,4/10/2021,Organica,Берлин,Восток,Масла,Оливковое масло,"1,7",157,"266,9"
,4/10/2021,Organica,Кёльн,Запад,Крупы,Перловка,"1,2",149,"178,8"
,4/10/2021,Go Bio,Франкфурт,Запад,Консервы,Говядина тушеная,"1,19",13,"15,47"
,4/10/2021,Go Bio,Франкфурт,Запад,Консервы,Килька в томате,"0,89",40,"35,6"
,4/10/2021,Organica,Берлин,Восток,Масла,Подсолнечное масло,"1,19",476,"566,44"
,4/10/2021,Gold Food,Гамбург,Север,Сладости,Зефир,"0,65",83,"53,95"
,4/10/2021,Gold Food,Франкфурт,Запад,Сухофрукты,Сушеные яблоки,"1,09",33,"35,97"
,4/10/2021,Organica,Штутгарт,Юг,Напитки,Кофе,"5,5",62,341
,4/10/2021,Cooking Corner,Гамбург,Север,Напитки,Кофе,"5,5",124,682
,4/10/2021,mymeal,Гамбург,Север,Напитки,Зеленый чай,"0,95",364,"345,8"
,4/10/2021,NutriFix,Гамбург,Север,Специи,Базилик,"0,7",59,"41,3"
,4/10/2021,NutriFix,Гамбург,Север,Сыры,Моцарелла,"0,59",331,"195,29"
,4/10/2021,NutriFix,Мюнхен,Юг,Сухофрукты,Курага,"1,19",105,"124,95"
,4/10/2021,Go Bio,Мюнхен,Юг,Сладости,Шоколад,"0,55",454,"249,7"
,4/10/2021,Sweetables,Штутгарт,Юг,Сыры,Филадельфия ,"0,89",152,"135,28"
,4/10/2021,Sweetables,Штутгарт,Юг,Консервы,Шпроты,"1,15",82,"94,3"
,4/10/2021,NutriFix,Бремен,Север,Консервы,Говядина тушеная,"1,19",18,"21,42"
,4/11/2021,Organica,Франкфурт,Запад,Крупы,Гречка,"1,4",58,"81,2"
,4/11/2021,foodbite,Штутгарт,Юг,Сладости,Зефир,"0,65",102,"66,3"
,4/11/2021,mymeal,Бремен,Север,Сыры,Моцарелла,"0,59",143,"84,37"
,4/11/2021,Sweetables,Гамбург,Север,Консервы,Килька в томате,"0,89",149,"132,61"
,4/11/2021,Gold Food,Гамбург,Север,Сухофрукты,Курага,"1,19",91,"108,29"
,4/11/2021,Organica,Штутгарт,Юг,Сладости,Шоколад,"0,55",346,"190,3"
,4/11/2021,Organica,Бремен,Север,Сухофрукты,Курага,"1,19",37,"44,03"
,4/11/2021,Organica,Бремен,Север,Напитки,Зеленый чай,"0,95",111,"105,45"
,4/11/2021,mymeal,Гамбург,Север,Масла,Оливковое масло,"1,7",177,"300,9"
,4/11/2021,Sweetables,Мюнхен,Юг,Консервы,Шпроты,"1,15",80,92
,4/11/2021,mymeal,Мюнхен,Юг,Специи,Черный перец,"0,59",155,"91,45"
,4/11/2021,mymeal,Мюнхен,Юг,Сладости,Зефир,"0,65",76,"49,4"
,4/11/2021,Cooking Corner,Франкфурт,Запад,Сыры,Филадельфия ,"0,89",110,"97,9"
,4/11/2021,NutriFix,Франкфурт,Запад,Масла,Оливковое масло,"1,7",31,"52,7"
,4/11/2021,Organica,Мюнхен,Юг,Специи,Кориандр,"0,65",34,"22,1"
,4/11/2021,Organica,Мюнхен,Юг,Масла,Оливковое масло,"1,7",76,"129,2"
,4/11/2021,Gold Food,Франкфурт,Запад,Сладости,Мармелад,"0,6",47,"28,2"
,4/11/2021,Gold Food,Франкфурт,Запад,Крупы,Рис,"0,96",92,"88,32"
,4/11/2021,Gold Food,Франкфурт,Запад,Сухофрукты,Изюм,"0,99",50,"49,5"
,4/11/2021,Go Bio,Франкфурт,Запад,Консервы,Шпроты,"1,15",33,"37,95"
,4/11/2021,mymeal,Штутгарт,Юг,Сухофрукты,Сушеные яблоки,"1,09",74,"80,66"
,4/11/2021,mymeal,Берлин,Восток,Консервы,Килька в томате,"0,89",344,"306,16"
,4/11/2021,Sweetables,Берлин,Восток,Сухофрукты,Курага,"1,19",167,"198,73"
,4/11/2021,NutriFix,Берлин,Восток,Специи,Кориандр,"0,65",62,"40,3"
,4/11/2021,NutriFix,Берлин,Восток,Сухофрукты,Изюм,"0,99",278,"275,22"
,4/11/2021,Go Bio,Берлин,Восток,Крупы,Рис,"0,96",750,720
,4/11/2021,Organica,Мюнхен,Юг,Сыры,Моцарелла,"0,59",261,"153,99"
,4/11/2021,Organica,Мюнхен,Юг,Сыры,Филадельфия ,"0,89",120,"106,8"
,4/11/2021,Organica,Мюнхен,Юг,Напитки,Кофе,"5,5",107,"588,5"
,4/11/2021,Go Bio,Франкфурт,Запад,Сыры,Моцарелла,"0,59",56,"33,04"
,4/11/2021,Sweetables,Штутгарт,Юг,Сладости,Зефир,"0,65",68,"44,2"
,4/11/2021,NutriFix,Бремен,Север,Сыры,Филадельфия ,"0,89",36,"32,04"
,4/12/2021,Organica,Кёльн,Запад,Масла,Сливочное масло,"1,5",139,"208,5"
,4/12/2021,Organica,Кёльн,Запад,Напитки,Кофе,"5,5",29,"159,5"
,4/12/2021,Gold Food,Франкфурт,Запад,Сыры,Моцарелла,"0,59",118,"69,62"
,4/12/2021,Gold Food,Франкфурт,Запад,Масла,Оливковое масло,"1,7",42,"71,4"
,4/12/2021,Organica,Франкфурт,Запад,Консервы,Шпроты,"1,15",15,"17,25"
,4/12/2021,foodbite,Штутгарт,Юг,Напитки,Черный чай,"0,99",248,"245,52"
,4/12/2021,foodbite,Штутгарт,Юг,Специи,Кориандр,"0,65",70,"45,5"
,4/12/2021,mymeal,Бремен,Север,Специи,Кориандр,"0,65",12,"7,8"
,4/12/2021,Sweetables,Гамбург,Север,Сыры,Моцарелла,"0,59",373,"220,07"
,4/12/2021,Sweetables,Гамбург,Север,Сыры,Моцарелла,"0,59",478,"282,02"
,4/12/2021,Gold Food,Гамбург,Север,Сладости,Мармелад,"0,6",172,"103,2"
,4/12/2021,mymeal,Бремен,Север,Сыры,Гауда,"1,59",155,"246,45"
,4/12/2021,Cooking Corner,Дрезден,Восток,Консервы,Килька в томате,"0,89",46,"40,94"
,4/12/2021,Sweetables,Гамбург,Север,Специи,Базилик,"0,7",86,"60,2"
,4/12/2021,foodbite,Мюнхен,Юг,Сухофрукты,Курага,"1,19",141,"167,79"
,4/12/2021,Cooking Corner,Кёльн,Запад,Сладости,Мармелад,"0,6",226,"135,6"
,4/12/2021,Cooking Corner,Кёльн,Запад,Сыры,Гауда,"1,59",572,"909,48"
,4/12/2021,foodbite,Кёльн,Запад,Сухофрукты,Сушеные яблоки,"1,09",153,"166,77"
,4/12/2021,foodbite,Кёльн,Запад,Масла,Сливочное масло,"1,5",473,"709,5"
,4/12/2021,foodbite,Гамбург,Север,Сладости,Мармелад,"0,6",368,"220,8"
,4/12/2021,foodbite,Гамбург,Север,Консервы,Шпроты,"1,15",266,"305,9"
,4/12/2021,Cooking Corner,Мюнхен,Юг,Масла,Оливковое масло,"1,7",147,"249,9"
,4/12/2021,NutriFix,Берлин,Восток,Масла,Сливочное масло,"1,5",762,1143
,4/12/2021,NutriFix,Берлин,Восток,Масла,Оливковое масло,"1,7",140,238
,4/12/2021,Cooking Corner,Франкфурт,Запад,Сыры,Гауда,"1,59",276,"438,84"
,4/12/2021,NutriFix,Берлин,Восток,Сыры,Гауда,"1,59",780,"1240,2"
,4/12/2021,NutriFix,Берлин,Восток,Сладости,Зефир,"0,65",135,"87,75"
,4/12/2021,mymeal,Мюнхен,Юг,Напитки,Черный чай,"0,99",263,"260,37"
,4/12/2021,mymeal,Мюнхен,Юг,Крупы,Гречка,"1,4",207,"289,8"
,4/12/2021,mymeal,Мюнхен,Юг,Консервы,Говядина тушеная,"1,19",30,"35,7"
,4/12/2021,foodbite,Штутгарт,Юг,Крупы,Рис,"0,96",512,"491,52"
,4/12/2021,mymeal,Штутгарт,Юг,Консервы,Шпроты,"1,15",118,"135,7"
,4/12/2021,mymeal,Берлин,Восток,Консервы,Шпроты,"1,15",275,"316,25"
,4/12/2021,Sweetables,Берлин,Восток,Сладости,Шоколад,"0,55",1189,"653,95"
,4/12/2021,NutriFix,Берлин,Восток,Сыры,Гауда,"1,59",618,"982,62"
,4/12/2021,Organica,Гамбург,Север,Сладости,Мармелад,"0,6",125,75
,4/12/2021,Organica,Бремен,Север,Крупы,Гречка,"1,4",44,"61,6"
,4/13/2021,Organica,Франкфурт,Запад,Крупы,Перловка,"1,2",83,"99,6"
,4/13/2021,Sweetables,Бремен,Север,Специи,Кориандр,"0,65",13,"8,45"
,4/13/2021,Sweetables,Бремен,Север,Специи,Базилик,"0,7",31,"21,7"
,4/13/2021,NutriFix,Бремен,Север,Крупы,Рис,"0,96",166,"159,36"
,4/13/2021,Gold Food,Гамбург,Север,Крупы,Рис,"0,96",574,"551,04"
,4/13/2021,mymeal,Бремен,Север,Крупы,Перловка,"1,2",110,132
,4/13/2021,Cooking Corner,Дрезден,Восток,Сыры,Филадельфия ,"0,89",56,"49,84"
,4/13/2021,Cooking Corner,Дрезден,Восток,Сыры,Моцарелла,"0,59",135,"79,65"
,4/13/2021,foodbite,Мюнхен,Юг,Консервы,Килька в томате,"0,89",304,"270,56"
,4/13/2021,foodbite,Мюнхен,Юг,Сыры,Моцарелла,"0,59",444,"261,96"
,4/13/2021,foodbite,Гамбург,Север,Специи,Базилик,"0,7",112,"78,4"
,4/13/2021,NutriFix,Гамбург,Север,Масла,Сливочное масло,"1,5",323,"484,5"
,4/13/2021,NutriFix,Берлин,Восток,Специи,Черный перец,"0,59",373,"220,07"
,4/13/2021,foodbite,Мюнхен,Юг,Масла,Оливковое масло,"1,7",192,"326,4"
,4/13/2021,foodbite,Мюнхен,Юг,Специи,Черный перец,"0,59",377,"222,43"
,4/13/2021,Gold Food,Кёльн,Запад,Специи,Базилик,"0,7",55,"38,5"
,4/13/2021,Sweetables,Берлин,Восток,Крупы,Рис,"0,96",666,"639,36"
,4/13/2021,Gold Food,Берлин,Восток,Крупы,Перловка,"1,2",333,"399,6"
,4/13/2021,NutriFix,Гамбург,Север,Масла,Оливковое масло,"1,7",139,"236,3"
,4/13/2021,Organica,Франкфурт,Запад,Специи,Черный перец,"0,59",118,"69,62"
,4/13/2021,Organica,Бремен,Север,Напитки,Кофе,"5,5",30,165
,4/13/2021,Cooking Corner,Дрезден,Восток,Крупы,Перловка,"1,2",145,174
,4/13/2021,mymeal,Дрезден,Восток,Крупы,Перловка,"1,2",83,"99,6"
,4/14/2021,Sweetables,Франкфурт,Запад,Специи,Кориандр,"0,65",13,"8,45"
,4/14/2021,Cooking Corner,Гамбург,Север,Масла,Оливковое масло,"1,7",274,"465,8"
,4/14/2021,Cooking Corner,Гамбург,Север,Сладости,Зефир,"0,65",195,"126,75"
,4/14/2021,NutriFix,Кёльн,Запад,Напитки,Черный чай,"0,99",184,"182,16"
,4/14/2021,mymeal,Гамбург,Север,Масла,Подсолнечное масло,"1,19",502,"597,38"
,4/14/2021,mymeal,Гамбург,Север,Сухофрукты,Курага,"1,19",108,"128,52"
,4/14/2021,NutriFix,Гамбург,Север,Консервы,Говядина тушеная,"1,19",92,"109,48"
,4/14/2021,Go Bio,Гамбург,Север,Сыры,Филадельфия ,"0,89",98,"87,22"
,4/14/2021,foodbite,Мюнхен,Юг,Масла,Подсолнечное масло,"1,19",607,"722,33"
,4/14/2021,foodbite,Кёльн,Запад,Масла,Подсолнечное масло,"1,19",305,"362,95"
,4/14/2021,foodbite,Кёльн,Запад,Масла,Подсолнечное масло,"1,19",420,"499,8"
,4/14/2021,Gold Food,Кёльн,Запад,Масла,Оливковое масло,"1,7",90,153
,4/14/2021,mymeal,Дрезден,Восток,Сыры,Филадельфия ,"0,89",36,"32,04"
,4/14/2021,mymeal,Дрезден,Восток,Сухофрукты,Курага,"1,19",36,"42,84"
,4/15/2021,Sweetables,Франкфурт,Запад,Специи,Базилик,"0,7",21,"14,7"
,4/15/2021,Cooking Corner,Мюнхен,Юг,Масла,Подсолнечное масло,"1,19",468,"556,92"
,4/15/2021,Cooking Corner,Мюнхен,Юг,Крупы,Рис,"0,96",660,"633,6"
,4/15/2021,Go Bio,Мюнхен,Юг,Масла,Сливочное масло,"1,5",206,309
,4/15/2021,NutriFix,Кёльн,Запад,Сладости,Шоколад,"0,55",403,"221,65"
,4/15/2021,Gold Food,Франкфурт,Запад,Сладости,Зефир,"0,65",15,"9,75"
,4/15/2021,mymeal,Гамбург,Север,Сыры,Гауда,"1,59",602,"957,18"
,4/15/2021,Organica,Берлин,Восток,Масла,Оливковое масло,"1,7",126,"214,2"
,4/15/2021,Organica,Берлин,Восток,Специи,Черный перец,"0,59",239,"141,01"
,4/15/2021,Go Bio,Гамбург,Север,Сыры,Филадельфия ,"0,89",154,"137,06"
,4/15/2021,foodbite,Гамбург,Север,Напитки,Черный чай,"0,99",458,"453,42"
,4/15/2021,foodbite,Гамбург,Север,Сладости,Мармелад,"0,6",266,"159,6"
,4/15/2021,Go Bio,Гамбург,Север,Напитки,Кофе,"5,5",103,"566,5"
,4/15/2021,Go Bio,Гамбург,Север,Сухофрукты,Курага,"1,19",111,"132,09"
,4/15/2021,foodbite,Кёльн,Запад,Масла,Оливковое масло,"1,7",135,"229,5"
,4/15/2021,mymeal,Кёльн,Запад,Напитки,Черный чай,"0,99",219,"216,81"
,4/15/2021,Sweetables,Кёльн,Запад,Масла,Оливковое масло,"1,7",66,"112,2"
,4/15/2021,Organica,Кёльн,Запад,Сладости,Мармелад,"0,6",84,"50,4"
,4/15/2021,foodbite,Франкфурт,Запад,Сладости,Шоколад,"0,55",195,"107,25"
,4/15/2021,Sweetables,Бремен,Север,Специи,Черный перец,"0,59",136,"80,24"
,4/15/2021,Sweetables,Бремен,Север,Масла,Сливочное масло,"1,5",170,255
,4/16/2021,Gold Food,Франкфурт,Запад,Напитки,Кофе,"5,5",27,"148,5"
,4/16/2021,Cooking Corner,Франкфурт,Запад,Сыры,Гауда,"1,59",322,"511,98"
,4/16/2021,Cooking Corner,Франкфурт,Запад,Сладости,Зефир,"0,65",32,"20,8"
,4/16/2021,mymeal,Мюнхен,Юг,Сухофрукты,Сушеные яблоки,"1,09",107,"116,63"
,4/16/2021,NutriFix,Кёльн,Запад,Специи,Базилик,"0,7",52,"36,4"
,4/16/2021,foodbite,Франкфурт,Запад,Специи,Кориандр,"0,65",26,"16,9"
,4/16/2021,Organica,Берлин,Восток,Напитки,Черный чай,"0,99",314,"310,86"
,4/16/2021,Go Bio,Гамбург,Север,Сладости,Зефир,"0,65",48,"31,2"
,4/16/2021,Sweetables,Кёльн,Запад,Сладости,Зефир,"0,65",60,39
,4/16/2021,Sweetables,Кёльн,Запад,Сыры,Филадельфия ,"0,89",103,"91,67"
,4/16/2021,Sweetables,Бремен,Север,Масла,Подсолнечное масло,"1,19",96,"114,24"
,4/17/2021,Gold Food,Франкфурт,Запад,Сыры,Филадельфия ,"0,89",53,"47,17"
,4/17/2021,Gold Food,Франкфурт,Запад,Сухофрукты,Сушеные яблоки,"1,09",43,"46,87"
,4/17/2021,Organica,Кёльн,Запад,Сладости,Мармелад,"0,6",77,"46,2"
,4/17/2021,Organica,Кёльн,Запад,Сладости,Зефир,"0,65",32,"20,8"
,4/17/2021,foodbite,Франкфурт,Запад,Крупы,Перловка,"1,2",197,"236,4"
,4/17/2021,mymeal,Франкфурт,Запад,Масла,Сливочное масло,"1,5",158,237
,4/17/2021,Gold Food,Штутгарт,Юг,Крупы,Рис,"0,96",288,"276,48"
,4/17/2021,Sweetables,Гамбург,Север,Консервы,Килька в томате,"0,89",154,"137,06"
,4/17/2021,Organica,Гамбург,Север,Сухофрукты,Курага,"1,19",114,"135,66"
,4/17/2021,mymeal,Бремен,Север,Специи,Кориандр,"0,65",13,"8,45"
,4/17/2021,Sweetables,Дрезден,Восток,Крупы,Рис,"0,96",119,"114,24"
,4/17/2021,Sweetables,Дрезден,Восток,Масла,Подсолнечное масло,"1,19",92,"109,48"
,4/18/2021,NutriFix,Франкфурт,Запад,Напитки,Зеленый чай,"0,95",85,"80,75"
,4/18/2021,foodbite,Штутгарт,Юг,Масла,Сливочное масло,"1,5",470,705
,4/18/2021,Gold Food,Мюнхен,Юг,Сухофрукты,Курага,"1,19",110,"130,9"
,4/18/2021,Gold Food,Мюнхен,Юг,Сладости,Мармелад,"0,6",166,"99,6"
,4/18/2021,Organica,Кёльн,Запад,Масла,Подсолнечное масло,"1,19",195,"232,05"
,4/18/2021,Organica,Берлин,Восток,Напитки,Зеленый чай,"0,95",408,"387,6"
,4/18/2021,Organica,Берлин,Восток,Сладости,Шоколад,"0,55",859,"472,45"
,4/18/2021,Sweetables,Дрезден,Восток,Сухофрукты,Сушеные яблоки,"1,09",34,"37,06"
,4/18/2021,Gold Food,Дрезден,Восток,Сухофрукты,Сушеные яблоки,"1,09",26,"28,34"
,4/18/2021,Cooking Corner,Гамбург,Север,Сухофрукты,Изюм,"0,99",255,"252,45"
,4/19/2021,NutriFix,Франкфурт,Запад,Масла,Подсолнечное масло,"1,19",113,"134,47"
,4/19/2021,foodbite,Штутгарт,Юг,Масла,Оливковое масло,"1,7",124,"210,8"
,4/19/2021,foodbite,Штутгарт,Юг,Напитки,Кофе,"5,5",98,539
,4/19/2021,Sweetables,Штутгарт,Юг,Консервы,Шпроты,"1,15",88,"101,2"
,4/19/2021,Gold Food,Мюнхен,Юг,Сладости,Зефир,"0,65",57,"37,05"
,4/19/2021,Organica,Мюнхен,Юг,Сухофрукты,Курага,"1,19",80,"95,2"
,4/19/2021,Go Bio,Кёльн,Запад,Сыры,Моцарелла,"0,59",119,"70,21"
,4/19/2021,Go Bio,Кёльн,Запад,Консервы,Говядина тушеная,"1,19",20,"23,8"
,4/19/2021,Gold Food,Дрезден,Восток,Сухофрукты,Курага,"1,19",32,"38,08"
,4/19/2021,Gold Food,Дрезден,Восток,Масла,Подсолнечное масло,"1,19",85,"101,15"
,4/19/2021,Cooking Corner,Берлин,Восток,Масла,Сливочное масло,"1,5",1037,"1555,5"
,4/19/2021,Cooking Corner,Берлин,Восток,Сладости,Зефир,"0,65",282,"183,3"
,4/19/2021,foodbite,Берлин,Восток,Консервы,Килька в томате,"0,89",535,"476,15"
,4/19/2021,Cooking Corner,Гамбург,Север,Сладости,Зефир,"0,65",195,"126,75"
,4/19/2021,Cooking Corner,Гамбург,Север,Сыры,Гауда,"1,59",1088,"1729,92"
,4/20/2021,Sweetables,Штутгарт,Юг,Сладости,Мармелад,"0,6",114,"68,4"
,4/20/2021,Cooking Corner,Кёльн,Запад,Специи,Базилик,"0,7",86,"60,2"
,4/20/2021,Organica,Мюнхен,Юг,Напитки,Кофе,"5,5",55,"302,5"
,4/20/2021,Organica,Кёльн,Запад,Напитки,Черный чай,"0,99",170,"168,3"
,4/20/2021,Go Bio,Кёльн,Запад,Масла,Оливковое масло,"1,7",40,68
,4/20/2021,Cooking Corner,Берлин,Восток,Сыры,Гауда,"1,59",1659,"2637,81"
,4/20/2021,foodbite,Берлин,Восток,Специи,Кориандр,"0,65",81,"52,65"
,4/20/2021,Cooking Corner,Гамбург,Север,Напитки,Зеленый чай,"0,95",345,"327,75"
,4/20/2021,Cooking Corner,Гамбург,Север,Сухофрукты,Изюм,"0,99",251,"248,49"
,4/20/2021,Go Bio,Дрезден,Восток,Напитки,Кофе,"5,5",29,"159,5"
,4/21/2021,Cooking Corner,Кёльн,Запад,Специи,Базилик,"0,7",106,"74,2"
,4/21/2021,Sweetables,Кёльн,Запад,Специи,Кориандр,"0,65",31,"20,15"
,4/21/2021,mymeal,Кёльн,Запад,Специи,Кориандр,"0,65",30,"19,5"
,4/21/2021,Gold Food,Кёльн,Запад,Сладости,Шоколад,"0,55",202,"111,1"
,4/21/2021,Gold Food,Кёльн,Запад,Специи,Черный перец,"0,59",132,"77,88"
,4/21/2021,mymeal,Дрезден,Восток,Сыры,Гауда,"1,59",137,"217,83"
,4/21/2021,mymeal,Дрезден,Восток,Сладости,Мармелад,"0,6",29,"17,4"
,4/21/2021,Cooking Corner,Берлин,Восток,Сыры,Гауда,"1,59",1245,"1979,55"
,4/21/2021,Cooking Corner,Берлин,Восток,Напитки,Кофе,"5,5",438,2409
,4/21/2021,NutriFix,Берлин,Восток,Масла,Оливковое масло,"1,7",140,238
,4/21/2021,NutriFix,Берлин,Восток,Масла,Оливковое масло,"1,7",231,"392,7"
,4/21/2021,mymeal,Гамбург,Север,Масла,Подсолнечное масло,"1,19",513,"610,47"
,4/22/2021,foodbite,Гамбург,Север,Сухофрукты,Курага,"1,19",236,"280,84"
,4/22/2021,mymeal,Гамбург,Север,Напитки,Кофе,"5,5",61,"335,5"
,4/22/2021,mymeal,Кёльн,Запад,Сыры,Гауда,"1,59",379,"602,61"
,4/22/2021,mymeal,Кёльн,Запад,Напитки,Черный чай,"0,99",236,"233,64"
,4/22/2021,Sweetables,Кёльн,Запад,Напитки,Зеленый чай,"0,95",176,"167,2"
,4/22/2021,mymeal,Кёльн,Запад,Напитки,Зеленый чай,"0,95",259,"246,05"
,4/22/2021,mymeal,Дрезден,Восток,Сладости,Шоколад,"0,55",105,"57,75"
,4/22/2021,Gold Food,Берлин,Восток,Крупы,Гречка,"1,4",281,"393,4"
,4/22/2021,Gold Food,Берлин,Восток,Сухофрукты,Курага,"1,19",182,"216,58"
,4/22/2021,mymeal,Гамбург,Север,Сухофрукты,Изюм,"0,99",183,"181,17"
,4/22/2021,mymeal,Гамбург,Север,Сыры,Филадельфия ,"0,89",148,"131,72"
,4/22/2021,Sweetables,Гамбург,Север,Консервы,Килька в томате,"0,89",243,"216,27"
,4/22/2021,Go Bio,Бремен,Север,Крупы,Рис,"0,96",80,"76,8"
,4/22/2021,Organica,Дрезден,Восток,Консервы,Килька в томате,"0,89",23,"20,47"
,4/23/2021,foodbite,Гамбург,Север,Консервы,Килька в томате,"0,89",276,"245,64"
,4/23/2021,foodbite,Гамбург,Север,Напитки,Кофе,"5,5",346,1903
,4/23/2021,Sweetables,Гамбург,Север,Сладости,Мармелад,"0,6",243,"145,8"
,4/23/2021,NutriFix,Гамбург,Север,Специи,Черный перец,"0,59",327,"192,93"
,4/23/2021,NutriFix,Гамбург,Север,Консервы,Килька в томате,"0,89",155,"137,95"
,4/23/2021,Go Bio,Мюнхен,Юг,Сухофрукты,Курага,"1,19",104,"123,76"
,4/23/2021,Cooking Corner,Кёльн,Запад,Консервы,Шпроты,"1,15",118,"135,7"
,4/23/2021,Sweetables,Кёльн,Запад,Сухофрукты,Курага,"1,19",68,"80,92"
,4/23/2021,Sweetables,Кёльн,Запад,Сыры,Моцарелла,"0,59",152,"89,68"
,4/23/2021,Sweetables,Кёльн,Запад,Специи,Базилик,"0,7",40,28
,4/23/2021,Sweetables,Дрезден,Восток,Масла,Подсолнечное масло,"1,19",90,"107,1"
,4/23/2021,Gold Food,Гамбург,Север,Масла,Оливковое масло,"1,7",152,"258,4"
,4/23/2021,Organica,Дрезден,Восток,Сыры,Филадельфия ,"0,89",23,"20,47"
,4/23/2021,Organica,Дрезден,Восток,Напитки,Кофе,"5,5",36,198
,4/23/2021,Sweetables,Берлин,Восток,Специи,Кориандр,"0,65",50,"32,5"
,4/24/2021,Organica,Берлин,Восток,Крупы,Рис,"0,96",786,"754,56"
,4/24/2021,Organica,Берлин,Восток,Масла,Оливковое масло,"1,7",137,"232,9"
,4/24/2021,Go Bio,Мюнхен,Юг,Масла,Подсолнечное масло,"1,19",197,"234,43"
,4/24/2021,Sweetables,Дрезден,Восток,Сыры,Моцарелла,"0,59",76,"44,84"
,4/24/2021,mymeal,Бремен,Север,Сыры,Моцарелла,"0,59",95,"56,05"
,4/24/2021,mymeal,Бремен,Север,Масла,Оливковое масло,"1,7",44,"74,8"
,4/24/2021,mymeal,Берлин,Восток,Сладости,Мармелад,"0,6",303,"181,8"
,4/24/2021,mymeal,Берлин,Восток,Консервы,Килька в томате,"0,89",352,"313,28"
,4/24/2021,foodbite,Штутгарт,Юг,Масла,Подсолнечное масло,"1,19",580,"690,2"
,4/24/2021,Organica,Дрезден,Восток,Специи,Черный перец,"0,59",88,"51,92"
,4/24/2021,Sweetables,Штутгарт,Юг,Сыры,Гауда,"1,59",372,"591,48"
,4/25/2021,Go Bio,Дрезден,Восток,Консервы,Шпроты,"1,15",18,"20,7"
,4/25/2021,Sweetables,Берлин,Восток,Масла,Подсолнечное масло,"1,19",791,"941,29"
,4/25/2021,Organica,Гамбург,Север,Сладости,Зефир,"0,65",87,"56,55"
,4/25/2021,Organica,Гамбург,Север,Сыры,Моцарелла,"0,59",283,"166,97"
,4/25/2021,Go Bio,Мюнхен,Юг,Сладости,Шоколад,"0,55",401,"220,55"
,4/25/2021,foodbite,Бремен,Север,Сыры,Гауда,"1,59",222,"352,98"
,4/25/2021,mymeal,Бремен,Север,Сыры,Моцарелла,"0,59",143,"84,37"
,4/25/2021,Sweetables,Кёльн,Запад,Сладости,Зефир,"0,65",49,"31,85"
,4/25/2021,foodbite,Франкфурт,Запад,Консервы,Говядина тушеная,"1,19",28,"33,32"
,4/25/2021,Gold Food,Штутгарт,Юг,Специи,Кориандр,"0,65",22,"14,3"
,4/25/2021,Gold Food,Штутгарт,Юг,Напитки,Зеленый чай,"0,95",284,"269,8"
,4/25/2021,mymeal,Берлин,Восток,Сыры,Гауда,"1,59",919,"1461,21"
,4/25/2021,mymeal,Берлин,Восток,Напитки,Черный чай,"0,99",448,"443,52"
,4/26/2021,mymeal,Берлин,Восток,Консервы,Шпроты,"1,15",163,"187,45"
,4/26/2021,NutriFix,Берлин,Восток,Масла,Оливковое масло,"1,7",150,255
,4/26/2021,NutriFix,Берлин,Восток,Сыры,Филадельфия ,"0,89",250,"222,5"
,4/26/2021,Organica,Гамбург,Север,Сладости,Мармелад,"0,6",87,"52,2"
,4/26/2021,Go Bio,Гамбург,Север,Сладости,Шоколад,"0,55",553,"304,15"
,4/26/2021,foodbite,Мюнхен,Юг,Сыры,Гауда,"1,59",742,"1179,78"
,4/26/2021,foodbite,Мюнхен,Юг,Сыры,Гауда,"1,59",790,"1256,1"
,4/26/2021,NutriFix,Гамбург,Север,Масла,Сливочное масло,"1,5",474,711
,4/26/2021,Sweetables,Бремен,Север,Сладости,Шоколад,"0,55",123,"67,65"
,4/26/2021,Sweetables,Бремен,Север,Сухофрукты,Курага,"1,19",34,"40,46"
,4/26/2021,Go Bio,Дрезден,Восток,Масла,Подсолнечное масло,"1,19",68,"80,92"
,4/26/2021,Go Bio,Дрезден,Восток,Специи,Черный перец,"0,59",88,"51,92"
,4/26/2021,Sweetables,Берлин,Восток,Консервы,Килька в томате,"0,89",367,"326,63"
,4/26/2021,Sweetables,Берлин,Восток,Специи,Базилик,"0,7",178,"124,6"
,4/26/2021,Cooking Corner,Кёльн,Запад,Сухофрукты,Изюм,"0,99",167,"165,33"
,4/26/2021,Sweetables,Кёльн,Запад,Сухофрукты,Курага,"1,19",54,"64,26"
,4/26/2021,Gold Food,Франкфурт,Запад,Напитки,Кофе,"5,5",42,231
,4/26/2021,Gold Food,Штутгарт,Юг,Крупы,Перловка,"1,2",194,"232,8"
,4/26/2021,Go Bio,Штутгарт,Юг,Консервы,Шпроты,"1,15",76,"87,4"
,4/26/2021,Sweetables,Кёльн,Запад,Крупы,Гречка,"1,4",174,"243,6"
,4/26/2021,foodbite,Франкфурт,Запад,Масла,Подсолнечное масло,"1,19",145,"172,55"
,4/26/2021,Organica,Франкфурт,Запад,Консервы,Килька в томате,"0,89",35,"31,15"
,4/26/2021,Gold Food,Штутгарт,Юг,Напитки,Черный чай,"0,99",270,"267,3"
,4/26/2021,NutriFix,Штутгарт,Юг,Сладости,Мармелад,"0,6",96,"57,6"
,4/26/2021,Gold Food,Бремен,Север,Масла,Сливочное масло,"1,5",133,"199,5"
,4/27/2021,Sweetables,Бремен,Север,Крупы,Перловка,"1,2",104,"124,8"
,4/27/2021,Go Bio,Бремен,Север,Напитки,Зеленый чай,"0,95",82,"77,9"
,4/27/2021,NutriFix,Дрезден,Восток,Сухофрукты,Изюм,"0,99",35,"34,65"
,4/27/2021,NutriFix,Берлин,Восток,Напитки,Кофе,"5,5",200,1100
,4/27/2021,Sweetables,Мюнхен,Юг,Сладости,Мармелад,"0,6",114,"68,4"
,4/27/2021,Gold Food,Мюнхен,Юг,Специи,Кориандр,"0,65",25,"16,25"
,4/27/2021,NutriFix,Гамбург,Север,Напитки,Зеленый чай,"0,95",442,"419,9"
,4/27/2021,NutriFix,Гамбург,Север,Консервы,Килька в томате,"0,89",129,"114,81"
,4/27/2021,Sweetables,Берлин,Восток,Крупы,Гречка,"1,4",299,"418,6"
,4/27/2021,Sweetables,Франкфурт,Запад,Напитки,Черный чай,"0,99",113,"111,87"
,4/27/2021,Gold Food,Франкфурт,Запад,Консервы,Килька в томате,"0,89",41,"36,49"
,4/27/2021,NutriFix,Франкфурт,Запад,Сладости,Зефир,"0,65",16,"10,4"
,4/27/2021,Cooking Corner,Штутгарт,Юг,Сладости,Зефир,"0,65",74,"48,1"
,4/27/2021,Gold Food,Штутгарт,Юг,Консервы,Говядина тушеная,"1,19",60,"71,4"
,4/27/2021,Gold Food,Штутгарт,Юг,Сладости,Мармелад,"0,6",80,48
,4/27/2021,Go Bio,Штутгарт,Юг,Сыры,Моцарелла,"0,59",150,"88,5"
,4/27/2021,Cooking Corner,Дрезден,Восток,Специи,Кориандр,"0,65",14,"9,1"
,4/27/2021,mymeal,Кёльн,Запад,Напитки,Кофе,"5,5",137,"753,5"
,4/27/2021,mymeal,Кёльн,Запад,Сухофрукты,Сушеные яблоки,"1,09",104,"113,36"
,4/27/2021,Sweetables,Кёльн,Запад,Консервы,Килька в томате,"0,89",124,"110,36"
,4/27/2021,Sweetables,Кёльн,Запад,Сыры,Гауда,"1,59",257,"408,63"
,4/27/2021,Organica,Франкфурт,Запад,Консервы,Говядина тушеная,"1,19",22,"26,18"
,4/27/2021,Gold Food,Бремен,Север,Крупы,Перловка,"1,2",66,"79,2"
,4/27/2021,mymeal,Гамбург,Север,Напитки,Черный чай,"0,99",580,"574,2"
,4/28/2021,Cooking Corner,Бремен,Север,Сухофрукты,Изюм,"0,99",103,"101,97"
,4/28/2021,Sweetables,Бремен,Север,Сыры,Филадельфия ,"0,89",50,"44,5"
,4/28/2021,Sweetables,Бремен,Север,Крупы,Перловка,"1,2",122,"146,4"
,4/28/2021,Gold Food,Бремен,Север,Консервы,Килька в томате,"0,89",44,"39,16"
,4/28/2021,Go Bio,Бремен,Север,Масла,Сливочное масло,"1,5",78,117
,4/28/2021,Cooking Corner,Мюнхен,Юг,Сухофрукты,Курага,"1,19",250,"297,5"
,4/28/2021,NutriFix,Штутгарт,Юг,Сладости,Зефир,"0,65",42,"27,3"
,4/28/2021,Gold Food,Берлин,Восток,Сыры,Филадельфия ,"0,89",263,"234,07"
,4/28/2021,NutriFix,Берлин,Восток,Сухофрукты,Курага,"1,19",132,"157,08"
,4/28/2021,Sweetables,Франкфурт,Запад,Сыры,Гауда,"1,59",190,"302,1"
,4/28/2021,Sweetables,Франкфурт,Запад,Напитки,Зеленый чай,"0,95",53,"50,35"
,4/28/2021,NutriFix,Франкфурт,Запад,Специи,Кориандр,"0,65",11,"7,15"
,4/28/2021,Cooking Corner,Штутгарт,Юг,Сухофрукты,Изюм,"0,99",254,"251,46"
,4/28/2021,foodbite,Бремен,Север,Специи,Кориандр,"0,65",20,13
,4/28/2021,Cooking Corner,Дрезден,Восток,Сыры,Филадельфия ,"0,89",46,"40,94"
,4/28/2021,Go Bio,Берлин,Восток,Напитки,Черный чай,"0,99",246,"243,54"
,4/28/2021,Go Bio,Берлин,Восток,Сладости,Мармелад,"0,6",253,"151,8"
,4/28/2021,mymeal,Кёльн,Запад,Крупы,Рис,"0,96",381,"365,76"
,4/28/2021,Cooking Corner,Франкфурт,Запад,Напитки,Черный чай,"0,99",265,"262,35"
,4/28/2021,foodbite,Штутгарт,Юг,Консервы,Килька в томате,"0,89",242,"215,38"
,4/28/2021,foodbite,Бремен,Север,Специи,Черный перец,"0,59",72,"42,48"
,4/28/2021,foodbite,Бремен,Север,Сладости,Шоколад,"0,55",205,"112,75"
,4/28/2021,foodbite,Бремен,Север,Сыры,Гауда,"1,59",199,"316,41"
,4/28/2021,Go Bio,Дрезден,Восток,Специи,Базилик,"0,7",11,"7,7"
,4/28/2021,Gold Food,Гамбург,Север,Сладости,Зефир,"0,65",78,"50,7"
,4/29/2021,Gold Food,Дрезден,Восток,Сладости,Зефир,"0,65",14,"9,1"
,4/29/2021,Cooking Corner,Мюнхен,Юг,Сладости,Шоколад,"0,55",820,451
,4/29/2021,mymeal,Штутгарт,Юг,Крупы,Гречка,"1,4",134,"187,6"
,4/29/2021,mymeal,Штутгарт,Юг,Напитки,Черный чай,"0,99",110,"108,9"
,4/29/2021,NutriFix,Штутгарт,Юг,Сыры,Филадельфия ,"0,89",142,"126,38"
,4/29/2021,Go Bio,Штутгарт,Юг,Масла,Оливковое масло,"1,7",48,"81,6"
,4/29/2021,Go Bio,Штутгарт,Юг,Консервы,Говядина тушеная,"1,19",48,"57,12"
,4/29/2021,NutriFix,Берлин,Восток,Специи,Черный перец,"0,59",320,"188,8"
,4/29/2021,NutriFix,Берлин,Восток,Специи,Кориандр,"0,65",81,"52,65"
,4/29/2021,Go Bio,Берлин,Восток,Специи,Черный перец,"0,59",172,"101,48"
,4/29/2021,Go Bio,Гамбург,Север,Сыры,Гауда,"1,59",345,"548,55"
,4/29/2021,Go Bio,Мюнхен,Юг,Специи,Черный перец,"0,59",84,"49,56"
,4/29/2021,Cooking Corner,Дрезден,Восток,Специи,Кориандр,"0,65",18,"11,7"
,4/29/2021,foodbite,Берлин,Восток,Сыры,Филадельфия ,"0,89",522,"464,58"
,4/29/2021,foodbite,Берлин,Восток,Масла,Подсолнечное масло,"1,19",1519,"1807,61"
,4/29/2021,foodbite,Берлин,Восток,Крупы,Гречка,"1,4",525,735
,4/29/2021,Sweetables,Берлин,Восток,Сыры,Гауда,"1,59",981,"1559,79"
,4/29/2021,Cooking Corner,Кёльн,Запад,Сыры,Филадельфия ,"0,89",237,"210,93"
,4/29/2021,Go Bio,Дрезден,Восток,Напитки,Кофе,"5,5",34,187
,4/29/2021,Go Bio,Дрезден,Восток,Сладости,Зефир,"0,65",18,"11,7"
,4/29/2021,Gold Food,Гамбург,Север,Сухофрукты,Сушеные яблоки,"1,09",128,"139,52"
,4/29/2021,Go Bio,Гамбург,Север,Консервы,Килька в томате,"0,89",118,"105,02"
,4/29/2021,Organica,Мюнхен,Юг,Сладости,Мармелад,"0,6",137,"82,2"
,4/29/2021,Cooking Corner,Кёльн,Запад,Напитки,Зеленый чай,"0,95",405,"384,75"
,4/29/2021,foodbite,Кёльн,Запад,Сыры,Гауда,"1,59",569,"904,71"
,4/29/2021,foodbite,Кёльн,Запад,Сладости,Шоколад,"0,55",437,"240,35"
,4/29/2021,foodbite,Кёльн,Запад,Напитки,Зеленый чай,"0,95",240,228
,4/30/2021,Cooking Corner,Дрезден,Восток,Консервы,Килька в томате,"0,89",53,"47,17"
,4/30/2021,Cooking Corner,Дрезден,Восток,Напитки,Зеленый чай,"0,95",91,"86,45"
,4/30/2021,mymeal,Штутгарт,Юг,Масла,Оливковое масло,"1,7",112,"190,4"
,4/30/2021,Gold Food,Штутгарт,Юг,Сыры,Филадельфия ,"0,89",106,"94,34"
,4/30/2021,Organica,Берлин,Восток,Сыры,Гауда,"1,59",646,"1027,14"
,4/30/2021,Go Bio,Берлин,Восток,Масла,Подсолнечное масло,"1,19",593,"705,67"
,4/30/2021,Go Bio,Гамбург,Север,Масла,Подсолнечное масло,"1,19",340,"404,6"
,4/30/2021,Gold Food,Мюнхен,Юг,Специи,Базилик,"0,7",70,49
,4/30/2021,Cooking Corner,Кёльн,Запад,Сыры,Моцарелла,"0,59",242,"142,78"
,4/30/2021,Sweetables,Дрезден,Восток,Сыры,Филадельфия ,"0,89",30,"26,7"
,4/30/2021,Go Bio,Дрезден,Восток,Крупы,Перловка,"1,2",66,"79,2"
,4/30/2021,Organica,Дрезден,Восток,Сухофрукты,Изюм,"0,99",33,"32,67"
,4/30/2021,Go Bio,Дрезден,Восток,Напитки,Зеленый чай,"0,95",53,"50,35"
,4/30/2021,mymeal,Мюнхен,Юг,Специи,Базилик,"0,7",87,"60,9"
,4/30/2021,Organica,Мюнхен,Юг,Масла,Оливковое масло,"1,7",91,"154,7"
,5/1/2021,Gold Food,Штутгарт,Юг,Напитки,Черный чай,"0,99",180,"178,2"
,5/1/2021,Organica,Берлин,Восток,Сыры,Гауда,"1,59",686,"1090,74"
,5/1/2021,Sweetables,Гамбург,Север,Сладости,Зефир,"0,65",82,"53,3"
,5/1/2021,Gold Food,Мюнхен,Юг,Специи,Кориандр,"0,65",29,"18,85"
,5/1/2021,foodbite,Мюнхен,Юг,Сыры,Филадельфия ,"0,89",299,"266,11"
,5/1/2021,foodbite,Мюнхен,Юг,Специи,Кориандр,"0,65",40,26
,5/1/2021,Organica,Дрезден,Восток,Сухофрукты,Курага,"1,19",16,"19,04"
,5/1/2021,Organica,Дрезден,Восток,Сухофрукты,Сушеные яблоки,"1,09",25,"27,25"
,5/1/2021,mymeal,Мюнхен,Юг,Специи,Базилик,"0,7",73,"51,1"
,5/1/2021,Organica,Мюнхен,Юг,Напитки,Зеленый чай,"0,95",288,"273,6"
,5/2/2021,mymeal,Мюнхен,Юг,Напитки,Кофе,"5,5",152,836
,5/2/2021,Gold Food,Мюнхен,Юг,Специи,Базилик,"0,7",80,56
,5/2/2021,foodbite,Кёльн,Запад,Консервы,Шпроты,"1,15",149,"171,35"
,5/2/2021,mymeal,Кёльн,Запад,Сыры,Филадельфия ,"0,89",140,"124,6"
,5/2/2021,Gold Food,Кёльн,Запад,Специи,Черный перец,"0,59",148,"87,32"
,5/2/2021,Gold Food,Штутгарт,Юг,Сухофрукты,Изюм,"0,99",90,"89,1"
,5/2/2021,Sweetables,Гамбург,Север,Консервы,Килька в томате,"0,89",122,"108,58"
,5/2/2021,foodbite,Мюнхен,Юг,Сухофрукты,Изюм,"0,99",320,"316,8"
,5/2/2021,mymeal,Мюнхен,Юг,Сыры,Филадельфия ,"0,89",181,"161,09"
,5/2/2021,Gold Food,Берлин,Восток,Сухофрукты,Изюм,"0,99",258,"255,42"
,5/2/2021,NutriFix,Берлин,Восток,Сухофрукты,Изюм,"0,99",177,"175,23"
,5/2/2021,Gold Food,Штутгарт,Юг,Напитки,Зеленый чай,"0,95",218,"207,1"
,5/2/2021,Gold Food,Штутгарт,Юг,Крупы,Гречка,"1,4",130,182
,5/2/2021,Cooking Corner,Бремен,Север,Крупы,Перловка,"1,2",190,228
,5/2/2021,Cooking Corner,Бремен,Север,Сладости,Мармелад,"0,6",93,"55,8"
,5/2/2021,foodbite,Бремен,Север,Крупы,Рис,"0,96",338,"324,48"
,5/3/2021,mymeal,Мюнхен,Юг,Масла,Подсолнечное масло,"1,19",414,"492,66"
,5/3/2021,foodbite,Кёльн,Запад,Напитки,Зеленый чай,"0,95",475,"451,25"
,5/3/2021,foodbite,Кёльн,Запад,Специи,Кориандр,"0,65",49,"31,85"
,5/3/2021,Gold Food,Кёльн,Запад,Специи,Базилик,"0,7",56,"39,2"
,5/3/2021,Sweetables,Франкфурт,Запад,Крупы,Перловка,"1,2",127,"152,4"
,5/3/2021,Organica,Франкфурт,Запад,Масла,Сливочное масло,"1,5",113,"169,5"
,5/3/2021,Sweetables,Гамбург,Север,Сухофрукты,Изюм,"0,99",200,198
,5/3/2021,Sweetables,Мюнхен,Юг,Сыры,Гауда,"1,59",349,"554,91"
,5/3/2021,Sweetables,Мюнхен,Юг,Специи,Черный перец,"0,59",485,"286,15"
,5/3/2021,mymeal,Мюнхен,Юг,Консервы,Говядина тушеная,"1,19",96,"114,24"
,5/3/2021,Gold Food,Берлин,Восток,Напитки,Зеленый чай,"0,95",402,"381,9"
,5/3/2021,NutriFix,Берлин,Восток,Сладости,Мармелад,"0,6",240,144
,5/3/2021,Organica,Берлин,Восток,Крупы,Перловка,"1,2",376,"451,2"
,5/3/2021,Gold Food,Штутгарт,Юг,Сладости,Шоколад,"0,55",404,"222,2"
,5/3/2021,Cooking Corner,Мюнхен,Юг,Масла,Подсолнечное масло,"1,19",555,"660,45"
,5/4/2021,Sweetables,Мюнхен,Юг,Масла,Оливковое масло,"1,7",105,"178,5"
,5/4/2021,Go Bio,Франкфурт,Запад,Сыры,Моцарелла,"0,59",57,"33,63"
,5/4/2021,Cooking Corner,Франкфурт,Запад,Масла,Сливочное масло,"1,5",252,378
,5/4/2021,Sweetables,Франкфурт,Запад,Сладости,Шоколад,"0,55",108,"59,4"
,5/4/2021,Sweetables,Франкфурт,Запад,Специи,Кориандр,"0,65",9,"5,85"
,5/4/2021,Organica,Франкфурт,Запад,Специи,Черный перец,"0,59",84,"49,56"
,5/4/2021,mymeal,Мюнхен,Юг,Сладости,Мармелад,"0,6",149,"89,4"
,5/4/2021,Organica,Мюнхен,Юг,Сыры,Моцарелла,"0,59",270,"159,3"
,5/4/2021,Organica,Мюнхен,Юг,Специи,Кориандр,"0,65",28,"18,2"
,5/4/2021,Go Bio,Берлин,Восток,Напитки,Черный чай,"0,99",324,"320,76"
,5/4/2021,Gold Food,Штутгарт,Юг,Сыры,Моцарелла,"0,59",286,"168,74"
,5/4/2021,Gold Food,Штутгарт,Юг,Сухофрукты,Изюм,"0,99",96,"95,04"
,5/4/2021,Cooking Corner,Бремен,Север,Напитки,Черный чай,"0,99",210,"207,9"
,5/4/2021,NutriFix,Штутгарт,Юг,Сладости,Зефир,"0,65",56,"36,4"
,5/4/2021,NutriFix,Штутгарт,Юг,Сладости,Зефир,"0,65",40,26
,5/4/2021,Cooking Corner,Мюнхен,Юг,Сухофрукты,Курага,"1,19",230,"273,7"
,5/4/2021,Go Bio,Кёльн,Запад,Специи,Черный перец,"0,59",74,"43,66"
,5/4/2021,Go Bio,Кёльн,Запад,Сыры,Филадельфия ,"0,89",63,"56,07"
,5/5/2021,foodbite,Франкфурт,Запад,Сухофрукты,Курага,"1,19",47,"55,93"
,5/5/2021,Go Bio,Франкфурт,Запад,Сыры,Моцарелла,"0,59",53,"31,27"
,5/5/2021,Organica,Франкфурт,Запад,Сухофрукты,Курага,"1,19",25,"29,75"
,5/5/2021,Organica,Мюнхен,Юг,Специи,Базилик,"0,7",57,"39,9"
,5/5/2021,foodbite,Штутгарт,Юг,Сладости,Зефир,"0,65",128,"83,2"
,5/5/2021,Gold Food,Штутгарт,Юг,Напитки,Кофе,"5,5",64,352
,5/5/2021,Cooking Corner,Бремен,Север,Сладости,Шоколад,"0,55",195,"107,25"
,5/5/2021,Go Bio,Франкфурт,Запад,Масла,Сливочное масло,"1,5",83,"124,5"
,5/5/2021,Cooking Corner,Штутгарт,Юг,Консервы,Килька в томате,"0,89",266,"236,74"
,5/5/2021,foodbite,Штутгарт,Юг,Сыры,Гауда,"1,59",418,"664,62"
,5/5/2021,NutriFix,Штутгарт,Юг,Консервы,Килька в томате,"0,89",130,"115,7"
,5/5/2021,Go Bio,Штутгарт,Юг,Специи,Базилик,"0,7",50,35
,5/5/2021,Organica,Кёльн,Запад,Сладости,Шоколад,"0,55",155,"85,25"
,5/5/2021,Go Bio,Кёльн,Запад,Специи,Базилик,"0,7",30,21
,5/6/2021,foodbite,Франкфурт,Запад,Сладости,Зефир,"0,65",57,"37,05"
,5/6/2021,Sweetables,Франкфурт,Запад,Сыры,Филадельфия ,"0,89",69,"61,41"
,5/6/2021,Sweetables,Мюнхен,Юг,Консервы,Говядина тушеная,"1,19",88,"104,72"
,5/6/2021,foodbite,Бремен,Север,Консервы,Шпроты,"1,15",83,"95,45"
,5/6/2021,Cooking Corner,Берлин,Восток,Консервы,Килька в томате,"0,89",597,"531,33"
,5/6/2021,mymeal,Берлин,Восток,Консервы,Говядина тушеная,"1,19",69,"82,11"
,5/6/2021,Go Bio,Франкфурт,Запад,Сыры,Моцарелла,"0,59",52,"30,68"
,5/6/2021,Cooking Corner,Штутгарт,Юг,Сухофрукты,Изюм,"0,99",174,"172,26"
,5/6/2021,foodbite,Штутгарт,Юг,Крупы,Перловка,"1,2",498,"597,6"
,5/6/2021,NutriFix,Бремен,Север,Крупы,Рис,"0,96",104,"99,84"
,5/7/2021,Cooking Corner,Франкфурт,Запад,Специи,Базилик,"0,7",41,"28,7"
,5/7/2021,Sweetables,Франкфурт,Запад,Сыры,Моцарелла,"0,59",96,"56,64"
,5/7/2021,Sweetables,Франкфурт,Запад,Сыры,Моцарелла,"0,59",95,"56,05"
,5/7/2021,mymeal,Гамбург,Север,Консервы,Шпроты,"1,15",66,"75,9"
,5/7/2021,Sweetables,Мюнхен,Юг,Консервы,Шпроты,"1,15",94,"108,1"
,5/7/2021,Sweetables,Мюнхен,Юг,Напитки,Зеленый чай,"0,95",249,"236,55"
,5/7/2021,mymeal,Дрезден,Восток,Напитки,Зеленый чай,"0,95",96,"91,2"
,5/7/2021,NutriFix,Дрезден,Восток,Специи,Базилик,"0,7",14,"9,8"
,5/7/2021,Cooking Corner,Берлин,Восток,Сладости,Зефир,"0,65",282,"183,3"
,5/7/2021,NutriFix,Бремен,Север,Крупы,Рис,"0,96",100,96
,5/8/2021,Gold Food,Кёльн,Запад,Сладости,Мармелад,"0,6",114,"68,4"
,5/8/2021,mymeal,Гамбург,Север,Крупы,Гречка,"1,4",194,"271,6"
,5/8/2021,mymeal,Гамбург,Север,Напитки,Черный чай,"0,99",131,"129,69"
,5/8/2021,Go Bio,Гамбург,Север,Консервы,Килька в томате,"0,89",126,"112,14"
,5/8/2021,NutriFix,Мюнхен,Юг,Специи,Базилик,"0,7",81,"56,7"
,5/8/2021,NutriFix,Мюнхен,Юг,Специи,Черный перец,"0,59",176,"103,84"
,5/8/2021,foodbite,Дрезден,Восток,Специи,Черный перец,"0,59",158,"93,22"
,5/8/2021,foodbite,Дрезден,Восток,Масла,Подсолнечное масло,"1,19",138,"164,22"
,5/8/2021,mymeal,Дрезден,Восток,Сладости,Шоколад,"0,55",172,"94,6"
,5/8/2021,NutriFix,Дрезден,Восток,Сыры,Моцарелла,"0,59",79,"46,61"
,5/8/2021,Cooking Corner,Берлин,Восток,Крупы,Рис,"0,96",1248,"1198,08"
,5/8/2021,NutriFix,Бремен,Север,Консервы,Килька в томате,"0,89",34,"30,26"
,5/8/2021,foodbite,Дрезден,Восток,Сыры,Филадельфия ,"0,89",81,"72,09"
,5/8/2021,Gold Food,Франкфурт,Запад,Сыры,Филадельфия ,"0,89",51,"45,39"
,5/9/2021,Go Bio,Кёльн,Запад,Масла,Подсолнечное масло,"1,19",170,"202,3"
,5/9/2021,Cooking Corner,Кёльн,Запад,Сухофрукты,Сушеные яблоки,"1,09",142,"154,78"
,5/9/2021,mymeal,Кёльн,Запад,Сыры,Филадельфия ,"0,89",86,"76,54"
,5/9/2021,Gold Food,Кёльн,Запад,Напитки,Черный чай,"0,99",171,"169,29"
,5/9/2021,Organica,Гамбург,Север,Сладости,Зефир,"0,65",50,"32,5"
,5/9/2021,Go Bio,Гамбург,Север,Крупы,Гречка,"1,4",151,"211,4"
,5/9/2021,Gold Food,Кёльн,Запад,Сладости,Зефир,"0,65",52,"33,8"
,5/9/2021,NutriFix,Кёльн,Запад,Сухофрукты,Курага,"1,19",60,"71,4"
,5/9/2021,NutriFix,Кёльн,Запад,Сыры,Моцарелла,"0,59",134,"79,06"
,5/9/2021,Go Bio,Кёльн,Запад,Напитки,Кофе,"5,5",56,308
,5/9/2021,foodbite,Франкфурт,Запад,Масла,Оливковое масло,"1,7",76,"129,2"
,5/9/2021,NutriFix,Дрезден,Восток,Консервы,Шпроты,"1,15",22,"25,3"
,5/9/2021,Organica,Берлин,Восток,Напитки,Кофе,"5,5",96,528
,5/9/2021,mymeal,Гамбург,Север,Консервы,Килька в томате,"0,89",237,"210,93"
,5/9/2021,NutriFix,Мюнхен,Юг,Специи,Черный перец,"0,59",120,"70,8"
,5/9/2021,Organica,Кёльн,Запад,Напитки,Черный чай,"0,99",223,"220,77"
,5/9/2021,Cooking Corner,Франкфурт,Запад,Специи,Черный перец,"0,59",211,"124,49"
,5/9/2021,Sweetables,Франкфурт,Запад,Сухофрукты,Курага,"1,19",46,"54,74"
,5/9/2021,Sweetables,Франкфурт,Запад,Консервы,Килька в томате,"0,89",46,"40,94"
,5/9/2021,foodbite,Дрезден,Восток,Специи,Кориандр,"0,65",13,"8,45"
,5/9/2021,Gold Food,Франкфурт,Запад,Сухофрукты,Сушеные яблоки,"1,09",27,"29,43"
,5/10/2021,mymeal,Кёльн,Запад,Масла,Подсолнечное масло,"1,19",336,"399,84"
,5/10/2021,Organica,Гамбург,Север,Консервы,Килька в томате,"0,89",174,"154,86"
,5/10/2021,Organica,Гамбург,Север,Сладости,Шоколад,"0,55",524,"288,2"
,5/10/2021,Go Bio,Гамбург,Север,Масла,Подсолнечное масло,"1,19",323,"384,37"
,5/10/2021,foodbite,Мюнхен,Юг,Сыры,Филадельфия ,"0,89",294,"261,66"
,5/10/2021,Gold Food,Кёльн,Запад,Сухофрукты,Изюм,"0,99",78,"77,22"
,5/10/2021,NutriFix,Кёльн,Запад,Напитки,Зеленый чай,"0,95",148,"140,6"
,5/10/2021,foodbite,Франкфурт,Запад,Крупы,Рис,"0,96",251,"240,96"
,5/10/2021,NutriFix,Бремен,Север,Специи,Базилик,"0,7",19,"13,3"
,5/10/2021,NutriFix,Бремен,Север,Напитки,Зеленый чай,"0,95",76,"72,2"
,5/10/2021,Organica,Берлин,Восток,Сыры,Моцарелла,"0,59",454,"267,86"
,5/10/2021,Go Bio,Берлин,Восток,Напитки,Кофе,"5,5",242,1331
,5/10/2021,foodbite,Гамбург,Север,Сыры,Гауда,"1,59",1180,"1876,2"
,5/10/2021,foodbite,Гамбург,Север,Напитки,Черный чай,"0,99",714,"706,86"
,5/10/2021,mymeal,Гамбург,Север,Сладости,Мармелад,"0,6",206,"123,6"
,5/10/2021,Gold Food,Гамбург,Север,Консервы,Шпроты,"1,15",114,"131,1"
,5/10/2021,Organica,Кёльн,Запад,Масла,Подсолнечное масло,"1,19",170,"202,3"
,5/10/2021,Cooking Corner,Франкфурт,Запад,Крупы,Перловка,"1,2",172,"206,4"
,5/10/2021,Cooking Corner,Франкфурт,Запад,Крупы,Рис,"0,96",329,"315,84"
,5/10/2021,Sweetables,Франкфурт,Запад,Напитки,Кофе,"5,5",25,"137,5"
,5/10/2021,Gold Food,Франкфурт,Запад,Сыры,Моцарелла,"0,59",74,"43,66"
,5/11/2021,Gold Food,Штутгарт,Юг,Масла,Сливочное масло,"1,5",240,360
,5/11/2021,Sweetables,Мюнхен,Юг,Напитки,Черный чай,"0,99",354,"350,46"
,5/11/2021,Sweetables,Мюнхен,Юг,Сыры,Моцарелла,"0,59",265,"156,35"
,5/11/2021,Organica,Мюнхен,Юг,Сухофрукты,Курага,"1,19",88,"104,72"
,5/11/2021,NutriFix,Гамбург,Север,Консервы,Килька в томате,"0,89",194,"172,66"
,5/11/2021,Organica,Гамбург,Север,Сухофрукты,Сушеные яблоки,"1,09",81,"88,29"
,5/11/2021,NutriFix,Гамбург,Север,Напитки,Черный чай,"0,99",210,"207,9"
,5/11/2021,NutriFix,Гамбург,Север,Сыры,Гауда,"1,59",501,"796,59"
,5/11/2021,NutriFix,Гамбург,Север,Сладости,Шоколад,"0,55",492,"270,6"
,5/11/2021,foodbite,Мюнхен,Юг,Сыры,Моцарелла,"0,59",379,"223,61"
,5/11/2021,Go Bio,Берлин,Восток,Сладости,Зефир,"0,65",86,"55,9"
,5/11/2021,Sweetables,Франкфурт,Запад,Крупы,Перловка,"1,2",116,"139,2"
,5/11/2021,NutriFix,Франкфурт,Запад,Консервы,Шпроты,"1,15",18,"20,7"
,5/11/2021,NutriFix,Франкфурт,Запад,Напитки,Кофе,"5,5",36,198
,5/11/2021,NutriFix,Франкфурт,Запад,Специи,Черный перец,"0,59",88,"51,92"
,5/11/2021,Gold Food,Бремен,Север,Масла,Подсолнечное масло,"1,19",96,"114,24"
,5/11/2021,NutriFix,Бремен,Север,Сухофрукты,Изюм,"0,99",56,"55,44"
,5/11/2021,Go Bio,Берлин,Восток,Масла,Сливочное масло,"1,5",508,762
,5/11/2021,Gold Food,Берлин,Восток,Сыры,Гауда,"1,59",546,"868,14"
,5/11/2021,Gold Food,Берлин,Восток,Консервы,Килька в томате,"0,89",177,"157,53"
,5/11/2021,Gold Food,Берлин,Восток,Крупы,Перловка,"1,2",498,"597,6"
,5/11/2021,foodbite,Гамбург,Север,Консервы,Шпроты,"1,15",208,"239,2"
,5/11/2021,mymeal,Гамбург,Север,Консервы,Килька в томате,"0,89",183,"162,87"
,5/11/2021,Gold Food,Гамбург,Север,Крупы,Перловка,"1,2",323,"387,6"
,5/11/2021,Sweetables,Мюнхен,Юг,Сладости,Зефир,"0,65",79,"51,35"
,5/11/2021,Sweetables,Мюнхен,Юг,Масла,Подсолнечное масло,"1,19",351,"417,69"
,5/11/2021,NutriFix,Кёльн,Запад,Специи,Кориандр,"0,65",24,"15,6"
,5/11/2021,NutriFix,Кёльн,Запад,Консервы,Килька в томате,"0,89",107,"95,23"
,5/11/2021,mymeal,Франкфурт,Запад,Специи,Базилик,"0,7",18,"12,6"
,5/12/2021,Sweetables,Мюнхен,Юг,Консервы,Шпроты,"1,15",117,"134,55"
,5/12/2021,mymeal,Мюнхен,Юг,Напитки,Зеленый чай,"0,95",159,"151,05"
,5/12/2021,mymeal,Мюнхен,Юг,Масла,Сливочное масло,"1,5",400,600
,5/12/2021,Go Bio,Гамбург,Север,Напитки,Зеленый чай,"0,95",252,"239,4"
,5/12/2021,Gold Food,Франкфурт,Запад,Крупы,Перловка,"1,2",81,"97,2"
,5/12/2021,Gold Food,Бремен,Север,Масла,Сливочное масло,"1,5",107,"160,5"
,5/12/2021,NutriFix,Берлин,Восток,Сладости,Зефир,"0,65",101,"65,65"
,5/12/2021,NutriFix,Гамбург,Север,Сыры,Гауда,"1,59",508,"807,72"
,5/12/2021,NutriFix,Гамбург,Север,Масла,Сливочное масло,"1,5",513,"769,5"
,5/12/2021,NutriFix,Гамбург,Север,Масла,Сливочное масло,"1,5",446,669
,5/12/2021,Sweetables,Мюнхен,Юг,Сухофрукты,Сушеные яблоки,"1,09",95,"103,55"
,5/12/2021,mymeal,Франкфурт,Запад,Крупы,Перловка,"1,2",112,"134,4"
,5/13/2021,Go Bio,Бремен,Север,Консервы,Говядина тушеная,"1,19",20,"23,8"
,5/13/2021,Go Bio,Бремен,Север,Сладости,Мармелад,"0,6",44,"26,4"
,5/13/2021,mymeal,Дрезден,Восток,Масла,Оливковое масло,"1,7",23,"39,1"
,5/13/2021,Organica,Дрезден,Восток,Сладости,Зефир,"0,65",11,"7,15"
,5/13/2021,mymeal,Гамбург,Север,Сладости,Мармелад,"0,6",155,93
,5/13/2021,mymeal,Кёльн,Запад,Специи,Черный перец,"0,59",320,"188,8"
,5/13/2021,mymeal,Кёльн,Запад,Крупы,Рис,"0,96",334,"320,64"
,5/13/2021,Sweetables,Берлин,Восток,Сладости,Мармелад,"0,6",203,"121,8"
,5/13/2021,Organica,Берлин,Восток,Консервы,Килька в томате,"0,89",177,"157,53"
,5/13/2021,Go Bio,Гамбург,Север,Масла,Оливковое масло,"1,7",110,187
,5/13/2021,foodbite,Кёльн,Запад,Крупы,Перловка,"1,2",349,"418,8"
,5/13/2021,NutriFix,Берлин,Восток,Масла,Подсолнечное масло,"1,19",529,"629,51"
,5/14/2021,mymeal,Дрезден,Восток,Напитки,Черный чай,"0,99",92,"91,08"
,5/14/2021,Organica,Дрезден,Восток,Напитки,Кофе,"5,5",27,"148,5"
,5/14/2021,mymeal,Гамбург,Север,Сухофрукты,Изюм,"0,99",240,"237,6"
,5/14/2021,Gold Food,Мюнхен,Юг,Консервы,Шпроты,"1,15",64,"73,6"
,5/14/2021,mymeal,Кёльн,Запад,Напитки,Черный чай,"0,99",222,"219,78"
,5/14/2021,NutriFix,Кёльн,Запад,Сыры,Гауда,"1,59",236,"375,24"
,5/14/2021,NutriFix,Кёльн,Запад,Масла,Оливковое масло,"1,7",74,"125,8"
,5/14/2021,Cooking Corner,Кёльн,Запад,Напитки,Зеленый чай,"0,95",540,513
,5/14/2021,mymeal,Кёльн,Запад,Напитки,Кофе,"5,5",125,"687,5"
,5/14/2021,mymeal,Берлин,Восток,Сладости,Шоколад,"0,55",1295,"712,25"
,5/14/2021,Go Bio,Гамбург,Север,Специи,Базилик,"0,7",47,"32,9"
,5/14/2021,mymeal,Гамбург,Север,Консервы,Килька в томате,"0,89",228,"202,92"
,5/14/2021,Cooking Corner,Кёльн,Запад,Сыры,Гауда,"1,59",615,"977,85"
,5/14/2021,Cooking Corner,Кёльн,Запад,Специи,Кориандр,"0,65",56,"36,4"
,5/14/2021,Go Bio,Франкфурт,Запад,Специи,Кориандр,"0,65",8,"5,2"
,5/14/2021,Sweetables,Штутгарт,Юг,Сухофрукты,Изюм,"0,99",118,"116,82"
,5/15/2021,mymeal,Дрезден,Восток,Масла,Сливочное масло,"1,5",118,177
,5/15/2021,Gold Food,Дрезден,Восток,Масла,Подсолнечное масло,"1,19",103,"122,57"
,5/15/2021,mymeal,Гамбург,Север,Крупы,Гречка,"1,4",216,"302,4"
,5/15/2021,NutriFix,Кёльн,Запад,Сухофрукты,Изюм,"0,99",68,"67,32"
,5/15/2021,Go Bio,Кёльн,Запад,Крупы,Рис,"0,96",265,"254,4"
,5/15/2021,mymeal,Франкфурт,Запад,Масла,Подсолнечное масло,"1,19",174,"207,06"
,5/15/2021,Gold Food,Дрезден,Восток,Масла,Подсолнечное масло,"1,19",64,"76,16"
,5/15/2021,Organica,Дрезден,Восток,Сыры,Гауда,"1,59",108,"171,72"
,5/15/2021,Go Bio,Дрезден,Восток,Напитки,Зеленый чай,"0,95",58,"55,1"
,5/15/2021,Cooking Corner,Берлин,Восток,Масла,Подсолнечное масло,"1,19",1556,"1851,64"
,5/15/2021,mymeal,Кёльн,Запад,Напитки,Кофе,"5,5",134,737
,5/15/2021,foodbite,Берлин,Восток,Напитки,Зеленый чай,"0,95",926,"879,7"
,5/15/2021,Sweetables,Гамбург,Север,Сыры,Моцарелла,"0,59",485,"286,15"
,5/15/2021,Sweetables,Гамбург,Север,Консервы,Шпроты,"1,15",171,"196,65"
,5/15/2021,mymeal,Берлин,Восток,Сладости,Зефир,"0,65",95,"61,75"
,5/15/2021,Cooking Corner,Кёльн,Запад,Масла,Подсолнечное масло,"1,19",304,"361,76"
,5/15/2021,Go Bio,Франкфурт,Запад,Сухофрукты,Сушеные яблоки,"1,09",21,"22,89"
,5/15/2021,Sweetables,Штутгарт,Юг,Сыры,Моцарелла,"0,59",268,"158,12"
,5/16/2021,foodbite,Бремен,Север,Крупы,Рис,"0,96",329,"315,84"
,5/16/2021,mymeal,Бремен,Север,Консервы,Килька в томате,"0,89",71,"63,19"
,5/16/2021,Cooking Corner,Дрезден,Восток,Сыры,Гауда,"1,59",145,"230,55"
,5/16/2021,Gold Food,Дрезден,Восток,Сладости,Шоколад,"0,55",134,"73,7"
,5/16/2021,Cooking Corner,Гамбург,Север,Крупы,Рис,"0,96",1058,"1015,68"
,5/16/2021,Sweetables,Кёльн,Запад,Крупы,Гречка,"1,4",112,"156,8"
,5/16/2021,Sweetables,Кёльн,Запад,Специи,Кориандр,"0,65",33,"21,45"
,5/16/2021,Organica,Кёльн,Запад,Напитки,Черный чай,"0,99",174,"172,26"
,5/16/2021,Organica,Кёльн,Запад,Сухофрукты,Сушеные яблоки,"1,09",50,"54,5"
,5/16/2021,Go Bio,Кёльн,Запад,Напитки,Кофе,"5,5",36,198
,5/16/2021,Go Bio,Кёльн,Запад,Консервы,Говядина тушеная,"1,19",31,"36,89"
,5/16/2021,mymeal,Франкфурт,Запад,Сухофрукты,Изюм,"0,99",49,"48,51"
,5/16/2021,Gold Food,Франкфурт,Запад,Консервы,Говядина тушеная,"1,19",19,"22,61"
,5/16/2021,Gold Food,Франкфурт,Запад,Специи,Базилик,"0,7",16,"11,2"
,5/16/2021,Gold Food,Франкфурт,Запад,Масла,Подсолнечное масло,"1,19",76,"90,44"
,5/16/2021,Organica,Дрезден,Восток,Напитки,Черный чай,"0,99",61,"60,39"
,5/16/2021,Organica,Дрезден,Восток,Масла,Сливочное масло,"1,5",55,"82,5"
,5/16/2021,Go Bio,Дрезден,Восток,Сухофрукты,Курага,"1,19",15,"17,85"
,5/16/2021,Cooking Corner,Берлин,Восток,Сухофрукты,Изюм,"0,99",503,"497,97"
,5/16/2021,Organica,Берлин,Восток,Сухофрукты,Сушеные яблоки,"1,09",108,"117,72"
,5/16/2021,Organica,Берлин,Восток,Сыры,Гауда,"1,59",642,"1020,78"
,5/16/2021,mymeal,Кёльн,Запад,Крупы,Рис,"0,96",415,"398,4"
,5/16/2021,foodbite,Берлин,Восток,Консервы,Шпроты,"1,15",386,"443,9"
,5/16/2021,foodbite,Берлин,Восток,Консервы,Килька в томате,"0,89",370,"329,3"
,5/16/2021,Sweetables,Гамбург,Север,Сыры,Филадельфия ,"0,89",160,"142,4"
,5/16/2021,Gold Food,Гамбург,Север,Крупы,Гречка,"1,4",168,"235,2"
,5/16/2021,mymeal,Берлин,Восток,Масла,Подсолнечное масло,"1,19",543,"646,17"
,5/17/2021,mymeal,Бремен,Север,Сыры,Моцарелла,"0,59",84,"49,56"
,5/17/2021,NutriFix,Гамбург,Север,Крупы,Рис,"0,96",544,"522,24"
,5/17/2021,NutriFix,Франкфурт,Запад,Масла,Сливочное масло,"1,5",97,"145,5"
,5/17/2021,NutriFix,Франкфурт,Запад,Масла,Оливковое масло,"1,7",34,"57,8"
,5/17/2021,Go Bio,Дрезден,Восток,Сладости,Зефир,"0,65",17,"11,05"
,5/17/2021,Sweetables,Берлин,Восток,Сухофрукты,Изюм,"0,99",189,"187,11"
,5/17/2021,Organica,Берлин,Восток,Специи,Базилик,"0,7",68,"47,6"
,5/17/2021,Go Bio,Штутгарт,Юг,Консервы,Шпроты,"1,15",46,"52,9"
,5/17/2021,Cooking Corner,Бремен,Север,Сладости,Мармелад,"0,6",109,"65,4"
,5/17/2021,Gold Food,Гамбург,Север,Крупы,Перловка,"1,2",223,"267,6"
,5/18/2021,Go Bio,Франкфурт,Запад,Сыры,Гауда,"1,59",94,"149,46"
,5/18/2021,Cooking Corner,Штутгарт,Юг,Специи,Черный перец,"0,59",214,"126,26"
,5/18/2021,Cooking Corner,Дрезден,Восток,Консервы,Шпроты,"1,15",56,"64,4"
,5/18/2021,foodbite,Дрезден,Восток,Специи,Базилик,"0,7",23,"16,1"
,5/18/2021,Sweetables,Дрезден,Восток,Масла,Подсолнечное масло,"1,19",125,"148,75"
,5/18/2021,Sweetables,Берлин,Восток,Крупы,Перловка,"1,2",634,"760,8"
,5/18/2021,Sweetables,Берлин,Восток,Масла,Оливковое масло,"1,7",148,"251,6"
,5/18/2021,Go Bio,Берлин,Восток,Специи,Черный перец,"0,59",538,"317,42"
,5/18/2021,Organica,Штутгарт,Юг,Напитки,Черный чай,"0,99",262,"259,38"
,5/18/2021,Cooking Corner,Бремен,Север,Крупы,Гречка,"1,4",111,"155,4"
,5/18/2021,Cooking Corner,Бремен,Север,Сухофрукты,Курага,"1,19",71,"84,49"
,5/18/2021,foodbite,Бремен,Север,Специи,Черный перец,"0,59",116,"68,44"
,5/18/2021,Sweetables,Бремен,Север,Крупы,Перловка,"1,2",107,"128,4"
,5/18/2021,Cooking Corner,Берлин,Восток,Сухофрукты,Курага,"1,19",373,"443,87"
,5/18/2021,Organica,Гамбург,Север,Специи,Базилик,"0,7",60,42
,5/19/2021,Organica,Франкфурт,Запад,Сыры,Моцарелла,"0,59",53,"31,27"
,5/19/2021,Cooking Corner,Штутгарт,Юг,Крупы,Рис,"0,96",818,"785,28"
,5/19/2021,NutriFix,Штутгарт,Юг,Сухофрукты,Изюм,"0,99",94,"93,06"
,5/19/2021,Cooking Corner,Дрезден,Восток,Сыры,Моцарелла,"0,59",145,"85,55"
,5/19/2021,foodbite,Дрезден,Восток,Сухофрукты,Сушеные яблоки,"1,09",41,"44,69"
,5/19/2021,Go Bio,Берлин,Восток,Крупы,Гречка,"1,4",230,322
,5/19/2021,Go Bio,Кёльн,Запад,Сладости,Шоколад,"0,55",217,"119,35"
,5/19/2021,Organica,Штутгарт,Юг,Крупы,Гречка,"1,4",134,"187,6"
,5/19/2021,Sweetables,Бремен,Север,Специи,Черный перец,"0,59",115,"67,85"
,5/19/2021,Gold Food,Дрезден,Восток,Масла,Подсолнечное масло,"1,19",93,"110,67"
,5/19/2021,Gold Food,Мюнхен,Юг,Крупы,Рис,"0,96",392,"376,32"
,5/19/2021,Gold Food,Мюнхен,Юг,Специи,Базилик,"0,7",62,"43,4"
,5/19/2021,Organica,Гамбург,Север,Сладости,Зефир,"0,65",72,"46,8"
,5/19/2021,Organica,Гамбург,Север,Напитки,Кофе,"5,5",75,"412,5"
,5/19/2021,Cooking Corner,Мюнхен,Юг,Специи,Черный перец,"0,59",710,"418,9"
,5/19/2021,foodbite,Мюнхен,Юг,Специи,Кориандр,"0,65",71,"46,15"
,5/19/2021,foodbite,Мюнхен,Юг,Специи,Кориандр,"0,65",77,"50,05"
,5/19/2021,foodbite,Дрезден,Восток,Специи,Базилик,"0,7",23,"16,1"
,5/20/2021,Sweetables,Берлин,Восток,Напитки,Черный чай,"0,99",286,"283,14"
,5/20/2021,Organica,Франкфурт,Запад,Напитки,Зеленый чай,"0,95",79,"75,05"
,5/20/2021,Cooking Corner,Штутгарт,Юг,Крупы,Гречка,"1,4",238,"333,2"
,5/20/2021,foodbite,Дрезден,Восток,Крупы,Перловка,"1,2",123,"147,6"
,5/20/2021,mymeal,Дрезден,Восток,Консервы,Шпроты,"1,15",24,"27,6"
,5/20/2021,mymeal,Дрезден,Восток,Консервы,Говядина тушеная,"1,19",23,"27,37"
,5/20/2021,mymeal,Дрезден,Восток,Крупы,Рис,"0,96",77,"73,92"
,5/20/2021,Go Bio,Кёльн,Запад,Сладости,Зефир,"0,65",41,"26,65"
,5/20/2021,Sweetables,Дрезден,Восток,Масла,Подсолнечное масло,"1,19",109,"129,71"
,5/20/2021,mymeal,Мюнхен,Юг,Напитки,Зеленый чай,"0,95",352,"334,4"
,5/20/2021,NutriFix,Мюнхен,Юг,Сухофрукты,Изюм,"0,99",145,"143,55"
,5/20/2021,NutriFix,Мюнхен,Юг,Напитки,Зеленый чай,"0,95",294,"279,3"
,5/20/2021,Go Bio,Гамбург,Север,Сыры,Гауда,"1,59",468,"744,12"
,5/20/2021,Go Bio,Гамбург,Север,Сухофрукты,Сушеные яблоки,"1,09",88,"95,92"
,5/20/2021,Go Bio,Гамбург,Север,Консервы,Шпроты,"1,15",48,"55,2"
,5/20/2021,foodbite,Дрезден,Восток,Консервы,Килька в томате,"0,89",75,"66,75"
,5/21/2021,Sweetables,Берлин,Восток,Специи,Кориандр,"0,65",61,"39,65"
,5/21/2021,Sweetables,Берлин,Восток,Консервы,Килька в томате,"0,89",335,"298,15"
,5/21/2021,NutriFix,Штутгарт,Юг,Сухофрукты,Курага,"1,19",98,"116,62"
,5/21/2021,NutriFix,Штутгарт,Юг,Крупы,Перловка,"1,2",198,"237,6"
,5/21/2021,Cooking Corner,Дрезден,Восток,Масла,Оливковое масло,"1,7",50,85
,5/21/2021,Sweetables,Дрезден,Восток,Сыры,Гауда,"1,59",101,"160,59"
,5/21/2021,NutriFix,Мюнхен,Юг,Крупы,Гречка,"1,4",137,"191,8"
,5/21/2021,Gold Food,Мюнхен,Юг,Сладости,Зефир,"0,65",57,"37,05"
,5/21/2021,Gold Food,Мюнхен,Юг,Крупы,Гречка,"1,4",163,"228,2"
,5/21/2021,Gold Food,Мюнхен,Юг,Сладости,Зефир,"0,65",53,"34,45"
,5/21/2021,mymeal,Кёльн,Запад,Крупы,Перловка,"1,2",146,"175,2"
,5/21/2021,Organica,Кёльн,Запад,Сладости,Мармелад,"0,6",80,48
,5/21/2021,Organica,Дрезден,Восток,Сыры,Гауда,"1,59",90,"143,1"
,5/22/2021,mymeal,Штутгарт,Юг,Консервы,Говядина тушеная,"1,19",54,"64,26"
,5/22/2021,mymeal,Штутгарт,Юг,Напитки,Зеленый чай,"0,95",148,"140,6"
,5/22/2021,Cooking Corner,Бремен,Север,Крупы,Рис,"0,96",343,"329,28"
,5/22/2021,Sweetables,Штутгарт,Юг,Сыры,Моцарелла,"0,59",312,"184,08"
,5/22/2021,NutriFix,Штутгарт,Юг,Сыры,Гауда,"1,59",402,"639,18"
,5/22/2021,NutriFix,Мюнхен,Юг,Специи,Базилик,"0,7",82,"57,4"
,5/22/2021,NutriFix,Мюнхен,Юг,Сухофрукты,Курага,"1,19",101,"120,19"
,5/22/2021,NutriFix,Мюнхен,Юг,Сладости,Мармелад,"0,6",93,"55,8"
,5/22/2021,Cooking Corner,Кёльн,Запад,Сладости,Шоколад,"0,55",579,"318,45"
,5/22/2021,Organica,Кёльн,Запад,Консервы,Килька в томате,"0,89",63,"56,07"
,5/22/2021,Gold Food,Бремен,Север,Консервы,Говядина тушеная,"1,19",14,"16,66"
,5/23/2021,Sweetables,Штутгарт,Юг,Масла,Подсолнечное масло,"1,19",236,"280,84"
,5/23/2021,Sweetables,Штутгарт,Юг,Сухофрукты,Курага,"1,19",102,"121,38"
,5/23/2021,NutriFix,Штутгарт,Юг,Напитки,Зеленый чай,"0,95",306,"290,7"
,5/23/2021,Cooking Corner,Бремен,Север,Консервы,Шпроты,"1,15",51,"58,65"
,5/23/2021,foodbite,Франкфурт,Запад,Масла,Подсолнечное масло,"1,19",182,"216,58"
,5/23/2021,Go Bio,Бремен,Север,Сухофрукты,Сушеные яблоки,"1,09",28,"30,52"
,5/24/2021,Cooking Corner,Штутгарт,Юг,Сыры,Филадельфия ,"0,89",150,"133,5"
,5/24/2021,Sweetables,Штутгарт,Юг,Сыры,Филадельфия ,"0,89",132,"117,48"
,5/24/2021,NutriFix,Штутгарт,Юг,Крупы,Перловка,"1,2",170,204
,5/24/2021,Organica,Штутгарт,Юг,Сладости,Зефир,"0,65",44,"28,6"
,5/24/2021,Cooking Corner,Бремен,Север,Напитки,Зеленый чай,"0,95",245,"232,75"
,5/24/2021,foodbite,Франкфурт,Запад,Сухофрукты,Сушеные яблоки,"1,09",55,"59,95"
,5/24/2021,NutriFix,Бремен,Север,Консервы,Килька в томате,"0,89",38,"33,82"
,5/24/2021,Go Bio,Бремен,Север,Напитки,Черный чай,"0,99",38,"37,62"
,5/25/2021,Gold Food,Бремен,Север,Специи,Базилик,"0,7",25,"17,5"
,5/25/2021,Gold Food,Штутгарт,Юг,Сухофрукты,Сушеные яблоки,"1,09",80,"87,2"
,5/25/2021,NutriFix,Штутгарт,Юг,Напитки,Кофе,"5,5",104,572
,5/25/2021,NutriFix,Бремен,Север,Сухофрукты,Сушеные яблоки,"1,09",45,"49,05"
,5/25/2021,Go Bio,Бремен,Север,Консервы,Говядина тушеная,"1,19",15,"17,85"
,5/25/2021,Cooking Corner,Дрезден,Восток,Сыры,Гауда,"1,59",204,"324,36"
,5/26/2021,Gold Food,Бремен,Север,Крупы,Рис,"0,96",170,"163,2"
,5/26/2021,Gold Food,Штутгарт,Юг,Специи,Черный перец,"0,59",264,"155,76"
,5/26/2021,mymeal,Бремен,Север,Сухофрукты,Курага,"1,19",28,"33,32"
,5/26/2021,NutriFix,Франкфурт,Запад,Масла,Оливковое масло,"1,7",25,"42,5"
,5/26/2021,Cooking Corner,Штутгарт,Юг,Сладости,Зефир,"0,65",106,"68,9"
,5/26/2021,Organica,Бремен,Север,Напитки,Черный чай,"0,99",72,"71,28"
,5/26/2021,Sweetables,Дрезден,Восток,Сыры,Филадельфия ,"0,89",49,"43,61"
,5/26/2021,Go Bio,Дрезден,Восток,Сыры,Гауда,"1,59",83,"131,97"
,5/26/2021,Go Bio,Дрезден,Восток,Консервы,Килька в томате,"0,89",25,"22,25"
,5/26/2021,Go Bio,Дрезден,Восток,Сладости,Зефир,"0,65",18,"11,7"
,5/27/2021,Gold Food,Бремен,Север,Напитки,Зеленый чай,"0,95",110,"104,5"
,5/27/2021,mymeal,Бремен,Север,Сухофрукты,Изюм,"0,99",63,"62,37"
,5/27/2021,NutriFix,Франкфурт,Запад,Сыры,Гауда,"1,59",128,"203,52"
,5/27/2021,mymeal,Франкфурт,Запад,Сладости,Мармелад,"0,6",59,"35,4"
,5/27/2021,Gold Food,Франкфурт,Запад,Сухофрукты,Курага,"1,19",24,"28,56"
,5/27/2021,Gold Food,Франкфурт,Запад,Сухофрукты,Сушеные яблоки,"1,09",27,"29,43"
,5/27/2021,Cooking Corner,Штутгарт,Юг,Специи,Черный перец,"0,59",428,"252,52"
,5/27/2021,Cooking Corner,Штутгарт,Юг,Специи,Черный перец,"0,59",244,"143,96"
,5/27/2021,foodbite,Дрезден,Восток,Масла,Сливочное масло,"1,5",177,"265,5"
,5/27/2021,foodbite,Дрезден,Восток,Специи,Базилик,"0,7",41,"28,7"
,5/27/2021,Sweetables,Дрезден,Восток,Масла,Подсолнечное масло,"1,19",109,"129,71"
,5/28/2021,Gold Food,Франкфурт,Запад,Сыры,Моцарелла,"0,59",94,"55,46"
,5/28/2021,Gold Food,Франкфурт,Запад,Сладости,Мармелад,"0,6",42,"25,2"
,5/28/2021,mymeal,Штутгарт,Юг,Крупы,Рис,"0,96",488,"468,48"
,5/28/2021,foodbite,Дрезден,Восток,Сухофрукты,Курага,"1,19",59,"70,21"
,5/29/2021,NutriFix,Бремен,Север,Сладости,Мармелад,"0,6",49,"29,4"
,5/29/2021,foodbite,Бремен,Север,Сыры,Гауда,"1,59",274,"435,66"
,5/29/2021,Gold Food,Франкфурт,Запад,Крупы,Рис,"0,96",96,"92,16"
,5/29/2021,Sweetables,Франкфурт,Запад,Консервы,Шпроты,"1,15",30,"34,5"
,5/29/2021,Sweetables,Франкфурт,Запад,Специи,Черный перец,"0,59",66,"38,94"
,5/29/2021,Sweetables,Штутгарт,Юг,Консервы,Шпроты,"1,15",68,"78,2"
,5/29/2021,mymeal,Бремен,Север,Крупы,Гречка,"1,4",60,84
,5/29/2021,Cooking Corner,Дрезден,Восток,Консервы,Килька в томате,"0,89",67,"59,63"
,5/30/2021,Cooking Corner,Бремен,Север,Сухофрукты,Изюм,"0,99",112,"110,88"
,5/30/2021,Organica,Бремен,Север,Сладости,Мармелад,"0,6",34,"20,4"
,5/30/2021,Sweetables,Франкфурт,Запад,Крупы,Гречка,"1,4",74,"103,6"
,5/30/2021,Sweetables,Штутгарт,Юг,Консервы,Говядина тушеная,"1,19",78,"92,82"
,5/30/2021,Sweetables,Штутгарт,Юг,Специи,Базилик,"0,7",44,"30,8"
,5/30/2021,mymeal,Бремен,Север,Консервы,Говядина тушеная,"1,19",13,"15,47"
,5/30/2021,NutriFix,Бремен,Север,Напитки,Зеленый чай,"0,95",130,"123,5"
,5/31/2021,foodbite,Дрезден,Восток,Сыры,Моцарелла,"0,59",160,"94,4"
,5/31/2021,Cooking Corner,Бремен,Север,Сладости,Зефир,"0,65",41,"26,65"
,5/31/2021,Go Bio,Бремен,Север,Сладости,Шоколад,"0,55",82,"45,1"
,5/31/2021,Cooking Corner,Берлин,Восток,Сухофрукты,Сушеные яблоки,"1,09",457,"498,13"
,5/31/2021,foodbite,Берлин,Восток,Сухофрукты,Сушеные яблоки,"1,09",466,"507,94"
,5/31/2021,mymeal,Бремен,Север,Специи,Базилик,"0,7",37,"25,9"
,5/31/2021,NutriFix,Бремен,Север,Крупы,Гречка,"1,4",74,"103,6"
,5/31/2021,Go Bio,Дрезден,Восток,Сыры,Филадельфия ,"0,89",20,"17,8"
,6/1/2021,Organica,Бремен,Север,Сыры,Моцарелла,"0,59",65,"38,35"
,6/1/2021,foodbite,Дрезден,Восток,Крупы,Перловка,"1,2",130,156
,6/1/2021,foodbite,Дрезден,Восток,Консервы,Говядина тушеная,"1,19",24,"28,56"
,6/1/2021,Go Bio,Бремен,Север,Сыры,Моцарелла,"0,59",60,"35,4"
,6/1/2021,foodbite,Дрезден,Восток,Масла,Подсолнечное масло,"1,19",190,"226,1"
,6/1/2021,mymeal,Дрезден,Восток,Консервы,Шпроты,"1,15",30,"34,5"
,6/1/2021,mymeal,Дрезден,Восток,Сухофрукты,Курага,"1,19",31,"36,89"
,6/1/2021,mymeal,Дрезден,Восток,Консервы,Говядина тушеная,"1,19",20,"23,8"
,6/1/2021,mymeal,Кёльн,Запад,Сыры,Гауда,"1,59",369,"586,71"
,6/1/2021,Cooking Corner,Берлин,Восток,Консервы,Килька в томате,"0,89",548,"487,72"
,6/1/2021,Gold Food,Штутгарт,Юг,Консервы,Килька в томате,"0,89",126,"112,14"
,6/1/2021,NutriFix,Бремен,Север,Сладости,Мармелад,"0,6",61,"36,6"
,6/2/2021,Cooking Corner,Дрезден,Восток,Консервы,Шпроты,"1,15",39,"44,85"
,6/2/2021,Sweetables,Дрезден,Восток,Крупы,Гречка,"1,4",48,"67,2"
,6/2/2021,NutriFix,Дрезден,Восток,Сладости,Зефир,"0,65",11,"7,15"
,6/2/2021,Go Bio,Мюнхен,Юг,Специи,Кориандр,"0,65",23,"14,95"
,6/2/2021,mymeal,Кёльн,Запад,Консервы,Говядина тушеная,"1,19",23,"27,37"
,6/2/2021,foodbite,Франкфурт,Запад,Специи,Базилик,"0,7",52,"36,4"
,6/2/2021,foodbite,Франкфурт,Запад,Специи,Базилик,"0,7",46,"32,2"
,6/2/2021,Go Bio,Штутгарт,Юг,Крупы,Рис,"0,96",354,"339,84"
,6/3/2021,mymeal,Дрезден,Восток,Крупы,Гречка,"1,4",48,"67,2"
,6/3/2021,mymeal,Дрезден,Восток,Сладости,Мармелад,"0,6",29,"17,4"
,6/3/2021,Sweetables,Дрезден,Восток,Сухофрукты,Курага,"1,19",35,"41,65"
,6/3/2021,NutriFix,Дрезден,Восток,Специи,Базилик,"0,7",13,"9,1"
,6/3/2021,NutriFix,Штутгарт,Юг,Напитки,Кофе,"5,5",86,473
,6/3/2021,NutriFix,Штутгарт,Юг,Сладости,Мармелад,"0,6",128,"76,8"
,6/3/2021,NutriFix,Штутгарт,Юг,Консервы,Говядина тушеная,"1,19",60,"71,4"
,6/3/2021,NutriFix,Гамбург,Север,Консервы,Шпроты,"1,15",142,"163,3"
,6/3/2021,Go Bio,Мюнхен,Юг,Специи,Кориандр,"0,65",23,"14,95"
,6/3/2021,foodbite,Франкфурт,Запад,Крупы,Рис,"0,96",326,"312,96"
,6/3/2021,Go Bio,Штутгарт,Юг,Сыры,Филадельфия ,"0,89",94,"83,66"
,6/3/2021,Go Bio,Штутгарт,Юг,Специи,Кориандр,"0,65",16,"10,4"
,6/4/2021,mymeal,Дрезден,Восток,Сухофрукты,Курага,"1,19",36,"42,84"
,6/4/2021,Gold Food,Дрезден,Восток,Консервы,Говядина тушеная,"1,19",20,"23,8"
,6/4/2021,mymeal,Гамбург,Север,Крупы,Гречка,"1,4",279,"390,6"
,6/4/2021,NutriFix,Гамбург,Север,Консервы,Килька в томате,"0,89",184,"163,76"
,6/5/2021,Gold Food,Дрезден,Восток,Масла,Сливочное масло,"1,5",55,"82,5"
,6/5/2021,Gold Food,Дрезден,Восток,Сухофрукты,Курага,"1,19",21,"24,99"
,6/5/2021,mymeal,Берлин,Восток,Напитки,Кофе,"5,5",329,"1809,5"
,6/5/2021,mymeal,Берлин,Восток,Специи,Кориандр,"0,65",87,"56,55"
,6/5/2021,Cooking Corner,Гамбург,Север,Крупы,Перловка,"1,2",474,"568,8"
,6/5/2021,Cooking Corner,Гамбург,Север,Сыры,Моцарелла,"0,59",514,"303,26"
,6/5/2021,Gold Food,Кёльн,Запад,Сладости,Шоколад,"0,55",218,"119,9"
,6/5/2021,Gold Food,Кёльн,Запад,Крупы,Гречка,"1,4",113,"158,2"
,6/6/2021,mymeal,Берлин,Восток,Масла,Оливковое масло,"1,7",205,"348,5"
,6/6/2021,Sweetables,Берлин,Восток,Сухофрукты,Сушеные яблоки,"1,09",188,"204,92"
,6/6/2021,Organica,Гамбург,Север,Специи,Черный перец,"0,59",204,"120,36"
,6/6/2021,Gold Food,Кёльн,Запад,Специи,Базилик,"0,7",48,"33,6"
,6/6/2021,Go Bio,Берлин,Восток,Напитки,Кофе,"5,5",225,"1237,5"
,6/6/2021,Go Bio,Берлин,Восток,Крупы,Перловка,"1,2",343,"411,6"
,6/6/2021,NutriFix,Кёльн,Запад,Специи,Базилик,"0,7",31,"21,7"
,6/6/2021,NutriFix,Кёльн,Запад,Консервы,Килька в томате,"0,89",87,"77,43"
,6/7/2021,mymeal,Штутгарт,Юг,Сладости,Зефир,"0,65",78,"50,7"
,6/7/2021,mymeal,Штутгарт,Юг,Масла,Оливковое масло,"1,7",108,"183,6"
,6/7/2021,Sweetables,Берлин,Восток,Консервы,Говядина тушеная,"1,19",48,"57,12"
,6/7/2021,Sweetables,Берлин,Восток,Консервы,Килька в томате,"0,89",365,"324,85"
,6/7/2021,Organica,Гамбург,Север,Напитки,Кофе,"5,5",130,715
,6/7/2021,NutriFix,Кёльн,Запад,Специи,Кориандр,"0,65",24,"15,6"
,6/7/2021,Gold Food,Берлин,Восток,Сладости,Зефир,"0,65",159,"103,35"
,6/8/2021,Sweetables,Берлин,Восток,Сухофрукты,Сушеные яблоки,"1,09",224,"244,16"
,6/8/2021,Sweetables,Берлин,Восток,Сухофрукты,Курага,"1,19",152,"180,88"
,6/8/2021,Gold Food,Берлин,Восток,Сладости,Зефир,"0,65",137,"89,05"
,6/8/2021,Gold Food,Берлин,Восток,Сыры,Гауда,"1,59",851,"1353,09"
,6/8/2021,Gold Food,Берлин,Восток,Напитки,Зеленый чай,"0,95",564,"535,8"
,6/8/2021,Sweetables,Кёльн,Запад,Масла,Подсолнечное масло,"1,19",213,"253,47"
,6/8/2021,mymeal,Штутгарт,Юг,Сухофрукты,Изюм,"0,99",96,"95,04"
,6/8/2021,Organica,Гамбург,Север,Сыры,Гауда,"1,59",506,"804,54"
,6/8/2021,mymeal,Мюнхен,Юг,Сладости,Шоколад,"0,55",577,"317,35"
,6/8/2021,Sweetables,Мюнхен,Юг,Масла,Подсолнечное масло,"1,19",313,"372,47"
,6/8/2021,NutriFix,Берлин,Восток,Специи,Черный перец,"0,59",715,"421,85"
,6/8/2021,NutriFix,Берлин,Восток,Напитки,Черный чай,"0,99",360,"356,4"
,6/9/2021,Sweetables,Берлин,Восток,Консервы,Шпроты,"1,15",248,"285,2"
,6/9/2021,NutriFix,Берлин,Восток,Сухофрукты,Сушеные яблоки,"1,09",205,"223,45"
,6/9/2021,Go Bio,Берлин,Восток,Сладости,Мармелад,"0,6",141,"84,6"
,6/9/2021,Cooking Corner,Кёльн,Запад,Масла,Сливочное масло,"1,5",562,843
,6/9/2021,Cooking Corner,Кёльн,Запад,Сладости,Зефир,"0,65",108,"70,2"
,6/9/2021,Sweetables,Кёльн,Запад,Напитки,Зеленый чай,"0,95",268,"254,6"
,6/9/2021,NutriFix,Кёльн,Запад,Консервы,Килька в томате,"0,89",75,"66,75"
,6/9/2021,foodbite,Штутгарт,Юг,Консервы,Шпроты,"1,15",80,92
,6/9/2021,foodbite,Штутгарт,Юг,Сладости,Шоколад,"0,55",628,"345,4"
,6/9/2021,Go Bio,Берлин,Восток,Специи,Черный перец,"0,59",283,"166,97"
,6/9/2021,Go Bio,Гамбург,Север,Масла,Оливковое масло,"1,7",125,"212,5"
,6/9/2021,mymeal,Мюнхен,Юг,Специи,Кориандр,"0,65",34,"22,1"
,6/9/2021,mymeal,Мюнхен,Юг,Сухофрукты,Сушеные яблоки,"1,09",105,"114,45"
,6/9/2021,Sweetables,Мюнхен,Юг,Специи,Кориандр,"0,65",45,"29,25"
,6/9/2021,mymeal,Гамбург,Север,Сухофрукты,Изюм,"0,99",171,"169,29"
,6/9/2021,NutriFix,Мюнхен,Юг,Сухофрукты,Изюм,"0,99",117,"115,83"
,6/9/2021,Organica,Кёльн,Запад,Сухофрукты,Сушеные яблоки,"1,09",44,"47,96"
,6/10/2021,NutriFix,Кёльн,Запад,Консервы,Килька в томате,"0,89",95,"84,55"
,6/10/2021,foodbite,Штутгарт,Юг,Напитки,Зеленый чай,"0,95",636,"604,2"
,6/10/2021,Go Bio,Берлин,Восток,Сладости,Шоколад,"0,55",535,"294,25"
,6/10/2021,Go Bio,Берлин,Восток,Масла,Оливковое масло,"1,7",188,"319,6"
,6/10/2021,Cooking Corner,Мюнхен,Юг,Специи,Кориандр,"0,65",62,"40,3"
,6/10/2021,Cooking Corner,Мюнхен,Юг,Сладости,Шоколад,"0,55",1103,"606,65"
,6/10/2021,foodbite,Мюнхен,Юг,Консервы,Килька в томате,"0,89",214,"190,46"
,6/10/2021,Sweetables,Мюнхен,Юг,Крупы,Гречка,"1,4",173,"242,2"
,6/10/2021,mymeal,Гамбург,Север,Сыры,Гауда,"1,59",641,"1019,19"
,6/10/2021,Sweetables,Гамбург,Север,Масла,Оливковое масло,"1,7",98,"166,6"
,6/10/2021,Gold Food,Мюнхен,Юг,Сыры,Моцарелла,"0,59",275,"162,25"
,6/10/2021,NutriFix,Мюнхен,Юг,Сыры,Моцарелла,"0,59",229,"135,11"
,6/10/2021,Sweetables,Кёльн,Запад,Сыры,Филадельфия ,"0,89",131,"116,59"
,6/10/2021,Organica,Кёльн,Запад,Крупы,Гречка,"1,4",85,119
,6/10/2021,Sweetables,Дрезден,Восток,Масла,Подсолнечное масло,"1,19",107,"127,33"
,6/10/2021,NutriFix,Кёльн,Запад,Сыры,Моцарелла,"0,59",177,"104,43"
,6/10/2021,NutriFix,Кёльн,Запад,Масла,Оливковое масло,"1,7",65,"110,5"
,6/10/2021,Organica,Берлин,Восток,Масла,Подсолнечное масло,"1,19",339,"403,41"
,6/11/2021,mymeal,Франкфурт,Запад,Сладости,Зефир,"0,65",32,"20,8"
,6/11/2021,mymeal,Франкфурт,Запад,Напитки,Черный чай,"0,99",120,"118,8"
,6/11/2021,mymeal,Франкфурт,Запад,Сухофрукты,Изюм,"0,99",61,"60,39"
,6/11/2021,Sweetables,Гамбург,Север,Сухофрукты,Курага,"1,19",95,"113,05"
,6/11/2021,Gold Food,Мюнхен,Юг,Специи,Базилик,"0,7",78,"54,6"
,6/11/2021,Organica,Мюнхен,Юг,Сухофрукты,Изюм,"0,99",105,"103,95"
,6/11/2021,Organica,Кёльн,Запад,Масла,Подсолнечное масло,"1,19",130,"154,7"
,6/11/2021,Organica,Франкфурт,Запад,Напитки,Кофе,"5,5",34,187
,6/11/2021,Sweetables,Дрезден,Восток,Сухофрукты,Сушеные яблоки,"1,09",27,"29,43"
,6/11/2021,Sweetables,Дрезден,Восток,Сухофрукты,Изюм,"0,99",50,"49,5"
,6/11/2021,foodbite,Кёльн,Запад,Консервы,Шпроты,"1,15",112,"128,8"
,6/11/2021,mymeal,Кёльн,Запад,Масла,Оливковое масло,"1,7",97,"164,9"
,6/11/2021,mymeal,Кёльн,Запад,Сладости,Мармелад,"0,6",115,69
,6/11/2021,NutriFix,Кёльн,Запад,Сыры,Гауда,"1,59",181,"287,79"
,6/11/2021,Organica,Кёльн,Запад,Консервы,Шпроты,"1,15",25,"28,75"
,6/11/2021,Organica,Кёльн,Запад,Напитки,Зеленый чай,"0,95",172,"163,4"
,6/11/2021,Organica,Кёльн,Запад,Специи,Кориандр,"0,65",15,"9,75"
,6/12/2021,mymeal,Гамбург,Север,Сухофрукты,Изюм,"0,99",130,"128,7"
,6/12/2021,Organica,Мюнхен,Юг,Специи,Черный перец,"0,59",138,"81,42"
,6/12/2021,Organica,Мюнхен,Юг,Консервы,Говядина тушеная,"1,19",57,"67,83"
,6/12/2021,Organica,Франкфурт,Запад,Сладости,Зефир,"0,65",15,"9,75"
,6/12/2021,Sweetables,Штутгарт,Юг,Консервы,Говядина тушеная,"1,19",34,"40,46"
,6/12/2021,Sweetables,Штутгарт,Юг,Консервы,Говядина тушеная,"1,19",52,"61,88"
,6/12/2021,Go Bio,Дрезден,Восток,Сухофрукты,Изюм,"0,99",21,"20,79"
,6/12/2021,mymeal,Кёльн,Запад,Сладости,Шоколад,"0,55",223,"122,65"
,6/13/2021,mymeal,Гамбург,Север,Сладости,Зефир,"0,65",74,"48,1"
,6/13/2021,Go Bio,Гамбург,Север,Консервы,Шпроты,"1,15",94,"108,1"
,6/13/2021,NutriFix,Мюнхен,Юг,Специи,Кориандр,"0,65",39,"25,35"
,6/13/2021,NutriFix,Франкфурт,Запад,Консервы,Говядина тушеная,"1,19",29,"34,51"
,6/13/2021,NutriFix,Франкфурт,Запад,Консервы,Говядина тушеная,"1,19",14,"16,66"
,6/13/2021,Go Bio,Кёльн,Запад,Масла,Подсолнечное масло,"1,19",218,"259,42"
,6/13/2021,Sweetables,Франкфурт,Запад,Масла,Сливочное масло,"1,5",137,"205,5"
,6/13/2021,NutriFix,Франкфурт,Запад,Крупы,Рис,"0,96",106,"101,76"
,6/13/2021,NutriFix,Франкфурт,Запад,Сладости,Зефир,"0,65",30,"19,5"
,6/13/2021,Organica,Франкфурт,Запад,Напитки,Кофе,"5,5",36,198
,6/13/2021,Sweetables,Штутгарт,Юг,Крупы,Рис,"0,96",436,"418,56"
,6/13/2021,Go Bio,Дрезден,Восток,Крупы,Рис,"0,96",83,"79,68"
,6/13/2021,Cooking Corner,Кёльн,Запад,Сухофрукты,Сушеные яблоки,"1,09",99,"107,91"
,6/14/2021,Organica,Гамбург,Север,Сладости,Шоколад,"0,55",603,"331,65"
,6/14/2021,Organica,Гамбург,Север,Напитки,Черный чай,"0,99",200,198
,6/14/2021,Go Bio,Гамбург,Север,Консервы,Килька в томате,"0,89",164,"145,96"
,6/14/2021,NutriFix,Мюнхен,Юг,Сладости,Мармелад,"0,6",134,"80,4"
,6/14/2021,Organica,Гамбург,Север,Сухофрукты,Изюм,"0,99",114,"112,86"
,6/14/2021,Sweetables,Франкфурт,Запад,Специи,Базилик,"0,7",27,"18,9"
,6/14/2021,Cooking Corner,Штутгарт,Юг,Сыры,Моцарелла,"0,59",430,"253,7"
,6/14/2021,Organica,Штутгарт,Юг,Консервы,Шпроты,"1,15",48,"55,2"
,6/14/2021,Organica,Штутгарт,Юг,Сладости,Мармелад,"0,6",116,"69,6"
,6/14/2021,Cooking Corner,Кёльн,Запад,Сухофрукты,Изюм,"0,99",202,"199,98"
,6/14/2021,mymeal,Франкфурт,Запад,Сыры,Филадельфия ,"0,89",43,"38,27"
,6/14/2021,mymeal,Франкфурт,Запад,Консервы,Шпроты,"1,15",33,"37,95"
,6/14/2021,Organica,Франкфурт,Запад,Сладости,Мармелад,"0,6",50,30
,6/15/2021,Sweetables,Гамбург,Север,Сухофрукты,Курага,"1,19",142,"168,98"
,6/15/2021,NutriFix,Мюнхен,Юг,Специи,Базилик,"0,7",83,"58,1"
,6/15/2021,Cooking Corner,Франкфурт,Запад,Сыры,Гауда,"1,59",351,"558,09"
,6/15/2021,Sweetables,Франкфурт,Запад,Крупы,Рис,"0,96",151,"144,96"
,6/15/2021,Organica,Бремен,Север,Сыры,Филадельфия ,"0,89",34,"30,26"
,6/15/2021,Cooking Corner,Кёльн,Запад,Напитки,Зеленый чай,"0,95",356,"338,2"
,6/15/2021,mymeal,Франкфурт,Запад,Крупы,Перловка,"1,2",71,"85,2"
,6/15/2021,Organica,Франкфурт,Запад,Сухофрукты,Сушеные яблоки,"1,09",27,"29,43"
,6/15/2021,Organica,Франкфурт,Запад,Сыры,Филадельфия ,"0,89",36,"32,04"
,6/16/2021,Sweetables,Гамбург,Север,Напитки,Кофе,"5,5",112,616
,6/16/2021,Sweetables,Гамбург,Север,Консервы,Шпроты,"1,15",103,"118,45"
,6/16/2021,NutriFix,Гамбург,Север,Крупы,Гречка,"1,4",214,"299,6"
,6/16/2021,NutriFix,Гамбург,Север,Сыры,Моцарелла,"0,59",354,"208,86"
,6/17/2021,Go Bio,Мюнхен,Юг,Крупы,Гречка,"1,4",172,"240,8"
,6/17/2021,mymeal,Мюнхен,Юг,Крупы,Перловка,"1,2",271,"325,2"
,6/17/2021,mymeal,Мюнхен,Юг,Крупы,Гречка,"1,4",179,"250,6"
,6/18/2021,Gold Food,Берлин,Восток,Специи,Базилик,"0,7",88,"61,6"
,6/18/2021,Gold Food,Берлин,Восток,Сладости,Зефир,"0,65",114,"74,1"
,6/18/2021,mymeal,Мюнхен,Юг,Сладости,Мармелад,"0,6",144,"86,4"
,6/19/2021,mymeal,Берлин,Восток,Специи,Кориандр,"0,65",65,"42,25"
,6/19/2021,mymeal,Берлин,Восток,Специи,Кориандр,"0,65",86,"55,9"
,6/19/2021,mymeal,Берлин,Восток,Масла,Сливочное масло,"1,5",552,828
,6/19/2021,Gold Food,Берлин,Восток,Специи,Черный перец,"0,59",357,"210,63"
,6/20/2021,foodbite,Бремен,Север,Масла,Сливочное масло,"1,5",285,"427,5"
,6/20/2021,Sweetables,Бремен,Север,Сыры,Филадельфия ,"0,89",64,"56,96"
,6/20/2021,foodbite,Мюнхен,Юг,Специи,Кориандр,"0,65",66,"42,9"
,6/20/2021,Cooking Corner,Дрезден,Восток,Масла,Подсолнечное масло,"1,19",176,"209,44"
,6/21/2021,foodbite,Бремен,Север,Напитки,Черный чай,"0,99",212,"209,88"
,6/21/2021,Sweetables,Бремен,Север,Масла,Сливочное масло,"1,5",133,"199,5"
,6/21/2021,Sweetables,Бремен,Север,Сыры,Моцарелла,"0,59",90,"53,1"
,6/21/2021,mymeal,Гамбург,Север,Масла,Подсолнечное масло,"1,19",524,"623,56"
,6/21/2021,foodbite,Мюнхен,Юг,Сухофрукты,Курага,"1,19",158,"188,02"
,6/21/2021,Organica,Кёльн,Запад,Специи,Базилик,"0,7",38,"26,6"
,6/21/2021,Cooking Corner,Дрезден,Восток,Сухофрукты,Изюм,"0,99",62,"61,38"
,6/21/2021,Cooking Corner,Дрезден,Восток,Сухофрукты,Сушеные яблоки,"1,09",53,"57,77"
,6/22/2021,Organica,Кёльн,Запад,Крупы,Рис,"0,96",210,"201,6"
,6/22/2021,foodbite,Франкфурт,Запад,Крупы,Перловка,"1,2",146,"175,2"
,6/22/2021,Gold Food,Бремен,Север,Специи,Кориандр,"0,65",11,"7,15"
,6/22/2021,Organica,Бремен,Север,Сыры,Моцарелла,"0,59",90,"53,1"
,6/23/2021,foodbite,Гамбург,Север,Крупы,Гречка,"1,4",490,686
,6/23/2021,foodbite,Франкфурт,Запад,Напитки,Кофе,"5,5",88,484
,6/23/2021,Gold Food,Бремен,Север,Напитки,Черный чай,"0,99",113,"111,87"
,6/23/2021,Gold Food,Бремен,Север,Сухофрукты,Курага,"1,19",39,"46,41"
,6/23/2021,Organica,Бремен,Север,Напитки,Кофе,"5,5",24,132
,6/23/2021,Organica,Бремен,Север,Консервы,Шпроты,"1,15",31,"35,65"
,6/23/2021,foodbite,Штутгарт,Юг,Сладости,Зефир,"0,65",98,"63,7"
,6/23/2021,NutriFix,Штутгарт,Юг,Масла,Оливковое масло,"1,7",78,"132,6"
,6/24/2021,Gold Food,Бремен,Север,Крупы,Перловка,"1,2",91,"109,2"
,6/24/2021,NutriFix,Франкфурт,Запад,Крупы,Рис,"0,96",174,"167,04"
,6/24/2021,Cooking Corner,Штутгарт,Юг,Крупы,Рис,"0,96",806,"773,76"
,6/24/2021,NutriFix,Штутгарт,Юг,Масла,Оливковое масло,"1,7",76,"129,2"
,6/24/2021,Organica,Штутгарт,Юг,Крупы,Перловка,"1,2",126,"151,2"
,6/24/2021,Gold Food,Бремен,Север,Напитки,Зеленый чай,"0,95",43,"40,85"
,6/24/2021,Gold Food,Бремен,Север,Консервы,Говядина тушеная,"1,19",26,"30,94"
,6/24/2021,Gold Food,Бремен,Север,Масла,Подсолнечное масло,"1,19",118,"140,42"
,6/25/2021,Go Bio,Штутгарт,Юг,Сухофрукты,Курага,"1,19",82,"97,58"
,6/25/2021,NutriFix,Франкфурт,Запад,Крупы,Гречка,"1,4",59,"82,6"
,6/25/2021,Cooking Corner,Штутгарт,Юг,Сыры,Гауда,"1,59",664,"1055,76"
,6/25/2021,Gold Food,Штутгарт,Юг,Крупы,Гречка,"1,4",166,"232,4"
,6/25/2021,Gold Food,Штутгарт,Юг,Крупы,Рис,"0,96",224,"215,04"
,6/25/2021,Organica,Штутгарт,Юг,Консервы,Шпроты,"1,15",40,46
,6/25/2021,Organica,Штутгарт,Юг,Сухофрукты,Изюм,"0,99",104,"102,96"
,6/25/2021,foodbite,Бремен,Север,Специи,Черный перец,"0,59",241,"142,19"
,6/25/2021,NutriFix,Бремен,Север,Сухофрукты,Сушеные яблоки,"1,09",39,"42,51"
,6/25/2021,NutriFix,Бремен,Север,Сухофрукты,Изюм,"0,99",50,"49,5"
,6/25/2021,Sweetables,Дрезден,Восток,Сыры,Моцарелла,"0,59",67,"39,53"
,6/26/2021,Gold Food,Франкфурт,Запад,Крупы,Перловка,"1,2",76,"91,2"
,6/26/2021,Go Bio,Штутгарт,Юг,Крупы,Рис,"0,96",346,"332,16"
,6/26/2021,Cooking Corner,Франкфурт,Запад,Сладости,Мармелад,"0,6",83,"49,8"
,6/26/2021,Sweetables,Франкфурт,Запад,Специи,Черный перец,"0,59",149,"87,91"
,6/26/2021,Gold Food,Штутгарт,Юг,Сухофрукты,Изюм,"0,99",92,"91,08"
,6/26/2021,NutriFix,Бремен,Север,Масла,Оливковое масло,"1,7",40,68
,6/26/2021,Sweetables,Дрезден,Восток,Консервы,Килька в томате,"0,89",45,"40,05"
,6/27/2021,Organica,Франкфурт,Запад,Сладости,Мармелад,"0,6",48,"28,8"
,6/27/2021,Go Bio,Франкфурт,Запад,Сладости,Шоколад,"0,55",142,"78,1"
,6/27/2021,foodbite,Штутгарт,Юг,Крупы,Рис,"0,96",432,"414,72"
,6/27/2021,Sweetables,Дрезден,Восток,Сладости,Зефир,"0,65",25,"16,25"
,6/27/2021,Cooking Corner,Франкфурт,Запад,Специи,Базилик,"0,7",50,35
,6/27/2021,Cooking Corner,Франкфурт,Запад,Специи,Кориандр,"0,65",17,"11,05"
,6/27/2021,Sweetables,Франкфурт,Запад,Сухофрукты,Изюм,"0,99",55,"54,45"
,6/28/2021,foodbite,Штутгарт,Юг,Масла,Оливковое масло,"1,7",180,306
,6/28/2021,foodbite,Штутгарт,Юг,Крупы,Перловка,"1,2",410,492
,6/28/2021,Organica,Штутгарт,Юг,Напитки,Черный чай,"0,99",216,"213,84"
,6/28/2021,Organica,Штутгарт,Юг,Специи,Черный перец,"0,59",250,"147,5"
,6/28/2021,Sweetables,Дрезден,Восток,Крупы,Гречка,"1,4",54,"75,6"
,6/28/2021,NutriFix,Дрезден,Восток,Напитки,Кофе,"5,5",34,187
,6/28/2021,NutriFix,Кёльн,Запад,Крупы,Гречка,"1,4",149,"208,6"
,6/29/2021,mymeal,Дрезден,Восток,Сыры,Гауда,"1,59",107,"170,13"
,6/29/2021,Organica,Штутгарт,Юг,Сыры,Гауда,"1,59",180,"286,2"
,6/29/2021,NutriFix,Дрезден,Восток,Сухофрукты,Курага,"1,19",22,"26,18"
,6/29/2021,NutriFix,Дрезден,Восток,Сладости,Зефир,"0,65",15,"9,75"
,6/29/2021,NutriFix,Кёльн,Запад,Крупы,Перловка,"1,2",134,"160,8"
,6/29/2021,Gold Food,Бремен,Север,Консервы,Шпроты,"1,15",32,"36,8"
,6/30/2021,Cooking Corner,Штутгарт,Юг,Напитки,Кофе,"5,5",168,924
,6/30/2021,Cooking Corner,Берлин,Восток,Сладости,Шоколад,"0,55",2139,"1176,45"
,6/30/2021,Gold Food,Кёльн,Запад,Сыры,Моцарелла,"0,59",220,"129,8"
,6/30/2021,Gold Food,Гамбург,Север,Сыры,Гауда,"1,59",555,"882,45"
,6/30/2021,Gold Food,Бремен,Север,Специи,Черный перец,"0,59",125,"73,75"
,7/1/2021,Cooking Corner,Штутгарт,Юг,Масла,Подсолнечное масло,"1,19",384,"456,96"
,7/1/2021,Gold Food,Дрезден,Восток,Сыры,Гауда,"1,59",76,"120,84"
,7/1/2021,Go Bio,Франкфурт,Запад,Сухофрукты,Курага,"1,19",20,"23,8"
,7/1/2021,Go Bio,Франкфурт,Запад,Консервы,Говядина тушеная,"1,19",16,"19,04"
,7/1/2021,Cooking Corner,Штутгарт,Юг,Масла,Сливочное масло,"1,5",488,732
,7/1/2021,Cooking Corner,Берлин,Восток,Специи,Черный перец,"0,59",444,"261,96"
,7/1/2021,foodbite,Берлин,Восток,Крупы,Гречка,"1,4",702,"982,8"
,7/1/2021,foodbite,Берлин,Восток,Масла,Сливочное масло,"1,5",889,"1333,5"
,7/1/2021,Gold Food,Кёльн,Запад,Крупы,Гречка,"1,4",92,"128,8"
,7/1/2021,Go Bio,Дрезден,Восток,Консервы,Килька в томате,"0,89",25,"22,25"
,7/1/2021,mymeal,Гамбург,Север,Масла,Сливочное масло,"1,5",496,744
,7/1/2021,Sweetables,Гамбург,Север,Специи,Базилик,"0,7",100,70
,7/1/2021,Sweetables,Гамбург,Север,Масла,Подсолнечное масло,"1,19",562,"668,78"
,7/1/2021,Gold Food,Гамбург,Север,Сладости,Зефир,"0,65",58,"37,7"
,7/1/2021,Gold Food,Гамбург,Север,Крупы,Рис,"0,96",571,"548,16"
,7/1/2021,Sweetables,Кёльн,Запад,Сладости,Шоколад,"0,55",315,"173,25"
,7/1/2021,Gold Food,Кёльн,Запад,Специи,Черный перец,"0,59",169,"99,71"
,7/1/2021,Organica,Кёльн,Запад,Масла,Сливочное масло,"1,5",235,"352,5"
,7/1/2021,Organica,Кёльн,Запад,Сыры,Моцарелла,"0,59",152,"89,68"
,7/1/2021,Cooking Corner,Франкфурт,Запад,Сыры,Гауда,"1,59",252,"400,68"
,7/1/2021,Cooking Corner,Франкфурт,Запад,Крупы,Рис,"0,96",307,"294,72"
,7/1/2021,mymeal,Бремен,Север,Специи,Черный перец,"0,59",83,"48,97"
,7/1/2021,mymeal,Бремен,Север,Масла,Сливочное масло,"1,5",119,"178,5"
,7/1/2021,mymeal,Бремен,Север,Сладости,Шоколад,"0,55",154,"84,7"
,7/2/2021,Gold Food,Дрезден,Восток,Консервы,Говядина тушеная,"1,19",8,"9,52"
,7/2/2021,Gold Food,Кёльн,Запад,Специи,Базилик,"0,7",36,"25,2"
,7/2/2021,mymeal,Гамбург,Север,Масла,Оливковое масло,"1,7",172,"292,4"
,7/2/2021,Sweetables,Гамбург,Север,Специи,Черный перец,"0,59",400,236
,7/2/2021,Organica,Кёльн,Запад,Сладости,Зефир,"0,65",28,"18,2"
,7/2/2021,Cooking Corner,Франкфурт,Запад,Крупы,Перловка,"1,2",176,"211,2"
,7/2/2021,foodbite,Франкфурт,Запад,Масла,Сливочное масло,"1,5",153,"229,5"
,7/2/2021,Sweetables,Франкфурт,Запад,Напитки,Кофе,"5,5",57,"313,5"
,7/2/2021,Sweetables,Франкфурт,Запад,Сладости,Шоколад,"0,55",138,"75,9"
,7/3/2021,Sweetables,Гамбург,Север,Консервы,Говядина тушеная,"1,19",92,"109,48"
,7/3/2021,mymeal,Берлин,Восток,Консервы,Говядина тушеная,"1,19",93,"110,67"
,7/3/2021,mymeal,Берлин,Восток,Масла,Подсолнечное масло,"1,19",581,"691,39"
,7/3/2021,mymeal,Гамбург,Север,Сыры,Филадельфия ,"0,89",234,"208,26"
,7/3/2021,Sweetables,Франкфурт,Запад,Напитки,Зеленый чай,"0,95",51,"48,45"
,7/3/2021,Organica,Франкфурт,Запад,Сухофрукты,Изюм,"0,99",36,"35,64"
,7/3/2021,Gold Food,Штутгарт,Юг,Сыры,Гауда,"1,59",248,"394,32"
,7/4/2021,foodbite,Мюнхен,Юг,Сухофрукты,Курага,"1,19",192,"228,48"
,7/4/2021,Cooking Corner,Кёльн,Запад,Крупы,Перловка,"1,2",458,"549,6"
,7/4/2021,NutriFix,Берлин,Восток,Крупы,Рис,"0,96",972,"933,12"
,7/4/2021,Organica,Берлин,Восток,Напитки,Черный чай,"0,99",608,"601,92"
,7/4/2021,Organica,Берлин,Восток,Напитки,Зеленый чай,"0,95",370,"351,5"
,7/4/2021,Gold Food,Штутгарт,Юг,Напитки,Кофе,"5,5",70,385
,7/4/2021,Organica,Бремен,Север,Сыры,Моцарелла,"0,59",57,"33,63"
,7/5/2021,Gold Food,Берлин,Восток,Сыры,Гауда,"1,59",702,"1116,18"
,7/5/2021,Organica,Берлин,Восток,Консервы,Говядина тушеная,"1,19",98,"116,62"
,7/5/2021,foodbite,Мюнхен,Юг,Сладости,Шоколад,"0,55",682,"375,1"
,7/5/2021,foodbite,Мюнхен,Юг,Специи,Базилик,"0,7",135,"94,5"
,7/5/2021,mymeal,Мюнхен,Юг,Напитки,Кофе,"5,5",132,726
,7/5/2021,Go Bio,Мюнхен,Юг,Сладости,Шоколад,"0,55",410,"225,5"
,7/5/2021,Sweetables,Берлин,Восток,Сухофрукты,Изюм,"0,99",369,"365,31"
,7/5/2021,mymeal,Берлин,Восток,Масла,Сливочное масло,"1,5",505,"757,5"
,7/5/2021,Organica,Берлин,Восток,Напитки,Зеленый чай,"0,95",189,"179,55"
,7/5/2021,mymeal,Франкфурт,Запад,Специи,Базилик,"0,7",29,"20,3"
,7/5/2021,mymeal,Франкфурт,Запад,Масла,Оливковое масло,"1,7",52,"88,4"
,7/5/2021,Organica,Бремен,Север,Крупы,Рис,"0,96",91,"87,36"
,7/5/2021,Organica,Бремен,Север,Специи,Кориандр,"0,65",12,"7,8"
,7/6/2021,Sweetables,Берлин,Восток,Сыры,Филадельфия ,"0,89",363,"323,07"
,7/6/2021,Sweetables,Берлин,Восток,Сухофрукты,Сушеные яблоки,"1,09",195,"212,55"
,7/6/2021,Organica,Берлин,Восток,Напитки,Зеленый чай,"0,95",161,"152,95"
,7/6/2021,Go Bio,Берлин,Восток,Специи,Кориандр,"0,65",65,"42,25"
,7/6/2021,Go Bio,Мюнхен,Юг,Масла,Оливковое масло,"1,7",105,"178,5"
,7/6/2021,Go Bio,Мюнхен,Юг,Сладости,Шоколад,"0,55",315,"173,25"
,7/6/2021,Sweetables,Берлин,Восток,Крупы,Рис,"0,96",1083,"1039,68"
,7/6/2021,NutriFix,Мюнхен,Юг,Сладости,Шоколад,"0,55",381,"209,55"
,7/6/2021,Organica,Мюнхен,Юг,Крупы,Перловка,"1,2",196,"235,2"
,7/6/2021,Organica,Мюнхен,Юг,Масла,Оливковое масло,"1,7",99,"168,3"
,7/6/2021,mymeal,Берлин,Восток,Масла,Подсолнечное масло,"1,19",507,"603,33"
,7/6/2021,foodbite,Штутгарт,Юг,Напитки,Кофе,"5,5",170,935
,7/6/2021,Go Bio,Дрезден,Восток,Сыры,Моцарелла,"0,59",53,"31,27"
,7/7/2021,Go Bio,Берлин,Восток,Сыры,Филадельфия ,"0,89",203,"180,67"
,7/7/2021,NutriFix,Мюнхен,Юг,Сладости,Зефир,"0,65",43,"27,95"
,7/7/2021,Organica,Мюнхен,Юг,Масла,Сливочное масло,"1,5",344,516
,7/7/2021,Organica,Мюнхен,Юг,Масла,Сливочное масло,"1,5",228,342
,7/7/2021,Organica,Мюнхен,Юг,Сухофрукты,Курага,"1,19",84,"99,96"
,7/7/2021,foodbite,Штутгарт,Юг,Сухофрукты,Курага,"1,19",146,"173,74"
,7/7/2021,Go Bio,Бремен,Север,Консервы,Килька в томате,"0,89",30,"26,7"
,7/7/2021,Go Bio,Дрезден,Восток,Специи,Кориандр,"0,65",6,"3,9"
,7/7/2021,Go Bio,Дрезден,Восток,Сыры,Моцарелла,"0,59",59,"34,81"
,7/7/2021,Go Bio,Дрезден,Восток,Масла,Оливковое масло,"1,7",23,"39,1"
,7/7/2021,Sweetables,Дрезден,Восток,Сыры,Гауда,"1,59",149,"236,91"
,7/7/2021,Gold Food,Дрезден,Восток,Сухофрукты,Изюм,"0,99",33,"32,67"
,7/8/2021,NutriFix,Мюнхен,Юг,Консервы,Говядина тушеная,"1,19",73,"86,87"
,7/8/2021,Organica,Мюнхен,Юг,Сухофрукты,Изюм,"0,99",78,"77,22"
,7/8/2021,mymeal,Франкфурт,Запад,Сыры,Моцарелла,"0,59",129,"76,11"
,7/8/2021,mymeal,Франкфурт,Запад,Сладости,Зефир,"0,65",21,"13,65"
,7/8/2021,Go Bio,Бремен,Север,Сыры,Моцарелла,"0,59",89,"52,51"
,7/8/2021,NutriFix,Дрезден,Восток,Крупы,Рис,"0,96",98,"94,08"
,7/8/2021,NutriFix,Дрезден,Восток,Крупы,Рис,"0,96",70,"67,2"
,7/8/2021,foodbite,Дрезден,Восток,Масла,Сливочное масло,"1,5",113,"169,5"
,7/8/2021,foodbite,Дрезден,Восток,Сухофрукты,Сушеные яблоки,"1,09",34,"37,06"
,7/8/2021,mymeal,Берлин,Восток,Напитки,Кофе,"5,5",322,1771
,7/9/2021,Cooking Corner,Мюнхен,Юг,Специи,Кориандр,"0,65",54,"35,1"
,7/9/2021,Cooking Corner,Мюнхен,Юг,Масла,Подсолнечное масло,"1,19",507,"603,33"
,7/9/2021,Cooking Corner,Дрезден,Восток,Напитки,Зеленый чай,"0,95",55,"52,25"
,7/9/2021,Cooking Corner,Дрезден,Восток,Масла,Сливочное масло,"1,5",210,315
,7/9/2021,Cooking Corner,Берлин,Восток,Напитки,Кофе,"5,5",247,"1358,5"
,7/9/2021,mymeal,Берлин,Восток,Сухофрукты,Изюм,"0,99",201,"198,99"
,7/10/2021,foodbite,Франкфурт,Запад,Специи,Базилик,"0,7",54,"37,8"
,7/10/2021,foodbite,Франкфурт,Запад,Сыры,Филадельфия ,"0,89",74,"65,86"
,7/10/2021,mymeal,Гамбург,Север,Сыры,Филадельфия ,"0,89",244,"217,16"
,7/10/2021,Sweetables,Гамбург,Север,Сухофрукты,Курага,"1,19",110,"130,9"
,7/10/2021,Cooking Corner,Берлин,Восток,Сладости,Шоколад,"0,55",2032,"1117,6"
,7/10/2021,Cooking Corner,Берлин,Восток,Консервы,Килька в томате,"0,89",467,"415,63"
,7/11/2021,mymeal,Кёльн,Запад,Сладости,Шоколад,"0,55",356,"195,8"
,7/11/2021,mymeal,Кёльн,Запад,Консервы,Шпроты,"1,15",74,"85,1"
,7/11/2021,NutriFix,Гамбург,Север,Консервы,Килька в томате,"0,89",117,"104,13"
,7/11/2021,mymeal,Дрезден,Восток,Напитки,Зеленый чай,"0,95",29,"27,55"
,7/11/2021,Organica,Берлин,Восток,Специи,Базилик,"0,7",69,"48,3"
,7/12/2021,NutriFix,Кёльн,Запад,Сладости,Шоколад,"0,55",195,"107,25"
,7/12/2021,Gold Food,Гамбург,Север,Сыры,Моцарелла,"0,59",405,"238,95"
,7/12/2021,Cooking Corner,Дрезден,Восток,Сухофрукты,Изюм,"0,99",44,"43,56"
,7/12/2021,mymeal,Дрезден,Восток,Напитки,Зеленый чай,"0,95",29,"27,55"
,7/12/2021,Organica,Берлин,Восток,Напитки,Черный чай,"0,99",231,"228,69"
,7/12/2021,Organica,Берлин,Восток,Консервы,Говядина тушеная,"1,19",87,"103,53"
,7/12/2021,foodbite,Мюнхен,Юг,Сухофрукты,Курага,"1,19",225,"267,75"
,7/12/2021,Cooking Corner,Франкфурт,Запад,Сыры,Моцарелла,"0,59",238,"140,42"
,7/12/2021,foodbite,Штутгарт,Юг,Сыры,Филадельфия ,"0,89",146,"129,94"
,7/12/2021,NutriFix,Бремен,Север,Масла,Сливочное масло,"1,5",108,162
,7/12/2021,NutriFix,Бремен,Север,Специи,Кориандр,"0,65",11,"7,15"
,7/12/2021,NutriFix,Мюнхен,Юг,Специи,Кориандр,"0,65",27,"17,55"
,7/12/2021,NutriFix,Мюнхен,Юг,Сладости,Зефир,"0,65",44,"28,6"
,7/12/2021,NutriFix,Мюнхен,Юг,Сладости,Мармелад,"0,6",94,"56,4"
,7/12/2021,foodbite,Франкфурт,Запад,Крупы,Рис,"0,96",216,"207,36"
,7/13/2021,NutriFix,Кёльн,Запад,Крупы,Перловка,"1,2",186,"223,2"
,7/13/2021,Go Bio,Кёльн,Запад,Сыры,Гауда,"1,59",281,"446,79"
,7/13/2021,Cooking Corner,Берлин,Восток,Масла,Сливочное масло,"1,5",1478,2217
,7/13/2021,foodbite,Мюнхен,Юг,Крупы,Гречка,"1,4",396,"554,4"
,7/13/2021,Gold Food,Мюнхен,Юг,Сухофрукты,Сушеные яблоки,"1,09",107,"116,63"
,7/13/2021,Cooking Corner,Штутгарт,Юг,Сладости,Мармелад,"0,6",222,"133,2"
,7/13/2021,NutriFix,Бремен,Север,Крупы,Перловка,"1,2",90,108
,7/13/2021,Gold Food,Мюнхен,Юг,Сыры,Гауда,"1,59",269,"427,71"
,7/13/2021,Gold Food,Кёльн,Запад,Сладости,Шоколад,"0,55",203,"111,65"
,7/13/2021,Cooking Corner,Франкфурт,Запад,Крупы,Рис,"0,96",200,192
,7/13/2021,foodbite,Франкфурт,Запад,Сыры,Моцарелла,"0,59",125,"73,75"
,7/13/2021,Cooking Corner,Дрезден,Восток,Консервы,Говядина тушеная,"1,19",32,"38,08"
,7/13/2021,NutriFix,Дрезден,Восток,Масла,Сливочное масло,"1,5",77,"115,5"
,7/14/2021,Gold Food,Кёльн,Запад,Сухофрукты,Курага,"1,19",54,"64,26"
,7/14/2021,Go Bio,Кёльн,Запад,Сладости,Мармелад,"0,6",71,"42,6"
,7/14/2021,Cooking Corner,Берлин,Восток,Сладости,Зефир,"0,65",305,"198,25"
,7/14/2021,Cooking Corner,Берлин,Восток,Специи,Базилик,"0,7",240,168
,7/14/2021,mymeal,Берлин,Восток,Специи,Базилик,"0,7",97,"67,9"
,7/14/2021,Gold Food,Берлин,Восток,Напитки,Зеленый чай,"0,95",775,"736,25"
,7/14/2021,Sweetables,Мюнхен,Юг,Сухофрукты,Изюм,"0,99",187,"185,13"
,7/14/2021,Sweetables,Мюнхен,Юг,Специи,Базилик,"0,7",74,"51,8"
,7/14/2021,Gold Food,Мюнхен,Юг,Крупы,Перловка,"1,2",240,288
,7/14/2021,Sweetables,Кёльн,Запад,Сухофрукты,Курага,"1,19",68,"80,92"
,7/14/2021,Go Bio,Мюнхен,Юг,Специи,Кориандр,"0,65",27,"17,55"
,7/14/2021,Go Bio,Мюнхен,Юг,Масла,Оливковое масло,"1,7",62,"105,4"
,7/14/2021,Gold Food,Кёльн,Запад,Напитки,Кофе,"5,5",86,473
,7/14/2021,Cooking Corner,Франкфурт,Запад,Специи,Черный перец,"0,59",92,"54,28"
,7/14/2021,Sweetables,Франкфурт,Запад,Масла,Подсолнечное масло,"1,19",145,"172,55"
,7/14/2021,Cooking Corner,Дрезден,Восток,Напитки,Кофе,"5,5",48,264
,7/14/2021,Cooking Corner,Дрезден,Восток,Консервы,Килька в томате,"0,89",56,"49,84"
,7/14/2021,NutriFix,Дрезден,Восток,Сыры,Филадельфия ,"0,89",37,"32,93"
,7/15/2021,Gold Food,Кёльн,Запад,Сыры,Моцарелла,"0,59",199,"117,41"
,7/15/2021,Go Bio,Кёльн,Запад,Специи,Черный перец,"0,59",241,"142,19"
,7/15/2021,Sweetables,Берлин,Восток,Сухофрукты,Изюм,"0,99",331,"327,69"
,7/15/2021,Sweetables,Берлин,Восток,Напитки,Зеленый чай,"0,95",607,"576,65"
,7/15/2021,Gold Food,Берлин,Восток,Крупы,Рис,"0,96",809,"776,64"
,7/15/2021,Gold Food,Мюнхен,Юг,Сухофрукты,Изюм,"0,99",114,"112,86"
,7/15/2021,Sweetables,Кёльн,Запад,Консервы,Шпроты,"1,15",51,"58,65"
,7/15/2021,Organica,Кёльн,Запад,Специи,Базилик,"0,7",26,"18,2"
,7/15/2021,Gold Food,Бремен,Север,Крупы,Перловка,"1,2",96,"115,2"
,7/15/2021,Go Bio,Мюнхен,Юг,Сухофрукты,Сушеные яблоки,"1,09",85,"92,65"
,7/15/2021,Sweetables,Кёльн,Запад,Консервы,Шпроты,"1,15",50,"57,5"
,7/15/2021,Gold Food,Кёльн,Запад,Консервы,Килька в томате,"0,89",81,"72,09"
,7/15/2021,Go Bio,Бремен,Север,Консервы,Говядина тушеная,"1,19",26,"30,94"
,7/16/2021,Sweetables,Берлин,Восток,Консервы,Говядина тушеная,"1,19",74,"88,06"
,7/16/2021,Organica,Кёльн,Запад,Консервы,Килька в томате,"0,89",81,"72,09"
,7/16/2021,Sweetables,Штутгарт,Юг,Сладости,Мармелад,"0,6",118,"70,8"
,7/16/2021,mymeal,Бремен,Север,Специи,Черный перец,"0,59",97,"57,23"
,7/16/2021,mymeal,Бремен,Север,Сыры,Гауда,"1,59",205,"325,95"
,7/16/2021,Gold Food,Бремен,Север,Напитки,Кофе,"5,5",42,231
,7/16/2021,Go Bio,Бремен,Север,Крупы,Гречка,"1,4",58,"81,2"
,7/17/2021,Gold Food,Штутгарт,Юг,Сухофрукты,Сушеные яблоки,"1,09",98,"106,82"
,7/17/2021,Cooking Corner,Бремен,Север,Сыры,Гауда,"1,59",232,"368,88"
,7/17/2021,Cooking Corner,Бремен,Север,Сладости,Зефир,"0,65",55,"35,75"
,7/17/2021,mymeal,Бремен,Север,Крупы,Гречка,"1,4",58,"81,2"
,7/17/2021,Sweetables,Берлин,Восток,Сладости,Зефир,"0,65",110,"71,5"
,7/17/2021,Cooking Corner,Дрезден,Восток,Специи,Черный перец,"0,59",110,"64,9"
,7/17/2021,Cooking Corner,Дрезден,Восток,Крупы,Перловка,"1,2",162,"194,4"
,7/17/2021,Gold Food,Бремен,Север,Консервы,Говядина тушеная,"1,19",29,"34,51"
,7/17/2021,NutriFix,Франкфурт,Запад,Сухофрукты,Изюм,"0,99",50,"49,5"
,7/17/2021,mymeal,Штутгарт,Юг,Напитки,Черный чай,"0,99",254,"251,46"
,7/17/2021,Gold Food,Штутгарт,Юг,Масла,Подсолнечное масло,"1,19",266,"316,54"
,7/17/2021,NutriFix,Бремен,Север,Масла,Сливочное масло,"1,5",109,"163,5"
,7/17/2021,NutriFix,Бремен,Север,Напитки,Кофе,"5,5",52,286
,7/18/2021,Gold Food,Штутгарт,Юг,Консервы,Шпроты,"1,15",104,"119,6"
,7/18/2021,Gold Food,Штутгарт,Юг,Консервы,Говядина тушеная,"1,19",22,"26,18"
,7/18/2021,Go Bio,Штутгарт,Юг,Масла,Подсолнечное масло,"1,19",166,"197,54"
,7/18/2021,Go Bio,Штутгарт,Юг,Консервы,Шпроты,"1,15",32,"36,8"
,7/18/2021,Cooking Corner,Бремен,Север,Сыры,Гауда,"1,59",220,"349,8"
,7/18/2021,Sweetables,Бремен,Север,Напитки,Кофе,"5,5",23,"126,5"
,7/18/2021,foodbite,Берлин,Восток,Напитки,Черный чай,"0,99",1050,"1039,5"
,7/18/2021,foodbite,Берлин,Восток,Специи,Кориандр,"0,65",115,"74,75"
,7/18/2021,Cooking Corner,Бремен,Север,Масла,Оливковое масло,"1,7",88,"149,6"
,7/18/2021,Gold Food,Штутгарт,Юг,Специи,Базилик,"0,7",64,"44,8"
,7/19/2021,Organica,Штутгарт,Юг,Сыры,Гауда,"1,59",344,"546,96"
,7/19/2021,Organica,Штутгарт,Юг,Масла,Сливочное масло,"1,5",200,300
,7/19/2021,Organica,Мюнхен,Юг,Сыры,Моцарелла,"0,59",227,"133,93"
,7/19/2021,NutriFix,Штутгарт,Юг,Напитки,Зеленый чай,"0,95",240,228
,7/19/2021,foodbite,Мюнхен,Юг,Напитки,Черный чай,"0,99",597,"591,03"
,7/19/2021,mymeal,Франкфурт,Запад,Консервы,Шпроты,"1,15",34,"39,1"
,7/19/2021,Gold Food,Франкфурт,Запад,Сухофрукты,Изюм,"0,99",44,"43,56"
,7/19/2021,Organica,Франкфурт,Запад,Специи,Базилик,"0,7",19,"13,3"
,7/19/2021,NutriFix,Штутгарт,Юг,Масла,Подсолнечное масло,"1,19",288,"342,72"
,7/19/2021,Go Bio,Дрезден,Восток,Специи,Базилик,"0,7",12,"8,4"
,7/20/2021,Organica,Штутгарт,Юг,Сыры,Филадельфия ,"0,89",106,"94,34"
,7/20/2021,Gold Food,Берлин,Восток,Сухофрукты,Курага,"1,19",174,"207,06"
,7/20/2021,Sweetables,Дрезден,Восток,Специи,Черный перец,"0,59",41,"24,19"
,7/20/2021,Sweetables,Гамбург,Север,Консервы,Говядина тушеная,"1,19",114,"135,66"
,7/20/2021,Gold Food,Франкфурт,Запад,Сыры,Гауда,"1,59",163,"259,17"
,7/20/2021,Go Bio,Франкфурт,Запад,Специи,Черный перец,"0,59",29,"17,11"
,7/20/2021,foodbite,Бремен,Север,Масла,Сливочное масло,"1,5",172,258
,7/20/2021,mymeal,Бремен,Север,Сыры,Гауда,"1,59",128,"203,52"
,7/20/2021,mymeal,Бремен,Север,Сладости,Шоколад,"0,55",243,"133,65"
,7/20/2021,Cooking Corner,Берлин,Восток,Консервы,Шпроты,"1,15",474,"545,1"
,7/20/2021,Sweetables,Гамбург,Север,Сыры,Моцарелла,"0,59",476,"280,84"
,7/21/2021,Go Bio,Гамбург,Север,Крупы,Гречка,"1,4",201,"281,4"
,7/21/2021,Go Bio,Франкфурт,Запад,Масла,Сливочное масло,"1,5",121,"181,5"
,7/21/2021,mymeal,Штутгарт,Юг,Консервы,Килька в томате,"0,89",126,"112,14"
,7/21/2021,Organica,Штутгарт,Юг,Крупы,Гречка,"1,4",150,210
,7/21/2021,Organica,Штутгарт,Юг,Сладости,Зефир,"0,65",48,"31,2"
,7/21/2021,foodbite,Бремен,Север,Сыры,Гауда,"1,59",191,"303,69"
,7/21/2021,foodbite,Бремен,Север,Масла,Сливочное масло,"1,5",247,"370,5"
,7/21/2021,mymeal,Бремен,Север,Сладости,Мармелад,"0,6",38,"22,8"
,7/21/2021,mymeal,Гамбург,Север,Специи,Черный перец,"0,59",356,"210,04"
,7/21/2021,Sweetables,Гамбург,Север,Сладости,Зефир,"0,65",100,65
,7/22/2021,mymeal,Кёльн,Запад,Сладости,Зефир,"0,65",49,"31,85"
,7/22/2021,Go Bio,Дрезден,Восток,Специи,Кориандр,"0,65",9,"5,85"
,7/22/2021,Sweetables,Мюнхен,Юг,Сыры,Моцарелла,"0,59",383,"225,97"
,7/22/2021,Go Bio,Франкфурт,Запад,Консервы,Килька в томате,"0,89",41,"36,49"
,7/22/2021,mymeal,Штутгарт,Юг,Консервы,Шпроты,"1,15",94,"108,1"
,7/22/2021,foodbite,Гамбург,Север,Сыры,Моцарелла,"0,59",664,"391,76"
,7/22/2021,foodbite,Гамбург,Север,Сладости,Зефир,"0,65",132,"85,8"
,7/22/2021,foodbite,Гамбург,Север,Сухофрукты,Изюм,"0,99",366,"362,34"
,7/22/2021,mymeal,Гамбург,Север,Сыры,Гауда,"1,59",541,"860,19"
,7/22/2021,mymeal,Гамбург,Север,Напитки,Черный чай,"0,99",352,"348,48"
,7/22/2021,Go Bio,Гамбург,Север,Специи,Черный перец,"0,59",422,"248,98"
,7/23/2021,foodbite,Гамбург,Север,Специи,Базилик,"0,7",144,"100,8"
,7/23/2021,Organica,Франкфурт,Запад,Сухофрукты,Сушеные яблоки,"1,09",26,"28,34"
,7/23/2021,Go Bio,Дрезден,Восток,Консервы,Килька в томате,"0,89",23,"20,47"
,7/23/2021,foodbite,Берлин,Восток,Напитки,Черный чай,"0,99",351,"347,49"
,7/23/2021,foodbite,Гамбург,Север,Сухофрукты,Сушеные яблоки,"1,09",290,"316,1"
,7/23/2021,mymeal,Штутгарт,Юг,Сухофрукты,Курага,"1,19",126,"149,94"
,7/23/2021,NutriFix,Берлин,Восток,Сладости,Мармелад,"0,6",214,"128,4"
,7/23/2021,NutriFix,Берлин,Восток,Консервы,Килька в томате,"0,89",180,"160,2"
,7/23/2021,Go Bio,Гамбург,Север,Крупы,Рис,"0,96",289,"277,44"
,7/24/2021,foodbite,Гамбург,Север,Сухофрукты,Сушеные яблоки,"1,09",260,"283,4"
,7/24/2021,Sweetables,Гамбург,Север,Специи,Черный перец,"0,59",126,"74,34"
,7/24/2021,Sweetables,Кёльн,Запад,Масла,Сливочное масло,"1,5",207,"310,5"
,7/24/2021,NutriFix,Франкфурт,Запад,Консервы,Килька в томате,"0,89",35,"31,15"
,7/24/2021,Go Bio,Дрезден,Восток,Крупы,Гречка,"1,4",43,"60,2"
,7/24/2021,foodbite,Гамбург,Север,Крупы,Гречка,"1,4",438,"613,2"
,7/24/2021,NutriFix,Берлин,Восток,Сыры,Гауда,"1,59",749,"1190,91"
,7/24/2021,Go Bio,Берлин,Восток,Напитки,Зеленый чай,"0,95",476,"452,2"
,7/24/2021,Sweetables,Мюнхен,Юг,Крупы,Рис,"0,96",307,"294,72"
,7/25/2021,Sweetables,Гамбург,Север,Напитки,Зеленый чай,"0,95",145,"137,75"
,7/25/2021,NutriFix,Гамбург,Север,Напитки,Кофе,"5,5",113,"621,5"
,7/25/2021,NutriFix,Гамбург,Север,Крупы,Рис,"0,96",481,"461,76"
,7/25/2021,Sweetables,Кёльн,Запад,Сладости,Мармелад,"0,6",126,"75,6"
,7/25/2021,Sweetables,Кёльн,Запад,Специи,Черный перец,"0,59",146,"86,14"
,7/25/2021,Gold Food,Кёльн,Запад,Масла,Оливковое масло,"1,7",78,"132,6"
,7/25/2021,Gold Food,Кёльн,Запад,Сладости,Шоколад,"0,55",227,"124,85"
,7/25/2021,NutriFix,Кёльн,Запад,Специи,Черный перец,"0,59",189,"111,51"
,7/25/2021,Go Bio,Кёльн,Запад,Крупы,Рис,"0,96",271,"260,16"
,7/25/2021,NutriFix,Франкфурт,Запад,Напитки,Кофе,"5,5",57,"313,5"
,7/25/2021,NutriFix,Мюнхен,Юг,Консервы,Говядина тушеная,"1,19",81,"96,39"
,7/25/2021,NutriFix,Мюнхен,Юг,Консервы,Килька в томате,"0,89",92,"81,88"
,7/25/2021,Sweetables,Мюнхен,Юг,Специи,Базилик,"0,7",66,"46,2"
,7/25/2021,Sweetables,Мюнхен,Юг,Сыры,Филадельфия ,"0,89",123,"109,47"
,7/26/2021,Gold Food,Кёльн,Запад,Сладости,Шоколад,"0,55",222,"122,1"
,7/26/2021,NutriFix,Кёльн,Запад,Сладости,Зефир,"0,65",33,"21,45"
,7/26/2021,Go Bio,Кёльн,Запад,Напитки,Черный чай,"0,99",60,"59,4"
,7/26/2021,mymeal,Франкфурт,Запад,Сладости,Зефир,"0,65",32,"20,8"
,7/26/2021,Sweetables,Франкфурт,Запад,Крупы,Перловка,"1,2",107,"128,4"
,7/26/2021,NutriFix,Мюнхен,Юг,Напитки,Кофе,"5,5",65,"357,5"
,7/26/2021,Go Bio,Мюнхен,Юг,Консервы,Килька в томате,"0,89",98,"87,22"
,7/26/2021,Cooking Corner,Кёльн,Запад,Сыры,Гауда,"1,59",650,"1033,5"
,7/26/2021,Cooking Corner,Кёльн,Запад,Крупы,Гречка,"1,4",192,"268,8"
,7/26/2021,foodbite,Кёльн,Запад,Специи,Кориандр,"0,65",42,"27,3"
,7/26/2021,foodbite,Кёльн,Запад,Консервы,Шпроты,"1,15",91,"104,65"
,7/27/2021,mymeal,Франкфурт,Запад,Консервы,Шпроты,"1,15",23,"26,45"
,7/27/2021,Go Bio,Мюнхен,Юг,Сыры,Моцарелла,"0,59",222,"130,98"
,7/27/2021,Cooking Corner,Кёльн,Запад,Консервы,Шпроты,"1,15",123,"141,45"
,7/28/2021,Go Bio,Гамбург,Север,Крупы,Гречка,"1,4",167,"233,8"
,7/28/2021,Go Bio,Гамбург,Север,Специи,Базилик,"0,7",60,42
,7/28/2021,Go Bio,Гамбург,Север,Сыры,Филадельфия ,"0,89",100,89
,7/28/2021,Cooking Corner,Мюнхен,Юг,Сухофрукты,Курага,"1,19",134,"159,46"
,7/28/2021,mymeal,Франкфурт,Запад,Крупы,Рис,"0,96",172,"165,12"
,7/28/2021,Sweetables,Кёльн,Запад,Сыры,Гауда,"1,59",393,"624,87"
,7/28/2021,Sweetables,Кёльн,Запад,Сухофрукты,Курага,"1,19",89,"105,91"
,7/29/2021,Cooking Corner,Штутгарт,Юг,Консервы,Шпроты,"1,15",176,"202,4"
,7/29/2021,mymeal,Штутгарт,Юг,Сладости,Мармелад,"0,6",146,"87,6"
,7/29/2021,Gold Food,Штутгарт,Юг,Крупы,Рис,"0,96",218,"209,28"
,7/30/2021,foodbite,Франкфурт,Запад,Сухофрукты,Изюм,"0,99",85,"84,15"
,7/30/2021,Organica,Штутгарт,Юг,Консервы,Шпроты,"1,15",56,"64,4"
,7/30/2021,Organica,Штутгарт,Юг,Сыры,Филадельфия ,"0,89",70,"62,3"
,7/30/2021,Organica,Бремен,Север,Масла,Подсолнечное масло,"1,19",115,"136,85"
,7/30/2021,Cooking Corner,Дрезден,Восток,Сыры,Моцарелла,"0,59",139,"82,01"
,7/31/2021,Go Bio,Франкфурт,Запад,Сыры,Филадельфия ,"0,89",47,"41,83"
,7/31/2021,Go Bio,Франкфурт,Запад,Масла,Подсолнечное масло,"1,19",100,119
,7/31/2021,NutriFix,Штутгарт,Юг,Масла,Подсолнечное масло,"1,19",186,"221,34"
,7/31/2021,Cooking Corner,Дрезден,Восток,Сладости,Зефир,"0,65",27,"17,55"
,8/1/2021,Go Bio,Кёльн,Запад,Масла,Сливочное масло,"1,5",154,231
,8/1/2021,Cooking Corner,Франкфурт,Запад,Сладости,Мармелад,"0,6",95,57
,8/1/2021,Cooking Corner,Франкфурт,Запад,Напитки,Зеленый чай,"0,95",145,"137,75"
,8/1/2021,Organica,Франкфурт,Запад,Сыры,Филадельфия ,"0,89",32,"28,48"
,8/1/2021,Gold Food,Дрезден,Восток,Масла,Подсолнечное масло,"1,19",67,"79,73"
,8/2/2021,Organica,Кёльн,Запад,Масла,Оливковое масло,"1,7",43,"73,1"
,8/2/2021,Cooking Corner,Франкфурт,Запад,Сухофрукты,Курага,"1,19",64,"76,16"
,8/2/2021,Organica,Франкфурт,Запад,Сладости,Шоколад,"0,55",90,"49,5"
,8/2/2021,Gold Food,Дрезден,Восток,Крупы,Перловка,"1,2",80,96
,8/2/2021,Organica,Дрезден,Восток,Сыры,Филадельфия ,"0,89",28,"24,92"
,8/2/2021,foodbite,Франкфурт,Запад,Консервы,Шпроты,"1,15",58,"66,7"
,8/2/2021,foodbite,Франкфурт,Запад,Напитки,Кофе,"5,5",54,297
,8/3/2021,Cooking Corner,Дрезден,Восток,Крупы,Перловка,"1,2",129,"154,8"
,8/3/2021,Cooking Corner,Дрезден,Восток,Напитки,Черный чай,"0,99",85,"84,15"
,8/3/2021,foodbite,Дрезден,Восток,Сладости,Мармелад,"0,6",59,"35,4"
,8/3/2021,foodbite,Дрезден,Восток,Сухофрукты,Сушеные яблоки,"1,09",39,"42,51"
,8/3/2021,mymeal,Дрезден,Восток,Специи,Базилик,"0,7",14,"9,8"
,8/3/2021,mymeal,Дрезден,Восток,Крупы,Перловка,"1,2",85,102
,8/3/2021,Cooking Corner,Франкфурт,Запад,Сыры,Гауда,"1,59",298,"473,82"
,8/3/2021,foodbite,Франкфурт,Запад,Консервы,Шпроты,"1,15",32,"36,8"
,8/4/2021,Cooking Corner,Дрезден,Восток,Сыры,Филадельфия ,"0,89",50,"44,5"
,8/4/2021,Sweetables,Дрезден,Восток,Сладости,Мармелад,"0,6",48,"28,8"
,8/4/2021,NutriFix,Мюнхен,Юг,Масла,Сливочное масло,"1,5",319,"478,5"
,8/4/2021,NutriFix,Мюнхен,Юг,Консервы,Говядина тушеная,"1,19",43,"51,17"
,8/4/2021,NutriFix,Мюнхен,Юг,Сладости,Мармелад,"0,6",119,"71,4"
,8/4/2021,Organica,Бремен,Север,Крупы,Перловка,"1,2",98,"117,6"
,8/4/2021,Organica,Бремен,Север,Сухофрукты,Сушеные яблоки,"1,09",27,"29,43"
,8/4/2021,NutriFix,Берлин,Восток,Сыры,Моцарелла,"0,59",485,"286,15"
,8/4/2021,foodbite,Мюнхен,Юг,Специи,Черный перец,"0,59",782,"461,38"
,8/5/2021,Sweetables,Мюнхен,Юг,Сухофрукты,Курага,"1,19",107,"127,33"
,8/5/2021,Gold Food,Мюнхен,Юг,Сухофрукты,Изюм,"0,99",104,"102,96"
,8/5/2021,mymeal,Штутгарт,Юг,Сухофрукты,Сушеные яблоки,"1,09",124,"135,16"
,8/5/2021,NutriFix,Берлин,Восток,Сухофрукты,Изюм,"0,99",312,"308,88"
,8/5/2021,NutriFix,Берлин,Восток,Консервы,Килька в томате,"0,89",171,"152,19"
,8/5/2021,Cooking Corner,Мюнхен,Юг,Напитки,Зеленый чай,"0,95",340,323
,8/5/2021,mymeal,Мюнхен,Юг,Крупы,Гречка,"1,4",153,"214,2"
,8/5/2021,Organica,Мюнхен,Юг,Консервы,Говядина тушеная,"1,19",22,"26,18"
,8/5/2021,Organica,Мюнхен,Юг,Крупы,Рис,"0,96",285,"273,6"
,8/5/2021,mymeal,Кёльн,Запад,Сладости,Мармелад,"0,6",101,"60,6"
,8/5/2021,mymeal,Франкфурт,Запад,Сухофрукты,Сушеные яблоки,"1,09",46,"50,14"
,8/6/2021,Gold Food,Дрезден,Восток,Сухофрукты,Курага,"1,19",31,"36,89"
,8/6/2021,Organica,Кёльн,Запад,Сухофрукты,Курага,"1,19",47,"55,93"
,8/6/2021,Go Bio,Кёльн,Запад,Напитки,Кофе,"5,5",62,341
,8/6/2021,Sweetables,Мюнхен,Юг,Сухофрукты,Изюм,"0,99",134,"132,66"
,8/6/2021,Gold Food,Мюнхен,Юг,Сладости,Зефир,"0,65",81,"52,65"
,8/6/2021,mymeal,Штутгарт,Юг,Консервы,Килька в томате,"0,89",108,"96,12"
,8/6/2021,Organica,Штутгарт,Юг,Напитки,Зеленый чай,"0,95",292,"277,4"
,8/6/2021,Cooking Corner,Мюнхен,Юг,Сладости,Мармелад,"0,6",230,138
,8/6/2021,Cooking Corner,Мюнхен,Юг,Крупы,Рис,"0,96",988,"948,48"
,8/6/2021,Sweetables,Мюнхен,Юг,Сыры,Гауда,"1,59",312,"496,08"
,8/6/2021,NutriFix,Штутгарт,Юг,Крупы,Перловка,"1,2",258,"309,6"
,8/7/2021,Gold Food,Дрезден,Восток,Напитки,Черный чай,"0,99",25,"24,75"
,8/7/2021,Organica,Кёльн,Запад,Масла,Оливковое масло,"1,7",64,"108,8"
,8/7/2021,Go Bio,Кёльн,Запад,Сыры,Гауда,"1,59",151,"240,09"
,8/7/2021,Go Bio,Кёльн,Запад,Сыры,Гауда,"1,59",261,"414,99"
,8/7/2021,Gold Food,Мюнхен,Юг,Сухофрукты,Курага,"1,19",124,"147,56"
,8/7/2021,mymeal,Кёльн,Запад,Сыры,Моцарелла,"0,59",262,"154,58"
,8/7/2021,foodbite,Франкфурт,Запад,Сухофрукты,Сушеные яблоки,"1,09",46,"50,14"
,8/7/2021,mymeal,Штутгарт,Юг,Масла,Подсолнечное масло,"1,19",300,357
,8/7/2021,Sweetables,Штутгарт,Юг,Масла,Сливочное масло,"1,5",270,405
,8/7/2021,Sweetables,Мюнхен,Юг,Напитки,Черный чай,"0,99",173,"171,27"
,8/7/2021,Go Bio,Кёльн,Запад,Специи,Базилик,"0,7",26,"18,2"
,8/7/2021,Sweetables,Франкфурт,Запад,Сладости,Мармелад,"0,6",58,"34,8"
,8/7/2021,foodbite,Штутгарт,Юг,Сыры,Моцарелла,"0,59",484,"285,56"
,8/7/2021,foodbite,Штутгарт,Юг,Консервы,Говядина тушеная,"1,19",96,"114,24"
,8/7/2021,foodbite,Штутгарт,Юг,Сыры,Моцарелла,"0,59",356,"210,04"
,8/7/2021,NutriFix,Штутгарт,Юг,Сыры,Филадельфия ,"0,89",142,"126,38"
,8/7/2021,NutriFix,Штутгарт,Юг,Масла,Подсолнечное масло,"1,19",208,"247,52"
,8/8/2021,NutriFix,Дрезден,Восток,Крупы,Гречка,"1,4",39,"54,6"
,8/8/2021,Cooking Corner,Штутгарт,Юг,Сыры,Гауда,"1,59",534,"849,06"
,8/8/2021,mymeal,Кёльн,Запад,Сладости,Зефир,"0,65",54,"35,1"
,8/8/2021,Sweetables,Штутгарт,Юг,Сладости,Зефир,"0,65",50,"32,5"
,8/8/2021,Gold Food,Штутгарт,Юг,Сыры,Моцарелла,"0,59",216,"127,44"
,8/8/2021,Cooking Corner,Гамбург,Север,Масла,Оливковое масло,"1,7",199,"338,3"
,8/8/2021,Cooking Corner,Кёльн,Запад,Специи,Базилик,"0,7",119,"83,3"
,8/8/2021,Sweetables,Франкфурт,Запад,Масла,Оливковое масло,"1,7",34,"57,8"
,8/8/2021,Sweetables,Франкфурт,Запад,Масла,Оливковое масло,"1,7",36,"61,2"
,8/9/2021,foodbite,Франкфурт,Запад,Крупы,Перловка,"1,2",135,162
,8/9/2021,Cooking Corner,Штутгарт,Юг,Напитки,Черный чай,"0,99",190,"188,1"
,8/9/2021,mymeal,Штутгарт,Юг,Масла,Подсолнечное масло,"1,19",418,"497,42"
,8/9/2021,Gold Food,Франкфурт,Запад,Консервы,Шпроты,"1,15",34,"39,1"
,8/9/2021,Gold Food,Франкфурт,Запад,Консервы,Килька в томате,"0,89",41,"36,49"
,8/9/2021,Gold Food,Франкфурт,Запад,Напитки,Черный чай,"0,99",102,"100,98"
,8/9/2021,Gold Food,Штутгарт,Юг,Сыры,Гауда,"1,59",346,"550,14"
,8/9/2021,Gold Food,Штутгарт,Юг,Сухофрукты,Изюм,"0,99",128,"126,72"
,8/9/2021,Cooking Corner,Кёльн,Запад,Сладости,Зефир,"0,65",108,"70,2"
,8/9/2021,Cooking Corner,Кёльн,Запад,Сладости,Зефир,"0,65",108,"70,2"
,8/9/2021,Organica,Штутгарт,Юг,Масла,Сливочное масло,"1,5",202,303
,8/9/2021,Organica,Штутгарт,Юг,Напитки,Черный чай,"0,99",134,"132,66"
,8/10/2021,Cooking Corner,Франкфурт,Запад,Крупы,Перловка,"1,2",186,"223,2"
,8/10/2021,foodbite,Франкфурт,Запад,Сухофрукты,Курага,"1,19",71,"84,49"
,8/10/2021,foodbite,Франкфурт,Запад,Сладости,Мармелад,"0,6",76,"45,6"
,8/10/2021,Go Bio,Франкфурт,Запад,Масла,Сливочное масло,"1,5",71,"106,5"
,8/10/2021,NutriFix,Кёльн,Запад,Консервы,Шпроты,"1,15",72,"82,8"
,8/10/2021,mymeal,Франкфурт,Запад,Сладости,Шоколад,"0,55",114,"62,7"
,8/10/2021,mymeal,Франкфурт,Запад,Сладости,Шоколад,"0,55",155,"85,25"
,8/10/2021,NutriFix,Гамбург,Север,Сладости,Шоколад,"0,55",423,"232,65"
,8/10/2021,Organica,Штутгарт,Юг,Сухофрукты,Курага,"1,19",88,"104,72"
,8/11/2021,Gold Food,Гамбург,Север,Крупы,Гречка,"1,4",203,"284,2"
,8/11/2021,Organica,Гамбург,Север,Напитки,Зеленый чай,"0,95",258,"245,1"
,8/11/2021,Gold Food,Франкфурт,Запад,Напитки,Черный чай,"0,99",131,"129,69"
,8/11/2021,Organica,Франкфурт,Запад,Сладости,Зефир,"0,65",14,"9,1"
,8/11/2021,Go Bio,Франкфурт,Запад,Сладости,Зефир,"0,65",24,"15,6"
,8/11/2021,Go Bio,Франкфурт,Запад,Сухофрукты,Изюм,"0,99",47,"46,53"
,8/11/2021,Gold Food,Гамбург,Север,Напитки,Зеленый чай,"0,95",155,"147,25"
,8/11/2021,Gold Food,Гамбург,Север,Напитки,Черный чай,"0,99",212,"209,88"
,8/11/2021,Gold Food,Кёльн,Запад,Сухофрукты,Изюм,"0,99",116,"114,84"
,8/11/2021,NutriFix,Кёльн,Запад,Специи,Базилик,"0,7",45,"31,5"
,8/11/2021,NutriFix,Кёльн,Запад,Сыры,Моцарелла,"0,59",152,"89,68"
,8/12/2021,Gold Food,Берлин,Восток,Крупы,Гречка,"1,4",333,"466,2"
,8/12/2021,Gold Food,Берлин,Восток,Сухофрукты,Изюм,"0,99",180,"178,2"
,8/12/2021,Gold Food,Гамбург,Север,Сыры,Гауда,"1,59",480,"763,2"
,8/12/2021,foodbite,Мюнхен,Юг,Напитки,Зеленый чай,"0,95",730,"693,5"
,8/12/2021,Cooking Corner,Кёльн,Запад,Специи,Черный перец,"0,59",598,"352,82"
,8/12/2021,Cooking Corner,Кёльн,Запад,Консервы,Шпроты,"1,15",114,"131,1"
,8/12/2021,mymeal,Кёльн,Запад,Консервы,Шпроты,"1,15",60,69
,8/12/2021,mymeal,Франкфурт,Запад,Крупы,Перловка,"1,2",88,"105,6"
,8/12/2021,Gold Food,Франкфурт,Запад,Сыры,Филадельфия ,"0,89",42,"37,38"
,8/12/2021,NutriFix,Франкфурт,Запад,Сухофрукты,Сушеные яблоки,"1,09",30,"32,7"
,8/12/2021,NutriFix,Франкфурт,Запад,Консервы,Шпроты,"1,15",41,"47,15"
,8/12/2021,Organica,Штутгарт,Юг,Масла,Сливочное масло,"1,5",252,378
,8/12/2021,Organica,Штутгарт,Юг,Сыры,Филадельфия ,"0,89",108,"96,12"
,8/12/2021,mymeal,Гамбург,Север,Специи,Базилик,"0,7",76,"53,2"
,8/12/2021,mymeal,Гамбург,Север,Сыры,Филадельфия ,"0,89",128,"113,92"
,8/12/2021,Gold Food,Гамбург,Север,Масла,Оливковое масло,"1,7",124,"210,8"
,8/12/2021,Gold Food,Кёльн,Запад,Напитки,Зеленый чай,"0,95",228,"216,6"
,8/12/2021,Gold Food,Кёльн,Запад,Консервы,Шпроты,"1,15",57,"65,55"
,8/13/2021,Gold Food,Берлин,Восток,Сыры,Моцарелла,"0,59",590,"348,1"
,8/13/2021,foodbite,Мюнхен,Юг,Крупы,Гречка,"1,4",393,"550,2"
,8/13/2021,Cooking Corner,Кёльн,Запад,Крупы,Рис,"0,96",407,"390,72"
,8/13/2021,mymeal,Франкфурт,Запад,Крупы,Гречка,"1,4",71,"99,4"
,8/13/2021,Organica,Штутгарт,Юг,Сладости,Шоколад,"0,55",258,"141,9"
,8/13/2021,Go Bio,Штутгарт,Юг,Масла,Оливковое масло,"1,7",70,119
,8/13/2021,Go Bio,Штутгарт,Юг,Крупы,Гречка,"1,4",116,"162,4"
,8/13/2021,Organica,Кёльн,Запад,Напитки,Черный чай,"0,99",219,"216,81"
,8/13/2021,Organica,Кёльн,Запад,Специи,Базилик,"0,7",41,"28,7"
,8/13/2021,Organica,Кёльн,Запад,Сухофрукты,Курага,"1,19",52,"61,88"
,8/13/2021,Go Bio,Кёльн,Запад,Сыры,Филадельфия ,"0,89",65,"57,85"
,8/13/2021,Go Bio,Кёльн,Запад,Масла,Сливочное масло,"1,5",181,"271,5"
,8/13/2021,Cooking Corner,Бремен,Север,Крупы,Перловка,"1,2",241,"289,2"
,8/14/2021,mymeal,Берлин,Восток,Консервы,Говядина тушеная,"1,19",133,"158,27"
,8/14/2021,mymeal,Берлин,Восток,Напитки,Черный чай,"0,99",265,"262,35"
,8/14/2021,mymeal,Берлин,Восток,Напитки,Кофе,"5,5",227,"1248,5"
,8/14/2021,Organica,Мюнхен,Юг,Напитки,Кофе,"5,5",38,209
,8/14/2021,Go Bio,Штутгарт,Юг,Сладости,Мармелад,"0,6",112,"67,2"
,8/14/2021,Go Bio,Бремен,Север,Крупы,Перловка,"1,2",74,"88,8"
,8/14/2021,Gold Food,Дрезден,Восток,Специи,Кориандр,"0,65",8,"5,2"
,8/14/2021,NutriFix,Дрезден,Восток,Сладости,Зефир,"0,65",11,"7,15"
,8/14/2021,NutriFix,Дрезден,Восток,Консервы,Килька в томате,"0,89",40,"35,6"
,8/15/2021,Gold Food,Бремен,Север,Сладости,Мармелад,"0,6",42,"25,2"
,8/15/2021,mymeal,Дрезден,Восток,Сладости,Зефир,"0,65",17,"11,05"
,8/15/2021,Gold Food,Дрезден,Восток,Сладости,Мармелад,"0,6",34,"20,4"
,8/15/2021,NutriFix,Дрезден,Восток,Сыры,Филадельфия ,"0,89",31,"27,59"
,8/15/2021,foodbite,Гамбург,Север,Напитки,Черный чай,"0,99",1000,990
,8/15/2021,foodbite,Бремен,Север,Сыры,Моцарелла,"0,59",236,"139,24"
,8/16/2021,Gold Food,Бремен,Север,Специи,Кориандр,"0,65",9,"5,85"
,8/16/2021,mymeal,Дрезден,Восток,Сыры,Гауда,"1,59",104,"165,36"
,8/16/2021,foodbite,Гамбург,Север,Сухофрукты,Сушеные яблоки,"1,09",252,"274,68"
,8/16/2021,foodbite,Бремен,Север,Специи,Базилик,"0,7",56,"39,2"
,8/17/2021,Gold Food,Бремен,Север,Сухофрукты,Изюм,"0,99",32,"31,68"
,8/17/2021,Cooking Corner,Берлин,Восток,Специи,Черный перец,"0,59",788,"464,92"
,8/18/2021,Cooking Corner,Берлин,Восток,Крупы,Гречка,"1,4",648,"907,2"
,8/18/2021,NutriFix,Берлин,Восток,Напитки,Черный чай,"0,99",404,"399,96"
,8/18/2021,Cooking Corner,Гамбург,Север,Сыры,Филадельфия ,"0,89",345,"307,05"
,8/19/2021,Organica,Берлин,Восток,Крупы,Рис,"0,96",744,"714,24"
,8/19/2021,Organica,Берлин,Восток,Консервы,Килька в томате,"0,89",164,"145,96"
,8/19/2021,Cooking Corner,Гамбург,Север,Крупы,Гречка,"1,4",430,602
,8/19/2021,Cooking Corner,Гамбург,Север,Сладости,Шоколад,"0,55",804,"442,2"
,8/19/2021,Gold Food,Бремен,Север,Сладости,Шоколад,"0,55",201,"110,55"
,8/20/2021,Organica,Берлин,Восток,Сыры,Гауда,"1,59",675,"1073,25"
,8/20/2021,Go Bio,Берлин,Восток,Крупы,Перловка,"1,2",411,"493,2"
,8/20/2021,Go Bio,Бремен,Север,Напитки,Зеленый чай,"0,95",104,"98,8"
,8/21/2021,Go Bio,Берлин,Восток,Сухофрукты,Сушеные яблоки,"1,09",125,"136,25"
,8/21/2021,Go Bio,Бремен,Север,Специи,Кориандр,"0,65",10,"6,5"
,8/24/2021,Go Bio,Дрезден,Восток,Специи,Базилик,"0,7",11,"7,7"
,8/24/2021,Go Bio,Дрезден,Восток,Консервы,Говядина тушеная,"1,19",11,"13,09"
,8/25/2021,mymeal,Дрезден,Восток,Масла,Сливочное масло,"1,5",123,"184,5"
,8/25/2021,Go Bio,Дрезден,Восток,Напитки,Зеленый чай,"0,95",34,"32,3"
,8/25/2021,foodbite,Берлин,Восток,Масла,Подсолнечное масло,"1,19",901,"1072,19"
,8/25/2021,Sweetables,Берлин,Восток,Сыры,Филадельфия ,"0,89",288,"256,32"
,8/26/2021,mymeal,Дрезден,Восток,Сыры,Моцарелла,"0,59",81,"47,79"
,8/26/2021,mymeal,Дрезден,Восток,Масла,Подсолнечное масло,"1,19",72,"85,68"
,8/26/2021,Sweetables,Берлин,Восток,Сухофрукты,Изюм,"0,99",329,"325,71"
,8/26/2021,Gold Food,Берлин,Восток,Масла,Сливочное масло,"1,5",720,1080
,8/27/2021,Gold Food,Берлин,Восток,Крупы,Рис,"0,96",835,"801,6"
,9/1/2021,foodbite,Кёльн,Запад,Сыры,Гауда,"1,59",451,"717,09"
,9/2/2021,Sweetables,Гамбург,Север,Сладости,Мармелад,"0,6",140,84
,9/2/2021,Go Bio,Мюнхен,Юг,Масла,Оливковое масло,"1,7",75,"127,5"
,9/2/2021,Sweetables,Мюнхен,Юг,Напитки,Черный чай,"0,99",339,"335,61"
,9/2/2021,foodbite,Кёльн,Запад,Сухофрукты,Сушеные яблоки,"1,09",153,"166,77"
,9/2/2021,NutriFix,Кёльн,Запад,Сыры,Филадельфия ,"0,89",92,"81,88"
,9/2/2021,NutriFix,Кёльн,Запад,Крупы,Рис,"0,96",210,"201,6"
,9/3/2021,Sweetables,Бремен,Север,Напитки,Кофе,"5,5",71,"390,5"
,9/3/2021,Sweetables,Бремен,Север,Сыры,Моцарелла,"0,59",110,"64,9"
,9/3/2021,Organica,Гамбург,Север,Напитки,Зеленый чай,"0,95",433,"411,35"
,9/3/2021,mymeal,Мюнхен,Юг,Специи,Черный перец,"0,59",138,"81,42"
,9/3/2021,mymeal,Мюнхен,Юг,Сыры,Филадельфия ,"0,89",147,"130,83"
,9/3/2021,Sweetables,Мюнхен,Юг,Крупы,Перловка,"1,2",242,"290,4"
,9/3/2021,Sweetables,Мюнхен,Юг,Крупы,Гречка,"1,4",227,"317,8"
,9/3/2021,foodbite,Кёльн,Запад,Сладости,Зефир,"0,65",96,"62,4"
,9/3/2021,NutriFix,Кёльн,Запад,Сыры,Моцарелла,"0,59",186,"109,74"
,9/3/2021,Organica,Кёльн,Запад,Сухофрукты,Курага,"1,19",70,"83,3"
,9/3/2021,Go Bio,Кёльн,Запад,Специи,Черный перец,"0,59",139,"82,01"
,9/4/2021,Sweetables,Бремен,Север,Консервы,Говядина тушеная,"1,19",33,"39,27"
,9/4/2021,Sweetables,Гамбург,Север,Специи,Кориандр,"0,65",31,"20,15"
,9/4/2021,Organica,Гамбург,Север,Специи,Базилик,"0,7",73,"51,1"
,9/4/2021,Gold Food,Мюнхен,Юг,Сладости,Шоколад,"0,55",421,"231,55"
,9/4/2021,Gold Food,Мюнхен,Юг,Сыры,Гауда,"1,59",299,"475,41"
,9/4/2021,Organica,Кёльн,Запад,Сыры,Гауда,"1,59",259,"411,81"
,9/4/2021,Organica,Кёльн,Запад,Сыры,Гауда,"1,59",173,"275,07"
,9/4/2021,Go Bio,Кёльн,Запад,Крупы,Перловка,"1,2",164,"196,8"
,9/4/2021,Go Bio,Кёльн,Запад,Крупы,Рис,"0,96",288,"276,48"
,9/5/2021,Cooking Corner,Кёльн,Запад,Сыры,Гауда,"1,59",592,"941,28"
,9/5/2021,Gold Food,Кёльн,Запад,Сухофрукты,Курага,"1,19",90,"107,1"
,9/5/2021,foodbite,Штутгарт,Юг,Напитки,Зеленый чай,"0,95",208,"197,6"
,9/5/2021,Go Bio,Бремен,Север,Консервы,Говядина тушеная,"1,19",22,"26,18"
,9/5/2021,Sweetables,Гамбург,Север,Масла,Подсолнечное масло,"1,19",316,"376,04"
,9/5/2021,Sweetables,Гамбург,Север,Сухофрукты,Курага,"1,19",171,"203,49"
,9/5/2021,NutriFix,Гамбург,Север,Крупы,Перловка,"1,2",346,"415,2"
,9/5/2021,Gold Food,Мюнхен,Юг,Масла,Сливочное масло,"1,5",396,594
,9/6/2021,Cooking Corner,Кёльн,Запад,Крупы,Гречка,"1,4",219,"306,6"
,9/6/2021,Cooking Corner,Франкфурт,Запад,Масла,Сливочное масло,"1,5",291,"436,5"
,9/6/2021,Cooking Corner,Франкфурт,Запад,Напитки,Зеленый чай,"0,95",100,95
,9/6/2021,foodbite,Штутгарт,Юг,Специи,Черный перец,"0,59",684,"403,56"
,9/6/2021,Go Bio,Бремен,Север,Специи,Базилик,"0,7",15,"10,5"
,9/6/2021,Go Bio,Берлин,Восток,Напитки,Черный чай,"0,99",632,"625,68"
,9/6/2021,NutriFix,Гамбург,Север,Крупы,Перловка,"1,2",209,"250,8"
,9/6/2021,NutriFix,Мюнхен,Юг,Сыры,Моцарелла,"0,59",214,"126,26"
,9/6/2021,Organica,Мюнхен,Юг,Напитки,Черный чай,"0,99",286,"283,14"
,9/6/2021,Organica,Мюнхен,Юг,Специи,Базилик,"0,7",64,"44,8"
,9/6/2021,Organica,Бремен,Север,Сыры,Моцарелла,"0,59",101,"59,59"
,9/7/2021,Cooking Corner,Кёльн,Запад,Крупы,Рис,"0,96",489,"469,44"
,9/7/2021,mymeal,Франкфурт,Запад,Консервы,Килька в томате,"0,89",62,"55,18"
,9/7/2021,NutriFix,Франкфурт,Запад,Масла,Оливковое масло,"1,7",26,"44,2"
,9/7/2021,Organica,Франкфурт,Запад,Специи,Черный перец,"0,59",97,"57,23"
,9/7/2021,Gold Food,Штутгарт,Юг,Консервы,Шпроты,"1,15",80,92
,9/7/2021,Gold Food,Штутгарт,Юг,Масла,Оливковое масло,"1,7",100,170
,9/7/2021,NutriFix,Штутгарт,Юг,Консервы,Шпроты,"1,15",88,"101,2"
,9/7/2021,NutriFix,Штутгарт,Юг,Напитки,Черный чай,"0,99",84,"83,16"
,9/7/2021,NutriFix,Штутгарт,Юг,Крупы,Гречка,"1,4",120,168
,9/7/2021,Organica,Штутгарт,Юг,Сыры,Филадельфия ,"0,89",102,"90,78"
,9/7/2021,Go Bio,Штутгарт,Юг,Консервы,Килька в томате,"0,89",98,"87,22"
,9/7/2021,NutriFix,Бремен,Север,Специи,Базилик,"0,7",23,"16,1"
,9/7/2021,Cooking Corner,Гамбург,Север,Сыры,Гауда,"1,59",1096,"1742,64"
,9/7/2021,NutriFix,Мюнхен,Юг,Сухофрукты,Изюм,"0,99",101,"99,99"
,9/7/2021,foodbite,Бремен,Север,Сыры,Филадельфия ,"0,89",107,"95,23"
,9/7/2021,NutriFix,Бремен,Север,Сыры,Моцарелла,"0,59",111,"65,49"
,9/7/2021,NutriFix,Бремен,Север,Сыры,Моцарелла,"0,59",69,"40,71"
,9/7/2021,NutriFix,Бремен,Север,Консервы,Шпроты,"1,15",27,"31,05"
,9/8/2021,Sweetables,Франкфурт,Запад,Специи,Черный перец,"0,59",108,"63,72"
,9/8/2021,Sweetables,Франкфурт,Запад,Консервы,Шпроты,"1,15",26,"29,9"
,9/8/2021,Organica,Франкфурт,Запад,Сыры,Филадельфия ,"0,89",41,"36,49"
,9/8/2021,Gold Food,Штутгарт,Юг,Напитки,Кофе,"5,5",108,594
,9/8/2021,Organica,Штутгарт,Юг,Сухофрукты,Изюм,"0,99",70,"69,3"
,9/8/2021,Cooking Corner,Гамбург,Север,Сладости,Зефир,"0,65",205,"133,25"
,9/8/2021,Go Bio,Мюнхен,Юг,Консервы,Говядина тушеная,"1,19",55,"65,45"
,9/8/2021,foodbite,Бремен,Север,Сладости,Зефир,"0,65",54,"35,1"
,9/9/2021,mymeal,Франкфурт,Запад,Сыры,Филадельфия ,"0,89",63,"56,07"
,9/9/2021,mymeal,Франкфурт,Запад,Сыры,Гауда,"1,59",183,"290,97"
,9/9/2021,Sweetables,Бремен,Север,Крупы,Рис,"0,96",197,"189,12"
,9/10/2021,Go Bio,Бремен,Север,Специи,Черный перец,"0,59",44,"25,96"
,9/10/2021,Cooking Corner,Берлин,Восток,Напитки,Зеленый чай,"0,95",749,"711,55"
,9/10/2021,Gold Food,Франкфурт,Запад,Масла,Подсолнечное масло,"1,19",143,"170,17"
,9/10/2021,foodbite,Штутгарт,Юг,Консервы,Шпроты,"1,15",146,"167,9"
,9/10/2021,Sweetables,Бремен,Север,Сладости,Мармелад,"0,6",65,39
,9/10/2021,Cooking Corner,Дрезден,Восток,Сухофрукты,Изюм,"0,99",81,"80,19"
,9/10/2021,foodbite,Дрезден,Восток,Напитки,Черный чай,"0,99",50,"49,5"
,9/11/2021,Cooking Corner,Дрезден,Восток,Сухофрукты,Сушеные яблоки,"1,09",50,"54,5"
,9/11/2021,Cooking Corner,Дрезден,Восток,Сухофрукты,Изюм,"0,99",52,"51,48"
,9/11/2021,Go Bio,Бремен,Север,Консервы,Килька в томате,"0,89",38,"33,82"
,9/11/2021,Cooking Corner,Берлин,Восток,Сыры,Филадельфия ,"0,89",328,"291,92"
,9/11/2021,foodbite,Берлин,Восток,Масла,Сливочное масло,"1,5",1441,"2161,5"
,9/11/2021,foodbite,Берлин,Восток,Масла,Сливочное масло,"1,5",1100,1650
,9/11/2021,Gold Food,Гамбург,Север,Напитки,Кофе,"5,5",188,1034
,9/11/2021,NutriFix,Берлин,Восток,Напитки,Зеленый чай,"0,95",605,"574,75"
,9/11/2021,Sweetables,Франкфурт,Запад,Сухофрукты,Курага,"1,19",30,"35,7"
,9/11/2021,Gold Food,Франкфурт,Запад,Специи,Черный перец,"0,59",71,"41,89"
,9/11/2021,Gold Food,Франкфурт,Запад,Консервы,Говядина тушеная,"1,19",13,"15,47"
,9/11/2021,Sweetables,Штутгарт,Юг,Сухофрукты,Изюм,"0,99",132,"130,68"
,9/11/2021,foodbite,Дрезден,Восток,Сладости,Шоколад,"0,55",186,"102,3"
,9/11/2021,foodbite,Дрезден,Восток,Консервы,Шпроты,"1,15",48,"55,2"
,9/12/2021,mymeal,Дрезден,Восток,Масла,Подсолнечное масло,"1,19",118,"140,42"
,9/12/2021,mymeal,Дрезден,Восток,Напитки,Черный чай,"0,99",61,"60,39"
,9/12/2021,foodbite,Берлин,Восток,Сухофрукты,Сушеные яблоки,"1,09",376,"409,84"
,9/12/2021,Sweetables,Штутгарт,Юг,Напитки,Черный чай,"0,99",206,"203,94"
,9/12/2021,Gold Food,Штутгарт,Юг,Специи,Базилик,"0,7",42,"29,4"
,9/13/2021,foodbite,Дрезден,Восток,Сладости,Шоколад,"0,55",140,77
,9/13/2021,NutriFix,Кёльн,Запад,Сухофрукты,Сушеные яблоки,"1,09",75,"81,75"
,9/13/2021,foodbite,Бремен,Север,Сухофрукты,Изюм,"0,99",63,"62,37"
,9/13/2021,mymeal,Дрезден,Восток,Сухофрукты,Курага,"1,19",33,"39,27"
,9/13/2021,mymeal,Берлин,Восток,Крупы,Гречка,"1,4",344,"481,6"
,9/13/2021,Organica,Дрезден,Восток,Специи,Кориандр,"0,65",8,"5,2"
,9/13/2021,Go Bio,Дрезден,Восток,Специи,Черный перец,"0,59",83,"48,97"
,9/13/2021,Go Bio,Дрезден,Восток,Консервы,Говядина тушеная,"1,19",9,"10,71"
,9/13/2021,Gold Food,Штутгарт,Юг,Специи,Кориандр,"0,65",20,13
,9/13/2021,mymeal,Дрезден,Восток,Крупы,Гречка,"1,4",43,"60,2"
,9/13/2021,Organica,Дрезден,Восток,Крупы,Рис,"0,96",88,"84,48"
,9/14/2021,foodbite,Дрезден,Восток,Сыры,Филадельфия ,"0,89",52,"46,28"
,9/14/2021,Gold Food,Кёльн,Запад,Сыры,Гауда,"1,59",303,"481,77"
,9/14/2021,NutriFix,Кёльн,Запад,Масла,Подсолнечное масло,"1,19",205,"243,95"
,9/14/2021,Go Bio,Кёльн,Запад,Сыры,Моцарелла,"0,59",138,"81,42"
,9/14/2021,mymeal,Бремен,Север,Напитки,Кофе,"5,5",28,154
,9/14/2021,mymeal,Бремен,Север,Напитки,Черный чай,"0,99",50,"49,5"
,9/14/2021,Gold Food,Штутгарт,Юг,Сладости,Шоколад,"0,55",386,"212,3"
,9/14/2021,Organica,Дрезден,Восток,Напитки,Черный чай,"0,99",89,"88,11"
,9/14/2021,Go Bio,Дрезден,Восток,Напитки,Кофе,"5,5",15,"82,5"
,9/14/2021,Cooking Corner,Мюнхен,Юг,Сухофрукты,Сушеные яблоки,"1,09",130,"141,7"
,9/14/2021,NutriFix,Мюнхен,Юг,Напитки,Зеленый чай,"0,95",393,"373,35"
,9/14/2021,Organica,Мюнхен,Юг,Сладости,Шоколад,"0,55",231,"127,05"
,9/15/2021,mymeal,Дрезден,Восток,Масла,Оливковое масло,"1,7",36,"61,2"
,9/15/2021,NutriFix,Берлин,Восток,Напитки,Черный чай,"0,99",715,"707,85"
,9/15/2021,Gold Food,Кёльн,Запад,Сладости,Мармелад,"0,6",95,57
,9/15/2021,Gold Food,Кёльн,Запад,Специи,Базилик,"0,7",47,"32,9"
,9/15/2021,NutriFix,Кёльн,Запад,Крупы,Рис,"0,96",228,"218,88"
,9/15/2021,Organica,Кёльн,Запад,Сладости,Мармелад,"0,6",56,"33,6"
,9/15/2021,Organica,Кёльн,Запад,Консервы,Шпроты,"1,15",51,"58,65"
,9/15/2021,foodbite,Франкфурт,Запад,Крупы,Перловка,"1,2",187,"224,4"
,9/15/2021,foodbite,Франкфурт,Запад,Специи,Базилик,"0,7",31,"21,7"
,9/15/2021,mymeal,Бремен,Север,Сухофрукты,Сушеные яблоки,"1,09",45,"49,05"
,9/15/2021,Cooking Corner,Гамбург,Север,Сухофрукты,Сушеные яблоки,"1,09",249,"271,41"
,9/15/2021,Organica,Гамбург,Север,Специи,Черный перец,"0,59",322,"189,98"
,9/15/2021,Organica,Гамбург,Север,Сухофрукты,Курага,"1,19",82,"97,58"
,9/15/2021,Gold Food,Штутгарт,Юг,Напитки,Кофе,"5,5",50,275
,9/15/2021,Gold Food,Штутгарт,Юг,Консервы,Говядина тушеная,"1,19",42,"49,98"
,9/15/2021,Go Bio,Бремен,Север,Крупы,Перловка,"1,2",53,"63,6"
,9/15/2021,Organica,Дрезден,Восток,Консервы,Шпроты,"1,15",27,"31,05"
,9/15/2021,mymeal,Гамбург,Север,Крупы,Перловка,"1,2",457,"548,4"
,9/15/2021,mymeal,Гамбург,Север,Сыры,Моцарелла,"0,59",372,"219,48"
,9/15/2021,Cooking Corner,Мюнхен,Юг,Консервы,Килька в томате,"0,89",172,"153,08"
,9/16/2021,NutriFix,Берлин,Восток,Сухофрукты,Курага,"1,19",124,"147,56"
,9/16/2021,foodbite,Франкфурт,Запад,Сладости,Шоколад,"0,55",186,"102,3"
,9/16/2021,Cooking Corner,Дрезден,Восток,Напитки,Зеленый чай,"0,95",93,"88,35"
,9/16/2021,Cooking Corner,Гамбург,Север,Консервы,Говядина тушеная,"1,19",197,"234,43"
,9/16/2021,Cooking Corner,Мюнхен,Юг,Крупы,Рис,"0,96",906,"869,76"
,9/16/2021,Go Bio,Бремен,Север,Сухофрукты,Изюм,"0,99",44,"43,56"
,9/16/2021,Go Bio,Бремен,Север,Сладости,Зефир,"0,65",22,"14,3"
,9/16/2021,foodbite,Гамбург,Север,Сухофрукты,Изюм,"0,99",308,"304,92"
,9/16/2021,mymeal,Гамбург,Север,Специи,Кориандр,"0,65",59,"38,35"
,9/17/2021,Cooking Corner,Берлин,Восток,Сухофрукты,Сушеные яблоки,"1,09",321,"349,89"
,9/17/2021,NutriFix,Берлин,Восток,Крупы,Рис,"0,96",794,"762,24"
,9/17/2021,mymeal,Мюнхен,Юг,Сухофрукты,Курага,"1,19",95,"113,05"
,9/17/2021,Sweetables,Кёльн,Запад,Крупы,Гречка,"1,4",112,"156,8"
,9/17/2021,Sweetables,Кёльн,Запад,Напитки,Зеленый чай,"0,95",199,"189,05"
,9/17/2021,Sweetables,Кёльн,Запад,Масла,Подсолнечное масло,"1,19",182,"216,58"
,9/17/2021,Sweetables,Штутгарт,Юг,Сухофрукты,Сушеные яблоки,"1,09",118,"128,62"
,9/17/2021,Sweetables,Штутгарт,Юг,Крупы,Гречка,"1,4",200,280
,9/17/2021,Go Bio,Берлин,Восток,Консервы,Говядина тушеная,"1,19",37,"44,03"
,9/17/2021,Go Bio,Берлин,Восток,Масла,Подсолнечное масло,"1,19",617,"734,23"
,9/17/2021,Go Bio,Берлин,Восток,Напитки,Кофе,"5,5",90,495
,9/17/2021,Go Bio,Берлин,Восток,Сладости,Мармелад,"0,6",238,"142,8"
,9/17/2021,Organica,Мюнхен,Юг,Специи,Кориандр,"0,65",27,"17,55"
,9/17/2021,Go Bio,Мюнхен,Юг,Крупы,Гречка,"1,4",130,182
,9/17/2021,Organica,Кёльн,Запад,Специи,Кориандр,"0,65",25,"16,25"
,9/17/2021,mymeal,Штутгарт,Юг,Напитки,Кофе,"5,5",128,704
,9/17/2021,Go Bio,Штутгарт,Юг,Консервы,Шпроты,"1,15",84,"96,6"
,9/17/2021,mymeal,Дрезден,Восток,Напитки,Кофе,"5,5",37,"203,5"
,9/17/2021,foodbite,Гамбург,Север,Крупы,Перловка,"1,2",560,672
,9/17/2021,Gold Food,Гамбург,Север,Напитки,Кофе,"5,5",198,1089
,9/17/2021,mymeal,Мюнхен,Юг,Крупы,Рис,"0,96",462,"443,52"
,9/17/2021,Sweetables,Мюнхен,Юг,Сухофрукты,Курага,"1,19",126,"149,94"
,9/17/2021,Sweetables,Мюнхен,Юг,Крупы,Рис,"0,96",361,"346,56"
,9/18/2021,Cooking Corner,Берлин,Восток,Масла,Сливочное масло,"1,5",1134,1701
,9/18/2021,Go Bio,Берлин,Восток,Крупы,Рис,"0,96",590,"566,4"
,9/18/2021,Cooking Corner,Штутгарт,Юг,Сухофрукты,Сушеные яблоки,"1,09",178,"194,02"
,9/18/2021,Sweetables,Штутгарт,Юг,Специи,Базилик,"0,7",84,"58,8"
,9/18/2021,Sweetables,Гамбург,Север,Напитки,Зеленый чай,"0,95",274,"260,3"
,9/18/2021,Cooking Corner,Берлин,Восток,Специи,Базилик,"0,7",198,"138,6"
,9/18/2021,Go Bio,Берлин,Восток,Напитки,Зеленый чай,"0,95",354,"336,3"
,9/18/2021,Organica,Мюнхен,Юг,Масла,Оливковое масло,"1,7",91,"154,7"
,9/18/2021,Organica,Мюнхен,Юг,Сладости,Зефир,"0,65",44,"28,6"
,9/18/2021,Organica,Кёльн,Запад,Сухофрукты,Курага,"1,19",64,"76,16"
,9/18/2021,Organica,Кёльн,Запад,Консервы,Говядина тушеная,"1,19",21,"24,99"
,9/18/2021,mymeal,Штутгарт,Юг,Масла,Оливковое масло,"1,7",110,187
,9/18/2021,Go Bio,Штутгарт,Юг,Крупы,Рис,"0,96",352,"337,92"
,9/18/2021,Go Bio,Штутгарт,Юг,Сладости,Шоколад,"0,55",258,"141,9"
,9/18/2021,Sweetables,Берлин,Восток,Консервы,Шпроты,"1,15",218,"250,7"
,9/18/2021,Organica,Берлин,Восток,Крупы,Рис,"0,96",810,"777,6"
,9/18/2021,NutriFix,Гамбург,Север,Масла,Сливочное масло,"1,5",351,"526,5"
,9/18/2021,Organica,Гамбург,Север,Крупы,Перловка,"1,2",313,"375,6"
,9/18/2021,Organica,Гамбург,Север,Сыры,Филадельфия ,"0,89",100,89
,9/18/2021,Sweetables,Мюнхен,Юг,Специи,Черный перец,"0,59",450,"265,5"
,9/19/2021,Gold Food,Франкфурт,Запад,Сухофрукты,Сушеные яблоки,"1,09",38,"41,42"
,9/19/2021,Cooking Corner,Штутгарт,Юг,Специи,Черный перец,"0,59",150,"88,5"
,9/19/2021,foodbite,Дрезден,Восток,Сыры,Гауда,"1,59",127,"201,93"
,9/19/2021,mymeal,Дрезден,Восток,Напитки,Черный чай,"0,99",73,"72,27"
,9/19/2021,Go Bio,Дрезден,Восток,Сухофрукты,Сушеные яблоки,"1,09",21,"22,89"
,9/19/2021,Go Bio,Берлин,Восток,Масла,Сливочное масло,"1,5",439,"658,5"
,9/19/2021,Sweetables,Мюнхен,Юг,Напитки,Кофе,"5,5",108,594
,9/19/2021,Cooking Corner,Кёльн,Запад,Сухофрукты,Изюм,"0,99",183,"181,17"
,9/19/2021,foodbite,Франкфурт,Запад,Сладости,Зефир,"0,65",32,"20,8"
,9/19/2021,Sweetables,Берлин,Восток,Масла,Оливковое масло,"1,7",284,"482,8"
,9/19/2021,NutriFix,Берлин,Восток,Специи,Кориандр,"0,65",41,"26,65"
,9/19/2021,Organica,Берлин,Восток,Сладости,Шоколад,"0,55",887,"487,85"
,9/19/2021,NutriFix,Гамбург,Север,Крупы,Рис,"0,96",568,"545,28"
,9/19/2021,NutriFix,Гамбург,Север,Специи,Базилик,"0,7",87,"60,9"
,9/20/2021,Go Bio,Мюнхен,Юг,Сухофрукты,Сушеные яблоки,"1,09",67,"73,03"
,9/20/2021,Go Bio,Мюнхен,Юг,Сухофрукты,Изюм,"0,99",100,99
,9/20/2021,Go Bio,Франкфурт,Запад,Напитки,Кофе,"5,5",22,121
,9/20/2021,Organica,Бремен,Север,Сыры,Моцарелла,"0,59",63,"37,17"
,9/20/2021,foodbite,Дрезден,Восток,Сухофрукты,Изюм,"0,99",68,"67,32"
,9/20/2021,mymeal,Дрезден,Восток,Специи,Кориандр,"0,65",8,"5,2"
,9/20/2021,Gold Food,Дрезден,Восток,Сладости,Зефир,"0,65",18,"11,7"
,9/20/2021,Go Bio,Дрезден,Восток,Консервы,Шпроты,"1,15",14,"16,1"
,9/20/2021,Cooking Corner,Кёльн,Запад,Специи,Черный перец,"0,59",470,"277,3"
,9/20/2021,foodbite,Франкфурт,Запад,Сыры,Гауда,"1,59",181,"287,79"
,9/20/2021,Organica,Франкфурт,Запад,Специи,Черный перец,"0,59",81,"47,79"
,9/20/2021,Organica,Франкфурт,Запад,Сухофрукты,Сушеные яблоки,"1,09",22,"23,98"
,9/20/2021,Go Bio,Франкфурт,Запад,Крупы,Рис,"0,96",116,"111,36"
,9/20/2021,Go Bio,Франкфурт,Запад,Сыры,Гауда,"1,59",134,"213,06"
,9/20/2021,foodbite,Бремен,Север,Специи,Базилик,"0,7",52,"36,4"
,9/20/2021,Sweetables,Берлин,Восток,Специи,Кориандр,"0,65",80,52
,9/20/2021,Cooking Corner,Гамбург,Север,Напитки,Зеленый чай,"0,95",572,"543,4"
,9/20/2021,Cooking Corner,Кёльн,Запад,Сыры,Филадельфия ,"0,89",184,"163,76"
,9/20/2021,Cooking Corner,Кёльн,Запад,Напитки,Черный чай,"0,99",510,"504,9"
,9/21/2021,Organica,Гамбург,Север,Напитки,Кофе,"5,5",167,"918,5"
,9/21/2021,Cooking Corner,Кёльн,Запад,Крупы,Перловка,"1,2",300,360
,9/21/2021,Cooking Corner,Кёльн,Запад,Консервы,Шпроты,"1,15",112,"128,8"
,9/21/2021,Organica,Бремен,Север,Масла,Сливочное масло,"1,5",105,"157,5"
,9/21/2021,Organica,Бремен,Север,Специи,Черный перец,"0,59",122,"71,98"
,9/21/2021,Gold Food,Дрезден,Восток,Сладости,Зефир,"0,65",15,"9,75"
,9/21/2021,Organica,Франкфурт,Запад,Сладости,Зефир,"0,65",22,"14,3"
,9/22/2021,Organica,Гамбург,Север,Напитки,Черный чай,"0,99",407,"402,93"
,9/22/2021,Organica,Мюнхен,Юг,Сыры,Филадельфия ,"0,89",128,"113,92"
,9/22/2021,Organica,Мюнхен,Юг,Напитки,Зеленый чай,"0,95",318,"302,1"
,9/22/2021,Organica,Гамбург,Север,Крупы,Перловка,"1,2",202,"242,4"
,9/22/2021,Cooking Corner,Кёльн,Запад,Сладости,Шоколад,"0,55",676,"371,8"
,9/22/2021,Organica,Кёльн,Запад,Сладости,Мармелад,"0,6",88,"52,8"
,9/22/2021,Gold Food,Дрезден,Восток,Масла,Подсолнечное масло,"1,19",58,"69,02"
,9/22/2021,foodbite,Кёльн,Запад,Напитки,Черный чай,"0,99",212,"209,88"
,9/22/2021,foodbite,Кёльн,Запад,Консервы,Говядина тушеная,"1,19",59,"70,21"
,9/22/2021,foodbite,Кёльн,Запад,Консервы,Шпроты,"1,15",105,"120,75"
,9/22/2021,mymeal,Кёльн,Запад,Масла,Сливочное масло,"1,5",309,"463,5"
,9/22/2021,Sweetables,Кёльн,Запад,Специи,Базилик,"0,7",46,"32,2"
,9/22/2021,foodbite,Кёльн,Запад,Сухофрукты,Изюм,"0,99",227,"224,73"
,9/22/2021,Sweetables,Кёльн,Запад,Консервы,Килька в томате,"0,89",104,"92,56"
,9/22/2021,Gold Food,Кёльн,Запад,Крупы,Перловка,"1,2",218,"261,6"
,9/23/2021,Gold Food,Гамбург,Север,Сухофрукты,Сушеные яблоки,"1,09",139,"151,51"
,9/23/2021,NutriFix,Гамбург,Север,Напитки,Зеленый чай,"0,95",478,"454,1"
,9/23/2021,NutriFix,Гамбург,Север,Сладости,Зефир,"0,65",81,"52,65"
,9/23/2021,Organica,Гамбург,Север,Консервы,Шпроты,"1,15",114,"131,1"
,9/23/2021,Cooking Corner,Гамбург,Север,Масла,Подсолнечное масло,"1,19",654,"778,26"
,9/23/2021,mymeal,Кёльн,Запад,Крупы,Перловка,"1,2",237,"284,4"
,9/23/2021,mymeal,Кёльн,Запад,Специи,Базилик,"0,7",55,"38,5"
,9/23/2021,Sweetables,Кёльн,Запад,Масла,Подсолнечное масло,"1,19",324,"385,56"
,9/23/2021,Gold Food,Кёльн,Запад,Консервы,Шпроты,"1,15",32,"36,8"
,9/23/2021,Gold Food,Кёльн,Запад,Консервы,Шпроты,"1,15",71,"81,65"
,9/24/2021,Cooking Corner,Гамбург,Север,Сыры,Гауда,"1,59",892,"1418,28"
,9/24/2021,Go Bio,Кёльн,Запад,Масла,Оливковое масло,"1,7",69,"117,3"
,9/24/2021,Cooking Corner,Франкфурт,Запад,Сухофрукты,Изюм,"0,99",92,"91,08"
,9/24/2021,Cooking Corner,Франкфурт,Запад,Сухофрукты,Курага,"1,19",86,"102,34"
,9/24/2021,Gold Food,Франкфурт,Запад,Консервы,Шпроты,"1,15",26,"29,9"
,9/24/2021,NutriFix,Кёльн,Запад,Сладости,Шоколад,"0,55",389,"213,95"
,9/25/2021,Cooking Corner,Гамбург,Север,Масла,Сливочное масло,"1,5",637,"955,5"
,9/25/2021,foodbite,Франкфурт,Запад,Крупы,Перловка,"1,2",141,"169,2"
,9/25/2021,Gold Food,Франкфурт,Запад,Сыры,Филадельфия ,"0,89",33,"29,37"
,9/25/2021,Gold Food,Франкфурт,Запад,Напитки,Черный чай,"0,99",73,"72,27"
,9/25/2021,NutriFix,Кёльн,Запад,Крупы,Рис,"0,96",297,"285,12"
,9/25/2021,Go Bio,Кёльн,Запад,Сыры,Филадельфия ,"0,89",62,"55,18"
,9/25/2021,Go Bio,Кёльн,Запад,Масла,Сливочное масло,"1,5",160,240
,9/26/2021,Sweetables,Бремен,Север,Сыры,Филадельфия ,"0,89",60,"53,4"
,9/26/2021,Sweetables,Бремен,Север,Крупы,Гречка,"1,4",55,77
,9/26/2021,Organica,Бремен,Север,Масла,Подсолнечное масло,"1,19",115,"136,85"
,9/26/2021,NutriFix,Дрезден,Восток,Специи,Базилик,"0,7",14,"9,8"
,9/26/2021,foodbite,Берлин,Восток,Специи,Кориандр,"0,65",81,"52,65"
,9/26/2021,mymeal,Берлин,Восток,Консервы,Говядина тушеная,"1,19",159,"189,21"
,9/26/2021,Go Bio,Берлин,Восток,Сухофрукты,Сушеные яблоки,"1,09",129,"140,61"
,9/26/2021,NutriFix,Мюнхен,Юг,Крупы,Рис,"0,96",329,"315,84"
,9/26/2021,Go Bio,Мюнхен,Юг,Сухофрукты,Изюм,"0,99",91,"90,09"
,9/26/2021,Go Bio,Мюнхен,Юг,Специи,Черный перец,"0,59",308,"181,72"
,9/26/2021,Go Bio,Мюнхен,Юг,Крупы,Гречка,"1,4",150,210
,9/26/2021,foodbite,Франкфурт,Запад,Масла,Подсолнечное масло,"1,19",144,"171,36"
,9/26/2021,NutriFix,Кёльн,Запад,Сладости,Зефир,"0,65",47,"30,55"
,9/26/2021,Go Bio,Кёльн,Запад,Специи,Кориандр,"0,65",14,"9,1"
,9/27/2021,Sweetables,Бремен,Север,Масла,Оливковое масло,"1,7",41,"69,7"
,9/27/2021,Gold Food,Дрезден,Восток,Консервы,Шпроты,"1,15",31,"35,65"
,9/27/2021,NutriFix,Дрезден,Восток,Сыры,Гауда,"1,59",83,"131,97"
,9/27/2021,foodbite,Берлин,Восток,Крупы,Гречка,"1,4",631,"883,4"
,9/27/2021,mymeal,Берлин,Восток,Масла,Подсолнечное масло,"1,19",524,"623,56"
,9/27/2021,Go Bio,Берлин,Восток,Сухофрукты,Изюм,"0,99",227,"224,73"
,9/27/2021,NutriFix,Мюнхен,Юг,Масла,Оливковое масло,"1,7",105,"178,5"
,9/27/2021,NutriFix,Мюнхен,Юг,Сладости,Мармелад,"0,6",107,"64,2"
,9/27/2021,NutriFix,Франкфурт,Запад,Масла,Сливочное масло,"1,5",76,114
,9/27/2021,Organica,Штутгарт,Юг,Консервы,Килька в томате,"0,89",116,"103,24"
,9/27/2021,foodbite,Штутгарт,Юг,Сухофрукты,Курага,"1,19",186,"221,34"
,9/27/2021,foodbite,Штутгарт,Юг,Сладости,Шоколад,"0,55",538,"295,9"
,9/28/2021,Go Bio,Бремен,Север,Консервы,Шпроты,"1,15",28,"32,2"
,9/28/2021,Cooking Corner,Берлин,Восток,Сладости,Зефир,"0,65",221,"143,65"
,9/28/2021,mymeal,Берлин,Восток,Напитки,Кофе,"5,5",104,572
,9/28/2021,Go Bio,Берлин,Восток,Сыры,Гауда,"1,59",638,"1014,42"
,9/28/2021,NutriFix,Мюнхен,Юг,Масла,Оливковое масло,"1,7",75,"127,5"
,9/28/2021,NutriFix,Франкфурт,Запад,Сухофрукты,Изюм,"0,99",41,"40,59"
,9/28/2021,NutriFix,Франкфурт,Запад,Крупы,Перловка,"1,2",106,"127,2"
,9/28/2021,Go Bio,Франкфурт,Запад,Сыры,Гауда,"1,59",95,"151,05"
,9/28/2021,foodbite,Франкфурт,Запад,Крупы,Рис,"0,96",259,"248,64"
,9/28/2021,mymeal,Франкфурт,Запад,Крупы,Гречка,"1,4",66,"92,4"
,9/29/2021,Sweetables,Кёльн,Запад,Сыры,Моцарелла,"0,59",193,"113,87"
,9/29/2021,mymeal,Бремен,Север,Напитки,Черный чай,"0,99",137,"135,63"
,9/29/2021,mymeal,Бремен,Север,Крупы,Перловка,"1,2",74,"88,8"
,9/29/2021,Cooking Corner,Берлин,Восток,Сладости,Шоколад,"0,55",1070,"588,5"
,9/29/2021,NutriFix,Мюнхен,Юг,Масла,Сливочное масло,"1,5",335,"502,5"
,9/29/2021,Go Bio,Франкфурт,Запад,Сухофрукты,Курага,"1,19",19,"22,61"
,9/29/2021,Gold Food,Штутгарт,Юг,Специи,Черный перец,"0,59",230,"135,7"
,9/29/2021,Gold Food,Штутгарт,Юг,Сыры,Филадельфия ,"0,89",98,"87,22"
,9/29/2021,Sweetables,Штутгарт,Юг,Сыры,Филадельфия ,"0,89",114,"101,46"
,9/30/2021,Sweetables,Кёльн,Запад,Консервы,Говядина тушеная,"1,19",53,"63,07"
,9/30/2021,Cooking Corner,Дрезден,Восток,Сыры,Гауда,"1,59",204,"324,36"
,9/30/2021,foodbite,Дрезден,Восток,Сладости,Шоколад,"0,55",194,"106,7"
,9/30/2021,Go Bio,Франкфурт,Запад,Консервы,Килька в томате,"0,89",36,"32,04"
,10/1/2021,NutriFix,Штутгарт,Юг,Сладости,Шоколад,"0,55",362,"199,1"
,10/1/2021,Cooking Corner,Берлин,Восток,Напитки,Кофе,"5,5",551,"3030,5"
,10/1/2021,mymeal,Гамбург,Север,Специи,Черный перец,"0,59",588,"346,92"
,10/1/2021,Organica,Франкфурт,Запад,Специи,Базилик,"0,7",25,"17,5"
,10/1/2021,Organica,Франкфурт,Запад,Сладости,Мармелад,"0,6",26,"15,6"
,10/2/2021,Gold Food,Франкфурт,Запад,Специи,Кориандр,"0,65",15,"9,75"
,10/2/2021,Gold Food,Дрезден,Восток,Сладости,Шоколад,"0,55",104,"57,2"
,10/2/2021,Cooking Corner,Берлин,Восток,Сладости,Зефир,"0,65",302,"196,3"
,10/2/2021,Cooking Corner,Берлин,Восток,Специи,Черный перец,"0,59",655,"386,45"
,10/2/2021,mymeal,Гамбург,Север,Крупы,Гречка,"1,4",293,"410,2"
,10/2/2021,Organica,Франкфурт,Запад,Сыры,Филадельфия ,"0,89",36,"32,04"
,10/3/2021,Go Bio,Кёльн,Запад,Масла,Сливочное масло,"1,5",206,309
,10/3/2021,Gold Food,Франкфурт,Запад,Специи,Черный перец,"0,59",71,"41,89"
,10/3/2021,Gold Food,Дрезден,Восток,Сыры,Филадельфия ,"0,89",32,"28,48"
,10/3/2021,Go Bio,Гамбург,Север,Напитки,Кофе,"5,5",67,"368,5"
,10/3/2021,Go Bio,Гамбург,Север,Сухофрукты,Сушеные яблоки,"1,09",128,"139,52"
,10/3/2021,foodbite,Мюнхен,Юг,Крупы,Рис,"0,96",600,576
,10/3/2021,foodbite,Штутгарт,Юг,Масла,Оливковое масло,"1,7",124,"210,8"
,10/3/2021,foodbite,Штутгарт,Юг,Сухофрукты,Сушеные яблоки,"1,09",176,"191,84"
,10/3/2021,foodbite,Штутгарт,Юг,Консервы,Говядина тушеная,"1,19",124,"147,56"
,10/4/2021,Go Bio,Кёльн,Запад,Масла,Оливковое масло,"1,7",45,"76,5"
,10/4/2021,Go Bio,Кёльн,Запад,Сладости,Зефир,"0,65",25,"16,25"
,10/4/2021,Go Bio,Гамбург,Север,Специи,Базилик,"0,7",80,56
,10/5/2021,Organica,Кёльн,Запад,Специи,Кориандр,"0,65",19,"12,35"
,10/5/2021,Cooking Corner,Штутгарт,Юг,Крупы,Перловка,"1,2",384,"460,8"
,10/5/2021,Cooking Corner,Штутгарт,Юг,Специи,Черный перец,"0,59",256,"151,04"
,10/5/2021,Sweetables,Кёльн,Запад,Напитки,Черный чай,"0,99",180,"178,2"
,10/5/2021,Gold Food,Франкфурт,Запад,Сыры,Филадельфия ,"0,89",52,"46,28"
,10/5/2021,Cooking Corner,Дрезден,Восток,Сладости,Шоколад,"0,55",237,"130,35"
,10/5/2021,foodbite,Дрезден,Восток,Сладости,Зефир,"0,65",27,"17,55"
,10/5/2021,foodbite,Дрезден,Восток,Сладости,Зефир,"0,65",39,"25,35"
,10/5/2021,mymeal,Дрезден,Восток,Сладости,Мармелад,"0,6",34,"20,4"
,10/5/2021,NutriFix,Гамбург,Север,Масла,Подсолнечное масло,"1,19",327,"389,13"
,10/5/2021,Go Bio,Берлин,Восток,Специи,Кориандр,"0,65",50,"32,5"
,10/6/2021,Sweetables,Кёльн,Запад,Сыры,Моцарелла,"0,59",268,"158,12"
,10/6/2021,Organica,Кёльн,Запад,Сухофрукты,Курага,"1,19",69,"82,11"
,10/6/2021,Gold Food,Франкфурт,Запад,Консервы,Шпроты,"1,15",27,"31,05"
,10/6/2021,NutriFix,Гамбург,Север,Напитки,Кофе,"5,5",112,616
,10/6/2021,foodbite,Бремен,Север,Специи,Базилик,"0,7",39,"27,3"
,10/6/2021,foodbite,Бремен,Север,Сухофрукты,Сушеные яблоки,"1,09",51,"55,59"
,10/6/2021,Gold Food,Мюнхен,Юг,Масла,Подсолнечное масло,"1,19",310,"368,9"
,10/6/2021,NutriFix,Мюнхен,Юг,Масла,Оливковое масло,"1,7",112,"190,4"
,10/7/2021,Organica,Кёльн,Запад,Сладости,Шоколад,"0,55",265,"145,75"
,10/7/2021,NutriFix,Франкфурт,Запад,Сыры,Моцарелла,"0,59",69,"40,71"
,10/7/2021,Cooking Corner,Бремен,Север,Сыры,Филадельфия ,"0,89",73,"64,97"
,10/7/2021,foodbite,Бремен,Север,Специи,Черный перец,"0,59",180,"106,2"
,10/7/2021,foodbite,Бремен,Север,Сыры,Филадельфия ,"0,89",112,"99,68"
,10/7/2021,Gold Food,Бремен,Север,Масла,Оливковое масло,"1,7",25,"42,5"
,10/7/2021,Organica,Бремен,Север,Сухофрукты,Сушеные яблоки,"1,09",27,"29,43"
,10/7/2021,Organica,Бремен,Север,Специи,Базилик,"0,7",26,"18,2"
,10/7/2021,NutriFix,Берлин,Восток,Сухофрукты,Курага,"1,19",221,"262,99"
,10/7/2021,NutriFix,Берлин,Восток,Напитки,Зеленый чай,"0,95",637,"605,15"
,10/7/2021,Organica,Берлин,Восток,Сыры,Гауда,"1,59",808,"1284,72"
,10/7/2021,Organica,Гамбург,Север,Напитки,Зеленый чай,"0,95",372,"353,4"
,10/7/2021,Gold Food,Мюнхен,Юг,Масла,Оливковое масло,"1,7",107,"181,9"
,10/7/2021,NutriFix,Мюнхен,Юг,Сухофрукты,Изюм,"0,99",107,"105,93"
,10/7/2021,NutriFix,Мюнхен,Юг,Сыры,Гауда,"1,59",373,"593,07"
,10/7/2021,Go Bio,Штутгарт,Юг,Сухофрукты,Курага,"1,19",54,"64,26"
,10/7/2021,Go Bio,Штутгарт,Юг,Напитки,Черный чай,"0,99",98,"97,02"
,10/8/2021,mymeal,Штутгарт,Юг,Консервы,Говядина тушеная,"1,19",66,"78,54"
,10/8/2021,mymeal,Штутгарт,Юг,Сладости,Шоколад,"0,55",462,"254,1"
,10/8/2021,mymeal,Штутгарт,Юг,Сладости,Шоколад,"0,55",454,"249,7"
,10/8/2021,Cooking Corner,Бремен,Север,Специи,Черный перец,"0,59",238,"140,42"
,10/8/2021,Gold Food,Бремен,Север,Напитки,Черный чай,"0,99",114,"112,86"
,10/8/2021,Organica,Бремен,Север,Сладости,Шоколад,"0,55",163,"89,65"
,10/8/2021,mymeal,Гамбург,Север,Крупы,Перловка,"1,2",245,294
,10/8/2021,mymeal,Гамбург,Север,Сыры,Моцарелла,"0,59",299,"176,41"
,10/8/2021,Sweetables,Мюнхен,Юг,Специи,Базилик,"0,7",63,"44,1"
,10/8/2021,Sweetables,Мюнхен,Юг,Масла,Подсолнечное масло,"1,19",282,"335,58"
,10/8/2021,Gold Food,Мюнхен,Юг,Крупы,Гречка,"1,4",138,"193,2"
,10/9/2021,Gold Food,Штутгарт,Юг,Специи,Базилик,"0,7",44,"30,8"
,10/9/2021,Go Bio,Штутгарт,Юг,Напитки,Зеленый чай,"0,95",152,"144,4"
,10/9/2021,Go Bio,Штутгарт,Юг,Специи,Черный перец,"0,59",256,"151,04"
,10/9/2021,Go Bio,Бремен,Север,Специи,Базилик,"0,7",20,14
,10/9/2021,mymeal,Гамбург,Север,Специи,Черный перец,"0,59",220,"129,8"
,10/9/2021,Sweetables,Мюнхен,Юг,Крупы,Рис,"0,96",323,"310,08"
,10/10/2021,Gold Food,Штутгарт,Юг,Сладости,Зефир,"0,65",64,"41,6"
,10/10/2021,Organica,Штутгарт,Юг,Крупы,Перловка,"1,2",122,"146,4"
,10/10/2021,Organica,Штутгарт,Юг,Сладости,Шоколад,"0,55",310,"170,5"
,10/10/2021,mymeal,Бремен,Север,Крупы,Перловка,"1,2",79,"94,8"
,10/10/2021,mymeal,Бремен,Север,Специи,Базилик,"0,7",30,21
,10/10/2021,Go Bio,Бремен,Север,Сладости,Шоколад,"0,55",126,"69,3"
,10/10/2021,NutriFix,Бремен,Север,Консервы,Говядина тушеная,"1,19",30,"35,7"
,10/10/2021,Gold Food,Берлин,Восток,Сладости,Зефир,"0,65",111,"72,15"
,10/10/2021,Gold Food,Берлин,Восток,Сладости,Зефир,"0,65",161,"104,65"
,10/10/2021,Cooking Corner,Кёльн,Запад,Сухофрукты,Сушеные яблоки,"1,09",177,"192,93"
,10/10/2021,Sweetables,Франкфурт,Запад,Сладости,Зефир,"0,65",23,"14,95"
,10/11/2021,foodbite,Франкфурт,Запад,Специи,Черный перец,"0,59",174,"102,66"
,10/11/2021,mymeal,Франкфурт,Запад,Сладости,Шоколад,"0,55",193,"106,15"
,10/11/2021,foodbite,Штутгарт,Юг,Сладости,Зефир,"0,65",110,"71,5"
,10/11/2021,Sweetables,Штутгарт,Юг,Консервы,Килька в томате,"0,89",128,"113,92"
,10/11/2021,mymeal,Бремен,Север,Сыры,Гауда,"1,59",154,"244,86"
,10/11/2021,Gold Food,Бремен,Север,Масла,Сливочное масло,"1,5",108,162
,10/11/2021,Gold Food,Бремен,Север,Специи,Базилик,"0,7",21,"14,7"
,10/11/2021,Gold Food,Бремен,Север,Сухофрукты,Сушеные яблоки,"1,09",47,"51,23"
,10/11/2021,Sweetables,Дрезден,Восток,Сухофрукты,Изюм,"0,99",46,"45,54"
,10/11/2021,foodbite,Берлин,Восток,Сыры,Филадельфия ,"0,89",519,"461,91"
,10/11/2021,foodbite,Берлин,Восток,Масла,Оливковое масло,"1,7",420,714
,10/11/2021,Cooking Corner,Кёльн,Запад,Напитки,Зеленый чай,"0,95",250,"237,5"
,10/11/2021,Cooking Corner,Кёльн,Запад,Сыры,Моцарелла,"0,59",293,"172,87"
,10/11/2021,Sweetables,Франкфурт,Запад,Сладости,Зефир,"0,65",30,"19,5"
,10/11/2021,Sweetables,Франкфурт,Запад,Сухофрукты,Сушеные яблоки,"1,09",50,"54,5"
,10/12/2021,foodbite,Франкфурт,Запад,Крупы,Рис,"0,96",313,"300,48"
,10/12/2021,foodbite,Франкфурт,Запад,Консервы,Килька в томате,"0,89",77,"68,53"
,10/12/2021,foodbite,Дрезден,Восток,Масла,Оливковое масло,"1,7",34,"57,8"
,10/12/2021,foodbite,Берлин,Восток,Масла,Сливочное масло,"1,5",1519,"2278,5"
,10/13/2021,foodbite,Дрезден,Восток,Консервы,Килька в томате,"0,89",61,"54,29"
,10/13/2021,foodbite,Дрезден,Восток,Консервы,Шпроты,"1,15",30,"34,5"
,10/13/2021,foodbite,Франкфурт,Запад,Напитки,Черный чай,"0,99",256,"253,44"
,10/13/2021,mymeal,Бремен,Север,Сыры,Филадельфия ,"0,89",58,"51,62"
,10/14/2021,Go Bio,Кёльн,Запад,Масла,Сливочное масло,"1,5",127,"190,5"
,10/14/2021,foodbite,Франкфурт,Запад,Консервы,Говядина тушеная,"1,19",27,"32,13"
,10/14/2021,mymeal,Бремен,Север,Напитки,Зеленый чай,"0,95",65,"61,75"
,10/14/2021,Organica,Бремен,Север,Крупы,Гречка,"1,4",46,"64,4"
,10/14/2021,NutriFix,Дрезден,Восток,Масла,Подсолнечное масло,"1,19",87,"103,53"
,10/14/2021,Organica,Мюнхен,Юг,Специи,Кориандр,"0,65",22,"14,3"
,10/15/2021,foodbite,Гамбург,Север,Крупы,Рис,"0,96",674,"647,04"
,10/15/2021,foodbite,Гамбург,Север,Сыры,Филадельфия ,"0,89",298,"265,22"
,10/15/2021,mymeal,Гамбург,Север,Сладости,Шоколад,"0,55",484,"266,2"
,10/15/2021,Sweetables,Гамбург,Север,Сладости,Зефир,"0,65",63,"40,95"
,10/15/2021,Organica,Бремен,Север,Сухофрукты,Сушеные яблоки,"1,09",35,"38,15"
,10/15/2021,Go Bio,Бремен,Север,Масла,Оливковое масло,"1,7",37,"62,9"
,10/15/2021,Go Bio,Бремен,Север,Специи,Черный перец,"0,59",47,"27,73"
,10/15/2021,Cooking Corner,Дрезден,Восток,Напитки,Черный чай,"0,99",123,"121,77"
,10/15/2021,Cooking Corner,Дрезден,Восток,Специи,Базилик,"0,7",25,"17,5"
,10/15/2021,foodbite,Дрезден,Восток,Напитки,Кофе,"5,5",45,"247,5"
,10/15/2021,mymeal,Дрезден,Восток,Напитки,Зеленый чай,"0,95",81,"76,95"
,10/15/2021,mymeal,Дрезден,Восток,Специи,Базилик,"0,7",15,"10,5"
,10/15/2021,NutriFix,Дрезден,Восток,Специи,Черный перец,"0,59",62,"36,58"
,10/15/2021,NutriFix,Дрезден,Восток,Крупы,Гречка,"1,4",45,63
,10/15/2021,foodbite,Гамбург,Север,Специи,Базилик,"0,7",148,"103,6"
,10/15/2021,Organica,Мюнхен,Юг,Напитки,Зеленый чай,"0,95",111,"105,45"
,10/16/2021,Cooking Corner,Гамбург,Север,Сладости,Шоколад,"0,55",942,"518,1"
,10/16/2021,mymeal,Гамбург,Север,Специи,Черный перец,"0,59",476,"280,84"
,10/16/2021,Organica,Бремен,Север,Сыры,Филадельфия ,"0,89",38,"33,82"
,10/16/2021,Cooking Corner,Дрезден,Восток,Консервы,Шпроты,"1,15",56,"64,4"
,10/16/2021,Sweetables,Дрезден,Восток,Сухофрукты,Изюм,"0,99",46,"45,54"
,10/16/2021,foodbite,Гамбург,Север,Сыры,Моцарелла,"0,59",614,"362,26"
,10/16/2021,Organica,Гамбург,Север,Напитки,Кофе,"5,5",118,649
,10/16/2021,Organica,Мюнхен,Юг,Сладости,Зефир,"0,65",37,"24,05"
,10/17/2021,foodbite,Гамбург,Север,Сухофрукты,Курага,"1,19",282,"335,58"
,10/17/2021,foodbite,Гамбург,Север,Сыры,Моцарелла,"0,59",780,"460,2"
,10/17/2021,foodbite,Гамбург,Север,Масла,Подсолнечное масло,"1,19",548,"652,12"
,10/17/2021,Cooking Corner,Франкфурт,Запад,Напитки,Зеленый чай,"0,95",102,"96,9"
,10/17/2021,mymeal,Гамбург,Север,Крупы,Гречка,"1,4",226,"316,4"
,10/17/2021,Sweetables,Гамбург,Север,Напитки,Черный чай,"0,99",400,396
,10/17/2021,Sweetables,Гамбург,Север,Специи,Черный перец,"0,59",604,"356,36"
,10/17/2021,Cooking Corner,Мюнхен,Юг,Сухофрукты,Курага,"1,19",195,"232,05"
,10/17/2021,Sweetables,Мюнхен,Юг,Масла,Оливковое масло,"1,7",137,"232,9"
,10/17/2021,Go Bio,Мюнхен,Юг,Напитки,Кофе,"5,5",67,"368,5"
,10/17/2021,Go Bio,Мюнхен,Юг,Масла,Сливочное масло,"1,5",189,"283,5"
,10/17/2021,Go Bio,Мюнхен,Юг,Специи,Базилик,"0,7",69,"48,3"
,10/18/2021,Organica,Гамбург,Север,Сыры,Моцарелла,"0,59",253,"149,27"
,10/18/2021,Gold Food,Гамбург,Север,Консервы,Говядина тушеная,"1,19",103,"122,57"
,10/18/2021,Go Bio,Кёльн,Запад,Сухофрукты,Курага,"1,19",74,"88,06"
,10/18/2021,Go Bio,Кёльн,Запад,Специи,Черный перец,"0,59",248,"146,32"
,10/18/2021,Go Bio,Кёльн,Запад,Специи,Черный перец,"0,59",139,"82,01"
,10/18/2021,Organica,Дрезден,Восток,Консервы,Килька в томате,"0,89",27,"24,03"
,10/18/2021,Organica,Дрезден,Восток,Сухофрукты,Изюм,"0,99",25,"24,75"
,10/18/2021,foodbite,Берлин,Восток,Консервы,Шпроты,"1,15",382,"439,3"
,10/18/2021,foodbite,Берлин,Восток,Крупы,Рис,"0,96",1180,"1132,8"
,10/18/2021,foodbite,Мюнхен,Юг,Сухофрукты,Сушеные яблоки,"1,09",166,"180,94"
,10/18/2021,Sweetables,Мюнхен,Юг,Напитки,Кофе,"5,5",134,737
,10/19/2021,Organica,Берлин,Восток,Консервы,Шпроты,"1,15",76,"87,4"
,10/19/2021,Organica,Гамбург,Север,Сухофрукты,Сушеные яблоки,"1,09",72,"78,48"
,10/19/2021,Go Bio,Гамбург,Север,Сладости,Мармелад,"0,6",110,66
,10/19/2021,mymeal,Франкфурт,Запад,Масла,Сливочное масло,"1,5",157,"235,5"
,10/19/2021,mymeal,Франкфурт,Запад,Консервы,Килька в томате,"0,89",60,"53,4"
,10/19/2021,Organica,Дрезден,Восток,Сыры,Филадельфия ,"0,89",29,"25,81"
,10/19/2021,Organica,Дрезден,Восток,Сухофрукты,Курага,"1,19",17,"20,23"
,10/19/2021,Organica,Дрезден,Восток,Сыры,Моцарелла,"0,59",40,"23,6"
,10/19/2021,foodbite,Берлин,Восток,Сыры,Моцарелла,"0,59",963,"568,17"
,10/19/2021,foodbite,Мюнхен,Юг,Сладости,Шоколад,"0,55",503,"276,65"
,10/19/2021,foodbite,Мюнхен,Юг,Крупы,Перловка,"1,2",514,"616,8"
,10/20/2021,Organica,Берлин,Восток,Крупы,Перловка,"1,2",522,"626,4"
,10/20/2021,mymeal,Кёльн,Запад,Масла,Оливковое масло,"1,7",63,"107,1"
,10/20/2021,mymeal,Кёльн,Запад,Крупы,Гречка,"1,4",128,"179,2"
,10/20/2021,mymeal,Кёльн,Запад,Сухофрукты,Сушеные яблоки,"1,09",98,"106,82"
,10/20/2021,mymeal,Кёльн,Запад,Консервы,Говядина тушеная,"1,19",67,"79,73"
,10/20/2021,mymeal,Франкфурт,Запад,Напитки,Кофе,"5,5",19,"104,5"
,10/21/2021,Sweetables,Мюнхен,Юг,Консервы,Шпроты,"1,15",84,"96,6"
,10/21/2021,Gold Food,Мюнхен,Юг,Сладости,Мармелад,"0,6",121,"72,6"
,10/21/2021,mymeal,Кёльн,Запад,Сыры,Моцарелла,"0,59",152,"89,68"
,10/21/2021,mymeal,Кёльн,Запад,Консервы,Шпроты,"1,15",59,"67,85"
,10/21/2021,Organica,Берлин,Восток,Напитки,Черный чай,"0,99",295,"292,05"
,10/21/2021,Cooking Corner,Дрезден,Восток,Напитки,Кофе,"5,5",57,"313,5"
,10/21/2021,Cooking Corner,Дрезден,Восток,Крупы,Рис,"0,96",168,"161,28"
,10/21/2021,NutriFix,Дрезден,Восток,Крупы,Гречка,"1,4",43,"60,2"
,10/21/2021,NutriFix,Дрезден,Восток,Специи,Черный перец,"0,59",45,"26,55"
,10/21/2021,foodbite,Штутгарт,Юг,Специи,Черный перец,"0,59",440,"259,6"
,10/21/2021,Organica,Штутгарт,Юг,Сыры,Гауда,"1,59",214,"340,26"
,10/22/2021,Sweetables,Мюнхен,Юг,Сладости,Зефир,"0,65",84,"54,6"
,10/22/2021,Sweetables,Мюнхен,Юг,Напитки,Кофе,"5,5",113,"621,5"
,10/22/2021,NutriFix,Кёльн,Запад,Сухофрукты,Курага,"1,19",88,"104,72"
,10/22/2021,NutriFix,Кёльн,Запад,Консервы,Говядина тушеная,"1,19",30,"35,7"
,10/22/2021,foodbite,Франкфурт,Запад,Масла,Оливковое масло,"1,7",71,"120,7"
,10/22/2021,foodbite,Франкфурт,Запад,Сладости,Шоколад,"0,55",274,"150,7"
,10/22/2021,Organica,Штутгарт,Юг,Сладости,Шоколад,"0,55",304,"167,2"
,10/22/2021,foodbite,Бремен,Север,Крупы,Рис,"0,96",238,"228,48"
,10/22/2021,NutriFix,Дрезден,Восток,Напитки,Зеленый чай,"0,95",92,"87,4"
,10/22/2021,Organica,Мюнхен,Юг,Специи,Базилик,"0,7",48,"33,6"
,10/22/2021,NutriFix,Франкфурт,Запад,Напитки,Зеленый чай,"0,95",102,"96,9"
,10/22/2021,NutriFix,Франкфурт,Запад,Сладости,Мармелад,"0,6",47,"28,2"
,10/22/2021,NutriFix,Франкфурт,Запад,Масла,Сливочное масло,"1,5",118,177
,10/22/2021,Organica,Штутгарт,Юг,Сладости,Мармелад,"0,6",120,72
,10/22/2021,foodbite,Бремен,Север,Специи,Черный перец,"0,59",198,"116,82"
,10/23/2021,Organica,Мюнхен,Юг,Сыры,Гауда,"1,59",372,"591,48"
,10/23/2021,Organica,Мюнхен,Юг,Специи,Базилик,"0,7",45,"31,5"
,10/23/2021,Gold Food,Кёльн,Запад,Напитки,Кофе,"5,5",32,176
,10/23/2021,Organica,Кёльн,Запад,Сухофрукты,Курага,"1,19",57,"67,83"
,10/23/2021,Organica,Штутгарт,Юг,Специи,Кориандр,"0,65",16,"10,4"
,10/23/2021,Organica,Штутгарт,Юг,Крупы,Гречка,"1,4",120,168
,10/23/2021,foodbite,Бремен,Север,Сладости,Зефир,"0,65",58,"37,7"
,10/23/2021,foodbite,Бремен,Север,Сыры,Филадельфия ,"0,89",93,"82,77"
,10/23/2021,Go Bio,Бремен,Север,Сладости,Шоколад,"0,55",101,"55,55"
,10/23/2021,Organica,Дрезден,Восток,Напитки,Черный чай,"0,99",34,"33,66"
,10/23/2021,Cooking Corner,Берлин,Восток,Напитки,Черный чай,"0,99",1206,"1193,94"
,10/23/2021,Gold Food,Берлин,Восток,Сыры,Моцарелла,"0,59",414,"244,26"
,10/23/2021,Organica,Мюнхен,Юг,Масла,Оливковое масло,"1,7",67,"113,9"
,10/23/2021,Cooking Corner,Кёльн,Запад,Напитки,Черный чай,"0,99",272,"269,28"
,10/23/2021,foodbite,Кёльн,Запад,Крупы,Рис,"0,96",642,"616,32"
,10/23/2021,Gold Food,Франкфурт,Запад,Сыры,Филадельфия ,"0,89",39,"34,71"
,10/23/2021,Gold Food,Франкфурт,Запад,Консервы,Шпроты,"1,15",31,"35,65"
,10/23/2021,Gold Food,Франкфурт,Запад,Сухофрукты,Сушеные яблоки,"1,09",45,"49,05"
,10/24/2021,Organica,Мюнхен,Юг,Напитки,Черный чай,"0,99",100,99
,10/24/2021,Organica,Кёльн,Запад,Сыры,Гауда,"1,59",155,"246,45"
,10/24/2021,Organica,Кёльн,Запад,Крупы,Гречка,"1,4",83,"116,2"
,10/24/2021,Go Bio,Кёльн,Запад,Сыры,Моцарелла,"0,59",149,"87,91"
,10/24/2021,NutriFix,Берлин,Восток,Сладости,Шоколад,"0,55",930,"511,5"
,10/24/2021,NutriFix,Гамбург,Север,Масла,Сливочное масло,"1,5",489,"733,5"
,10/24/2021,Go Bio,Мюнхен,Юг,Сыры,Гауда,"1,59",295,"469,05"
,10/24/2021,NutriFix,Штутгарт,Юг,Консервы,Говядина тушеная,"1,19",64,"76,16"
,10/24/2021,NutriFix,Штутгарт,Юг,Сладости,Зефир,"0,65",64,"41,6"
,10/24/2021,Gold Food,Бремен,Север,Крупы,Рис,"0,96",129,"123,84"
,10/24/2021,Go Bio,Бремен,Север,Напитки,Зеленый чай,"0,95",89,"84,55"
,10/24/2021,Go Bio,Дрезден,Восток,Масла,Сливочное масло,"1,5",81,"121,5"
,10/24/2021,Cooking Corner,Берлин,Восток,Масла,Сливочное масло,"1,5",1102,1653
,10/24/2021,foodbite,Гамбург,Север,Сыры,Гауда,"1,59",1174,"1866,66"
,10/24/2021,Sweetables,Гамбург,Север,Специи,Кориандр,"0,65",37,"24,05"
,10/24/2021,Sweetables,Гамбург,Север,Сухофрукты,Изюм,"0,99",205,"202,95"
,10/24/2021,Gold Food,Берлин,Восток,Сыры,Моцарелла,"0,59",452,"266,68"
,10/24/2021,NutriFix,Мюнхен,Юг,Сыры,Гауда,"1,59",303,"481,77"
,10/24/2021,Cooking Corner,Кёльн,Запад,Сладости,Зефир,"0,65",104,"67,6"
,10/24/2021,foodbite,Кёльн,Запад,Крупы,Рис,"0,96",627,"601,92"
,10/24/2021,Gold Food,Бремен,Север,Сыры,Моцарелла,"0,59",120,"70,8"
,10/24/2021,Gold Food,Бремен,Север,Масла,Оливковое масло,"1,7",45,"76,5"
,10/25/2021,Sweetables,Франкфурт,Запад,Масла,Подсолнечное масло,"1,19",130,"154,7"
,10/25/2021,Gold Food,Франкфурт,Запад,Масла,Сливочное масло,"1,5",128,192
,10/25/2021,Sweetables,Дрезден,Восток,Сладости,Зефир,"0,65",21,"13,65"
,10/25/2021,Cooking Corner,Гамбург,Север,Специи,Черный перец,"0,59",912,"538,08"
,10/25/2021,NutriFix,Гамбург,Север,Специи,Черный перец,"0,59",302,"178,18"
,10/25/2021,Go Bio,Мюнхен,Юг,Сыры,Филадельфия ,"0,89",137,"121,93"
,10/25/2021,Gold Food,Бремен,Север,Крупы,Перловка,"1,2",82,"98,4"
,10/25/2021,Go Bio,Дрезден,Восток,Крупы,Перловка,"1,2",55,66
,10/25/2021,Gold Food,Берлин,Восток,Сухофрукты,Курага,"1,19",201,"239,19"
,10/25/2021,Gold Food,Берлин,Восток,Консервы,Килька в томате,"0,89",240,"213,6"
,10/25/2021,NutriFix,Мюнхен,Юг,Напитки,Зеленый чай,"0,95",201,"190,95"
,10/25/2021,foodbite,Кёльн,Запад,Напитки,Черный чай,"0,99",511,"505,89"
,10/25/2021,Gold Food,Бремен,Север,Сыры,Моцарелла,"0,59",73,"43,07"
,10/26/2021,Sweetables,Франкфурт,Запад,Сыры,Моцарелла,"0,59",114,"67,26"
,10/26/2021,Sweetables,Франкфурт,Запад,Масла,Сливочное масло,"1,5",133,"199,5"
,10/26/2021,Gold Food,Франкфурт,Запад,Крупы,Рис,"0,96",163,"156,48"
,10/26/2021,Sweetables,Дрезден,Восток,Специи,Кориандр,"0,65",8,"5,2"
,10/26/2021,Go Bio,Дрезден,Восток,Специи,Базилик,"0,7",17,"11,9"
,10/26/2021,foodbite,Берлин,Восток,Сладости,Зефир,"0,65",249,"161,85"
,10/26/2021,NutriFix,Гамбург,Север,Сыры,Филадельфия ,"0,89",205,"182,45"
,10/26/2021,Gold Food,Гамбург,Север,Крупы,Рис,"0,96",442,"424,32"
,10/26/2021,Gold Food,Гамбург,Север,Сухофрукты,Изюм,"0,99",129,"127,71"
,10/26/2021,Sweetables,Мюнхен,Юг,Крупы,Перловка,"1,2",383,"459,6"
,10/27/2021,Cooking Corner,Берлин,Восток,Консервы,Килька в томате,"0,89",409,"364,01"
,10/27/2021,foodbite,Берлин,Восток,Сладости,Мармелад,"0,6",454,"272,4"
,10/27/2021,foodbite,Берлин,Восток,Масла,Подсолнечное масло,"1,19",960,"1142,4"
,10/27/2021,mymeal,Берлин,Восток,Консервы,Говядина тушеная,"1,19",61,"72,59"
,10/27/2021,Go Bio,Гамбург,Север,Напитки,Зеленый чай,"0,95",315,"299,25"
,10/27/2021,Gold Food,Гамбург,Север,Крупы,Рис,"0,96",627,"601,92"
,10/27/2021,Sweetables,Мюнхен,Юг,Напитки,Зеленый чай,"0,95",143,"135,85"
,10/28/2021,Cooking Corner,Штутгарт,Юг,Масла,Подсолнечное масло,"1,19",632,"752,08"
,10/28/2021,Cooking Corner,Штутгарт,Юг,Масла,Оливковое масло,"1,7",208,"353,6"
,10/28/2021,Cooking Corner,Бремен,Север,Сухофрукты,Сушеные яблоки,"1,09",58,"63,22"
,10/28/2021,Cooking Corner,Бремен,Север,Крупы,Перловка,"1,2",221,"265,2"
,10/28/2021,Cooking Corner,Берлин,Восток,Крупы,Гречка,"1,4",717,"1003,8"
,10/28/2021,foodbite,Кёльн,Запад,Напитки,Зеленый чай,"0,95",480,456
,10/28/2021,mymeal,Кёльн,Запад,Напитки,Зеленый чай,"0,95",305,"289,75"
,10/28/2021,Go Bio,Дрезден,Восток,Крупы,Перловка,"1,2",45,54
,10/28/2021,mymeal,Берлин,Восток,Сухофрукты,Изюм,"0,99",261,"258,39"
,10/28/2021,Go Bio,Гамбург,Север,Масла,Сливочное масло,"1,5",242,363
,10/28/2021,Cooking Corner,Мюнхен,Юг,Сладости,Шоколад,"0,55",880,484
,10/28/2021,Cooking Corner,Мюнхен,Юг,Масла,Сливочное масло,"1,5",755,"1132,5"
,10/28/2021,NutriFix,Мюнхен,Юг,Сладости,Зефир,"0,65",45,"29,25"
,10/28/2021,foodbite,Кёльн,Запад,Сухофрукты,Курага,"1,19",135,"160,65"
,10/28/2021,NutriFix,Франкфурт,Запад,Консервы,Шпроты,"1,15",15,"17,25"
,10/28/2021,NutriFix,Франкфурт,Запад,Напитки,Зеленый чай,"0,95",124,"117,8"
,10/28/2021,NutriFix,Гамбург,Север,Специи,Черный перец,"0,59",379,"223,61"
,10/28/2021,NutriFix,Гамбург,Север,Сыры,Филадельфия ,"0,89",172,"153,08"
,10/28/2021,Go Bio,Кёльн,Запад,Сыры,Моцарелла,"0,59",115,"67,85"
,10/28/2021,mymeal,Франкфурт,Запад,Сладости,Зефир,"0,65",20,13
,10/28/2021,Go Bio,Франкфурт,Запад,Специи,Базилик,"0,7",17,"11,9"
,10/28/2021,Sweetables,Мюнхен,Юг,Сыры,Моцарелла,"0,59",213,"125,67"
,10/28/2021,Gold Food,Штутгарт,Юг,Масла,Подсолнечное масло,"1,19",300,357
,10/29/2021,Cooking Corner,Штутгарт,Юг,Напитки,Кофе,"5,5",178,979
,10/29/2021,Cooking Corner,Бремен,Север,Консервы,Говядина тушеная,"1,19",26,"30,94"
,10/29/2021,mymeal,Дрезден,Восток,Консервы,Килька в томате,"0,89",27,"24,03"
,10/29/2021,Cooking Corner,Берлин,Восток,Крупы,Гречка,"1,4",639,"894,6"
,10/29/2021,foodbite,Штутгарт,Юг,Сладости,Мармелад,"0,6",184,"110,4"
,10/29/2021,Sweetables,Бремен,Север,Сухофрукты,Изюм,"0,99",46,"45,54"
,10/29/2021,Cooking Corner,Гамбург,Север,Масла,Подсолнечное масло,"1,19",896,"1066,24"
,10/29/2021,foodbite,Кёльн,Запад,Сладости,Шоколад,"0,55",710,"390,5"
,10/29/2021,foodbite,Кёльн,Запад,Крупы,Рис,"0,96",627,"601,92"
,10/29/2021,Organica,Бремен,Север,Крупы,Перловка,"1,2",54,"64,8"
,10/29/2021,Organica,Бремен,Север,Специи,Черный перец,"0,59",124,"73,16"
,10/29/2021,Organica,Дрезден,Восток,Масла,Сливочное масло,"1,5",88,132
,10/29/2021,Organica,Дрезден,Восток,Сладости,Шоколад,"0,55",100,55
,10/29/2021,Go Bio,Дрезден,Восток,Сыры,Филадельфия ,"0,89",27,"24,03"
,10/29/2021,Cooking Corner,Мюнхен,Юг,Специи,Базилик,"0,7",139,"97,3"
,10/29/2021,NutriFix,Франкфурт,Запад,Масла,Оливковое масло,"1,7",29,"49,3"
,10/29/2021,NutriFix,Гамбург,Север,Специи,Кориандр,"0,65",40,26
,10/29/2021,Organica,Кёльн,Запад,Сладости,Мармелад,"0,6",81,"48,6"
,10/29/2021,foodbite,Франкфурт,Запад,Сухофрукты,Сушеные яблоки,"1,09",52,"56,68"
,10/29/2021,foodbite,Франкфурт,Запад,Сыры,Филадельфия ,"0,89",113,"100,57"
,10/29/2021,Go Bio,Франкфурт,Запад,Специи,Черный перец,"0,59",104,"61,36"
,10/29/2021,Sweetables,Кёльн,Запад,Консервы,Шпроты,"1,15",105,"120,75"
,10/29/2021,Organica,Франкфурт,Запад,Сладости,Мармелад,"0,6",37,"22,2"
,10/29/2021,Organica,Франкфурт,Запад,Напитки,Кофе,"5,5",18,99
,10/29/2021,Cooking Corner,Штутгарт,Юг,Масла,Сливочное масло,"1,5",554,831
,10/30/2021,foodbite,Берлин,Восток,Консервы,Говядина тушеная,"1,19",97,"115,43"
,10/30/2021,foodbite,Штутгарт,Юг,Напитки,Зеленый чай,"0,95",558,"530,1"
,10/30/2021,mymeal,Штутгарт,Юг,Сладости,Шоколад,"0,55",570,"313,5"
,10/30/2021,Sweetables,Бремен,Север,Крупы,Рис,"0,96",202,"193,92"
,10/30/2021,Sweetables,Бремен,Север,Масла,Оливковое масло,"1,7",45,"76,5"
,10/30/2021,Go Bio,Бремен,Север,Сухофрукты,Сушеные яблоки,"1,09",23,"25,07"
,10/30/2021,Cooking Corner,Берлин,Восток,Крупы,Перловка,"1,2",1041,"1249,2"
,10/30/2021,Cooking Corner,Берлин,Восток,Консервы,Говядина тушеная,"1,19",114,"135,66"
,10/30/2021,Cooking Corner,Гамбург,Север,Сухофрукты,Изюм,"0,99",393,"389,07"
,10/30/2021,Sweetables,Мюнхен,Юг,Консервы,Килька в томате,"0,89",193,"171,77"
,10/30/2021,Organica,Бремен,Север,Сыры,Гауда,"1,59",138,"219,42"
,10/30/2021,mymeal,Франкфурт,Запад,Сыры,Моцарелла,"0,59",97,"57,23"
,10/30/2021,Sweetables,Франкфурт,Запад,Сыры,Гауда,"1,59",129,"205,11"
,10/30/2021,foodbite,Кёльн,Запад,Специи,Черный перец,"0,59",119,"70,21"
,10/30/2021,foodbite,Кёльн,Запад,Консервы,Говядина тушеная,"1,19",50,"59,5"
,10/30/2021,foodbite,Кёльн,Запад,Крупы,Рис,"0,96",555,"532,8"
,10/30/2021,NutriFix,Франкфурт,Запад,Специи,Базилик,"0,7",15,"10,5"
,10/30/2021,Sweetables,Кёльн,Запад,Напитки,Черный чай,"0,99",192,"190,08"
,10/30/2021,Sweetables,Кёльн,Запад,Специи,Базилик,"0,7",53,"37,1"
,10/30/2021,Organica,Дрезден,Восток,Сухофрукты,Изюм,"0,99",21,"20,79"
,10/30/2021,Organica,Франкфурт,Запад,Специи,Черный перец,"0,59",97,"57,23"
,10/30/2021,Cooking Corner,Штутгарт,Юг,Сыры,Моцарелла,"0,59",402,"237,18"
,10/30/2021,Cooking Corner,Штутгарт,Юг,Напитки,Кофе,"5,5",184,1012
,10/31/2021,Sweetables,Штутгарт,Юг,Специи,Кориандр,"0,65",40,26
,10/31/2021,Sweetables,Штутгарт,Юг,Сыры,Моцарелла,"0,59",314,"185,26"
,10/31/2021,mymeal,Берлин,Восток,Сухофрукты,Изюм,"0,99",271,"268,29"
,10/31/2021,foodbite,Штутгарт,Юг,Масла,Сливочное масло,"1,5",564,846
,10/31/2021,mymeal,Штутгарт,Юг,Консервы,Говядина тушеная,"1,19",70,"83,3"
,10/31/2021,Organica,Бремен,Север,Сладости,Шоколад,"0,55",150,"82,5"
,10/31/2021,Go Bio,Бремен,Север,Консервы,Килька в томате,"0,89",46,"40,94"
,10/31/2021,Go Bio,Бремен,Север,Крупы,Гречка,"1,4",52,"72,8"
,10/31/2021,Gold Food,Дрезден,Восток,Консервы,Килька в томате,"0,89",39,"34,71"
,10/31/2021,Go Bio,Дрезден,Восток,Сухофрукты,Сушеные яблоки,"1,09",15,"16,35"
,10/31/2021,Cooking Corner,Гамбург,Север,Сладости,Шоколад,"0,55",785,"431,75"
,10/31/2021,Sweetables,Мюнхен,Юг,Специи,Кориандр,"0,65",30,"19,5"
,10/31/2021,NutriFix,Кёльн,Запад,Консервы,Говядина тушеная,"1,19",51,"60,69"
,10/31/2021,Sweetables,Франкфурт,Запад,Крупы,Рис,"0,96",132,"126,72"
,10/31/2021,Sweetables,Франкфурт,Запад,Консервы,Шпроты,"1,15",43,"49,45"
,10/31/2021,Go Bio,Гамбург,Север,Напитки,Черный чай,"0,99",418,"413,82"
,10/31/2021,NutriFix,Штутгарт,Юг,Сыры,Филадельфия ,"0,89",142,"126,38"
,10/31/2021,foodbite,Бремен,Север,Масла,Подсолнечное масло,"1,19",251,"298,69"
,10/31/2021,Organica,Дрезден,Восток,Консервы,Килька в томате,"0,89",25,"22,25"
,10/31/2021,NutriFix,Кёльн,Запад,Напитки,Черный чай,"0,99",68,"67,32"
,10/31/2021,Gold Food,Дрезден,Восток,Сухофрукты,Сушеные яблоки,"1,09",29,"31,61"
,10/31/2021,Organica,Дрезден,Восток,Специи,Базилик,"0,7",18,"12,6"
,10/31/2021,mymeal,Франкфурт,Запад,Сыры,Гауда,"1,59",197,"313,23"
,10/31/2021,NutriFix,Штутгарт,Юг,Сладости,Мармелад,"0,6",124,"74,4"
,11/1/2021,Sweetables,Штутгарт,Юг,Сухофрукты,Сушеные яблоки,"1,09",120,"130,8"
,11/1/2021,Go Bio,Бремен,Север,Консервы,Шпроты,"1,15",36,"41,4"
,11/1/2021,mymeal,Берлин,Восток,Сухофрукты,Изюм,"0,99",276,"273,24"
,11/1/2021,Organica,Мюнхен,Юг,Масла,Подсолнечное масло,"1,19",281,"334,39"
,11/1/2021,Organica,Мюнхен,Юг,Сладости,Мармелад,"0,6",128,"76,8"
,11/1/2021,Cooking Corner,Штутгарт,Юг,Сладости,Мармелад,"0,6",230,138
,11/1/2021,Organica,Бремен,Север,Масла,Подсолнечное масло,"1,19",128,"152,32"
,11/1/2021,Sweetables,Мюнхен,Юг,Сыры,Моцарелла,"0,59",386,"227,74"
,11/1/2021,NutriFix,Кёльн,Запад,Сухофрукты,Изюм,"0,99",69,"68,31"
,11/1/2021,foodbite,Бремен,Север,Специи,Кориандр,"0,65",20,13
,11/1/2021,Sweetables,Бремен,Север,Консервы,Говядина тушеная,"1,19",16,"19,04"
,11/1/2021,Sweetables,Бремен,Север,Крупы,Рис,"0,96",173,"166,08"
,11/1/2021,Sweetables,Бремен,Север,Сухофрукты,Изюм,"0,99",39,"38,61"
,11/1/2021,Gold Food,Бремен,Север,Масла,Оливковое масло,"1,7",28,"47,6"
,11/1/2021,Sweetables,Кёльн,Запад,Специи,Черный перец,"0,59",80,"47,2"
,11/1/2021,Go Bio,Гамбург,Север,Сыры,Моцарелла,"0,59",325,"191,75"
,11/1/2021,mymeal,Бремен,Север,Крупы,Рис,"0,96",130,"124,8"
,11/1/2021,mymeal,Бремен,Север,Сыры,Филадельфия ,"0,89",72,"64,08"
,11/1/2021,mymeal,Бремен,Север,Масла,Сливочное масло,"1,5",174,261
,11/1/2021,mymeal,Кёльн,Запад,Масла,Сливочное масло,"1,5",259,"388,5"
,11/1/2021,Organica,Дрезден,Восток,Сладости,Мармелад,"0,6",24,"14,4"
,11/1/2021,mymeal,Франкфурт,Запад,Сухофрукты,Курага,"1,19",53,"63,07"
,11/1/2021,NutriFix,Штутгарт,Юг,Консервы,Говядина тушеная,"1,19",72,"85,68"
,11/2/2021,Organica,Мюнхен,Юг,Специи,Базилик,"0,7",41,"28,7"
,11/2/2021,foodbite,Кёльн,Запад,Специи,Базилик,"0,7",61,"42,7"
,11/2/2021,Cooking Corner,Бремен,Север,Напитки,Кофе,"5,5",96,528
,11/2/2021,foodbite,Гамбург,Север,Сыры,Гауда,"1,59",604,"960,36"
,11/2/2021,Organica,Гамбург,Север,Сыры,Гауда,"1,59",277,"440,43"
,11/2/2021,Go Bio,Гамбург,Север,Консервы,Килька в томате,"0,89",126,"112,14"
,11/2/2021,Go Bio,Гамбург,Север,Специи,Кориандр,"0,65",35,"22,75"
,11/2/2021,NutriFix,Штутгарт,Юг,Специи,Базилик,"0,7",50,35
,11/2/2021,Organica,Штутгарт,Юг,Специи,Базилик,"0,7",44,"30,8"
,11/2/2021,Gold Food,Бремен,Север,Сладости,Зефир,"0,65",20,13
,11/2/2021,Gold Food,Бремен,Север,Напитки,Кофе,"5,5",31,"170,5"
,11/2/2021,Sweetables,Кёльн,Запад,Консервы,Килька в томате,"0,89",139,"123,71"
,11/2/2021,Gold Food,Бремен,Север,Консервы,Говядина тушеная,"1,19",24,"28,56"
,11/2/2021,Gold Food,Кёльн,Запад,Напитки,Зеленый чай,"0,95",201,"190,95"
,11/2/2021,NutriFix,Штутгарт,Юг,Крупы,Перловка,"1,2",256,"307,2"
,11/3/2021,NutriFix,Бремен,Север,Специи,Черный перец,"0,59",34,"20,06"
,11/3/2021,NutriFix,Берлин,Восток,Напитки,Кофе,"5,5",104,572
,11/3/2021,mymeal,Гамбург,Север,Напитки,Зеленый чай,"0,95",469,"445,55"
,11/3/2021,Go Bio,Мюнхен,Юг,Консервы,Шпроты,"1,15",41,"47,15"
,11/3/2021,mymeal,Кёльн,Запад,Напитки,Черный чай,"0,99",292,"289,08"
,11/3/2021,mymeal,Кёльн,Запад,Сухофрукты,Изюм,"0,99",122,"120,78"
,11/3/2021,Cooking Corner,Штутгарт,Юг,Сладости,Шоколад,"0,55",970,"533,5"
,11/3/2021,Gold Food,Штутгарт,Юг,Сыры,Филадельфия ,"0,89",142,"126,38"
,11/3/2021,Go Bio,Штутгарт,Юг,Крупы,Гречка,"1,4",118,"165,2"
,11/3/2021,Go Bio,Штутгарт,Юг,Специи,Базилик,"0,7",44,"30,8"
,11/3/2021,Organica,Франкфурт,Запад,Напитки,Черный чай,"0,99",108,"106,92"
,11/3/2021,Gold Food,Штутгарт,Юг,Сухофрукты,Курага,"1,19",106,"126,14"
,11/3/2021,Organica,Штутгарт,Юг,Специи,Базилик,"0,7",32,"22,4"
,11/3/2021,Cooking Corner,Бремен,Север,Крупы,Перловка,"1,2",174,"208,8"
,11/3/2021,foodbite,Гамбург,Север,Сыры,Филадельфия ,"0,89",228,"202,92"
,11/3/2021,Sweetables,Штутгарт,Юг,Сухофрукты,Курага,"1,19",94,"111,86"
,11/3/2021,NutriFix,Штутгарт,Юг,Специи,Черный перец,"0,59",186,"109,74"
,11/3/2021,Organica,Штутгарт,Юг,Масла,Подсолнечное масло,"1,19",278,"330,82"
,11/3/2021,Cooking Corner,Франкфурт,Запад,Напитки,Черный чай,"0,99",228,"225,72"
,11/3/2021,Organica,Штутгарт,Юг,Масла,Подсолнечное масло,"1,19",260,"309,4"
,11/4/2021,NutriFix,Бремен,Север,Сухофрукты,Сушеные яблоки,"1,09",31,"33,79"
,11/4/2021,Organica,Берлин,Восток,Сыры,Филадельфия ,"0,89",185,"164,65"
,11/4/2021,Sweetables,Мюнхен,Юг,Специи,Базилик,"0,7",53,"37,1"
,11/4/2021,mymeal,Кёльн,Запад,Масла,Сливочное масло,"1,5",290,435
,11/4/2021,mymeal,Франкфурт,Запад,Напитки,Зеленый чай,"0,95",147,"139,65"
,11/4/2021,Go Bio,Франкфурт,Запад,Масла,Подсолнечное масло,"1,19",81,"96,39"
,11/4/2021,Cooking Corner,Штутгарт,Юг,Специи,Черный перец,"0,59",216,"127,44"
,11/4/2021,Cooking Corner,Штутгарт,Юг,Консервы,Килька в томате,"0,89",242,"215,38"
,11/4/2021,Sweetables,Штутгарт,Юг,Напитки,Черный чай,"0,99",344,"340,56"
,11/4/2021,Organica,Франкфурт,Запад,Масла,Подсолнечное масло,"1,19",68,"80,92"
,11/4/2021,Cooking Corner,Бремен,Север,Сухофрукты,Сушеные яблоки,"1,09",93,"101,37"
,11/4/2021,Sweetables,Штутгарт,Юг,Сухофрукты,Изюм,"0,99",154,"152,46"
,11/4/2021,Organica,Штутгарт,Юг,Напитки,Черный чай,"0,99",66,"65,34"
,11/4/2021,mymeal,Мюнхен,Юг,Специи,Базилик,"0,7",82,"57,4"
,11/4/2021,Gold Food,Мюнхен,Юг,Крупы,Гречка,"1,4",159,"222,6"
,11/4/2021,NutriFix,Мюнхен,Юг,Сухофрукты,Курага,"1,19",119,"141,61"
,11/4/2021,Go Bio,Кёльн,Запад,Крупы,Рис,"0,96",226,"216,96"
,11/4/2021,Organica,Штутгарт,Юг,Сухофрукты,Курага,"1,19",62,"73,78"
,11/4/2021,Cooking Corner,Бремен,Север,Масла,Подсолнечное масло,"1,19",205,"243,95"
,11/4/2021,mymeal,Бремен,Север,Специи,Кориандр,"0,65",18,"11,7"
,11/4/2021,Organica,Штутгарт,Юг,Крупы,Гречка,"1,4",98,"137,2"
,11/5/2021,NutriFix,Бремен,Север,Сухофрукты,Сушеные яблоки,"1,09",43,"46,87"
,11/5/2021,Organica,Берлин,Восток,Напитки,Кофе,"5,5",83,"456,5"
,11/5/2021,Go Bio,Гамбург,Север,Сладости,Шоколад,"0,55",573,"315,15"
,11/5/2021,Go Bio,Гамбург,Север,Напитки,Кофе,"5,5",54,297
,11/5/2021,Sweetables,Мюнхен,Юг,Крупы,Гречка,"1,4",195,273
,11/5/2021,mymeal,Франкфурт,Запад,Специи,Базилик,"0,7",18,"12,6"
,11/5/2021,mymeal,Франкфурт,Запад,Напитки,Черный чай,"0,99",95,"94,05"
,11/5/2021,foodbite,Штутгарт,Юг,Крупы,Рис,"0,96",564,"541,44"
,11/5/2021,Sweetables,Штутгарт,Юг,Консервы,Шпроты,"1,15",94,"108,1"
,11/5/2021,Sweetables,Штутгарт,Юг,Напитки,Кофе,"5,5",92,506
,11/5/2021,Go Bio,Штутгарт,Юг,Сухофрукты,Сушеные яблоки,"1,09",52,"56,68"
,11/5/2021,mymeal,Мюнхен,Юг,Специи,Черный перец,"0,59",246,"145,14"
,11/5/2021,mymeal,Мюнхен,Юг,Сладости,Мармелад,"0,6",135,81
,11/5/2021,Gold Food,Мюнхен,Юг,Масла,Сливочное масло,"1,5",236,354
,11/5/2021,Go Bio,Кёльн,Запад,Сухофрукты,Курага,"1,19",38,"45,22"
,11/5/2021,NutriFix,Штутгарт,Юг,Напитки,Черный чай,"0,99",92,"91,08"
,11/5/2021,Organica,Штутгарт,Юг,Сладости,Зефир,"0,65",52,"33,8"
,11/5/2021,Cooking Corner,Бремен,Север,Сыры,Моцарелла,"0,59",203,"119,77"
,11/5/2021,Cooking Corner,Бремен,Север,Сыры,Гауда,"1,59",338,"537,42"
,11/5/2021,mymeal,Бремен,Север,Сухофрукты,Сушеные яблоки,"1,09",43,"46,87"
,11/5/2021,Gold Food,Бремен,Север,Консервы,Килька в томате,"0,89",43,"38,27"
,11/5/2021,Gold Food,Бремен,Север,Сладости,Зефир,"0,65",31,"20,15"
,11/5/2021,Go Bio,Бремен,Север,Напитки,Черный чай,"0,99",59,"58,41"
,11/6/2021,foodbite,Гамбург,Север,Сладости,Шоколад,"0,55",1288,"708,4"
,11/6/2021,foodbite,Гамбург,Север,Сыры,Гауда,"1,59",796,"1265,64"
,11/6/2021,Go Bio,Гамбург,Север,Консервы,Шпроты,"1,15",68,"78,2"
,11/6/2021,Go Bio,Кёльн,Запад,Масла,Оливковое масло,"1,7",64,"108,8"
,11/6/2021,NutriFix,Франкфурт,Запад,Сладости,Шоколад,"0,55",174,"95,7"
,11/6/2021,NutriFix,Франкфурт,Запад,Сладости,Шоколад,"0,55",140,77
,11/6/2021,NutriFix,Франкфурт,Запад,Сыры,Гауда,"1,59",162,"257,58"
,11/6/2021,mymeal,Франкфурт,Запад,Масла,Сливочное масло,"1,5",162,243
,11/6/2021,Gold Food,Франкфурт,Запад,Крупы,Рис,"0,96",151,"144,96"
,11/6/2021,NutriFix,Франкфурт,Запад,Сыры,Моцарелла,"0,59",88,"51,92"
,11/6/2021,Go Bio,Франкфурт,Запад,Специи,Черный перец,"0,59",61,"35,99"
,11/6/2021,Go Bio,Штутгарт,Юг,Сладости,Шоколад,"0,55",198,"108,9"
,11/6/2021,Gold Food,Мюнхен,Юг,Специи,Базилик,"0,7",65,"45,5"
,11/6/2021,Gold Food,Бремен,Север,Консервы,Килька в томате,"0,89",55,"48,95"
,11/7/2021,foodbite,Гамбург,Север,Сухофрукты,Курага,"1,19",182,"216,58"
,11/7/2021,Go Bio,Кёльн,Запад,Консервы,Шпроты,"1,15",70,"80,5"
,11/7/2021,mymeal,Франкфурт,Запад,Масла,Сливочное масло,"1,5",95,"142,5"
,11/7/2021,mymeal,Берлин,Восток,Напитки,Кофе,"5,5",252,1386
,11/7/2021,Go Bio,Берлин,Восток,Сыры,Гауда,"1,59",431,"685,29"
,11/7/2021,Sweetables,Мюнхен,Юг,Специи,Базилик,"0,7",89,"62,3"
,11/8/2021,Go Bio,Кёльн,Запад,Консервы,Шпроты,"1,15",53,"60,95"
,11/8/2021,foodbite,Дрезден,Восток,Напитки,Черный чай,"0,99",51,"50,49"
,11/8/2021,Cooking Corner,Франкфурт,Запад,Специи,Базилик,"0,7",57,"39,9"
,11/8/2021,mymeal,Берлин,Восток,Специи,Кориандр,"0,65",74,"48,1"
,11/8/2021,mymeal,Берлин,Восток,Специи,Черный перец,"0,59",216,"127,44"
,11/8/2021,Go Bio,Берлин,Восток,Крупы,Гречка,"1,4",215,301
,11/8/2021,Go Bio,Берлин,Восток,Сухофрукты,Изюм,"0,99",265,"262,35"
,11/8/2021,Sweetables,Мюнхен,Юг,Масла,Подсолнечное масло,"1,19",329,"391,51"
,11/8/2021,Cooking Corner,Франкфурт,Запад,Специи,Базилик,"0,7",57,"39,9"
,11/8/2021,Cooking Corner,Франкфурт,Запад,Консервы,Шпроты,"1,15",83,"95,45"
,11/8/2021,foodbite,Штутгарт,Юг,Консервы,Килька в томате,"0,89",154,"137,06"
,11/9/2021,mymeal,Кёльн,Запад,Сладости,Шоколад,"0,55",413,"227,15"
,11/9/2021,Gold Food,Кёльн,Запад,Специи,Черный перец,"0,59",276,"162,84"
,11/9/2021,Gold Food,Кёльн,Запад,Консервы,Килька в томате,"0,89",87,"77,43"
,11/9/2021,foodbite,Франкфурт,Запад,Напитки,Зеленый чай,"0,95",235,"223,25"
,11/9/2021,Cooking Corner,Франкфурт,Запад,Сухофрукты,Сушеные яблоки,"1,09",63,"68,67"
,11/9/2021,Go Bio,Франкфурт,Запад,Напитки,Кофе,"5,5",22,121
,11/9/2021,foodbite,Штутгарт,Юг,Крупы,Гречка,"1,4",268,"375,2"
,11/9/2021,foodbite,Штутгарт,Юг,Крупы,Рис,"0,96",726,"696,96"
,11/9/2021,mymeal,Штутгарт,Юг,Напитки,Кофе,"5,5",102,561
,11/9/2021,mymeal,Штутгарт,Юг,Напитки,Черный чай,"0,99",150,"148,5"
,11/9/2021,Cooking Corner,Бремен,Север,Сыры,Филадельфия ,"0,89",93,"82,77"
,11/9/2021,Go Bio,Бремен,Север,Напитки,Зеленый чай,"0,95",55,"52,25"
,11/9/2021,Go Bio,Бремен,Север,Масла,Подсолнечное масло,"1,19",89,"105,91"
,11/10/2021,NutriFix,Бремен,Север,Сыры,Моцарелла,"0,59",109,"64,31"
,11/10/2021,mymeal,Кёльн,Запад,Масла,Сливочное масло,"1,5",185,"277,5"
,11/10/2021,foodbite,Франкфурт,Запад,Сухофрукты,Курага,"1,19",82,"97,58"
,11/10/2021,Gold Food,Берлин,Восток,Крупы,Гречка,"1,4",265,371
,11/10/2021,Gold Food,Берлин,Восток,Крупы,Перловка,"1,2",619,"742,8"
,11/10/2021,Gold Food,Франкфурт,Запад,Напитки,Зеленый чай,"0,95",53,"50,35"
,11/10/2021,Gold Food,Франкфурт,Запад,Напитки,Черный чай,"0,99",40,"39,6"
,11/10/2021,Go Bio,Франкфурт,Запад,Консервы,Говядина тушеная,"1,19",17,"20,23"
,11/10/2021,Go Bio,Франкфурт,Запад,Масла,Оливковое масло,"1,7",20,34
,11/10/2021,mymeal,Штутгарт,Юг,Напитки,Черный чай,"0,99",288,"285,12"
,11/10/2021,Go Bio,Бремен,Север,Специи,Черный перец,"0,59",113,"66,67"
,11/11/2021,NutriFix,Бремен,Север,Напитки,Черный чай,"0,99",86,"85,14"
,11/11/2021,Gold Food,Берлин,Восток,Консервы,Килька в томате,"0,89",287,"255,43"
,11/11/2021,Gold Food,Франкфурт,Запад,Консервы,Говядина тушеная,"1,19",18,"21,42"
,11/11/2021,NutriFix,Франкфурт,Запад,Масла,Оливковое масло,"1,7",29,"49,3"
,11/11/2021,NutriFix,Франкфурт,Запад,Масла,Сливочное масло,"1,5",90,135
,11/11/2021,Sweetables,Дрезден,Восток,Масла,Подсолнечное масло,"1,19",77,"91,63"
,11/11/2021,Organica,Дрезден,Восток,Сладости,Зефир,"0,65",11,"7,15"
,11/12/2021,Sweetables,Бремен,Север,Напитки,Кофе,"5,5",65,"357,5"
,11/12/2021,Sweetables,Бремен,Север,Специи,Кориандр,"0,65",15,"9,75"
,11/12/2021,Organica,Дрезден,Восток,Специи,Черный перец,"0,59",67,"39,53"
,11/12/2021,Organica,Дрезден,Восток,Напитки,Зеленый чай,"0,95",55,"52,25"
,11/12/2021,Organica,Дрезден,Восток,Сухофрукты,Изюм,"0,99",32,"31,68"
,11/12/2021,foodbite,Берлин,Восток,Напитки,Черный чай,"0,99",432,"427,68"
,11/12/2021,NutriFix,Берлин,Восток,Специи,Черный перец,"0,59",435,"256,65"
,11/12/2021,NutriFix,Берлин,Восток,Сыры,Моцарелла,"0,59",543,"320,37"
,11/12/2021,Gold Food,Мюнхен,Юг,Консервы,Килька в томате,"0,89",129,"114,81"
,11/12/2021,NutriFix,Мюнхен,Юг,Напитки,Зеленый чай,"0,95",409,"388,55"
,11/12/2021,NutriFix,Гамбург,Север,Консервы,Килька в томате,"0,89",204,"181,56"
,11/12/2021,NutriFix,Гамбург,Север,Специи,Черный перец,"0,59",157,"92,63"
,11/12/2021,NutriFix,Франкфурт,Запад,Консервы,Говядина тушеная,"1,19",11,"13,09"
,11/12/2021,Sweetables,Дрезден,Восток,Специи,Базилик,"0,7",23,"16,1"
,11/12/2021,Sweetables,Дрезден,Восток,Сладости,Зефир,"0,65",24,"15,6"
,11/13/2021,Sweetables,Бремен,Север,Масла,Сливочное масло,"1,5",136,204
,11/13/2021,foodbite,Берлин,Восток,Крупы,Гречка,"1,4",479,"670,6"
,11/13/2021,Gold Food,Берлин,Восток,Масла,Сливочное масло,"1,5",736,1104
,11/13/2021,Gold Food,Берлин,Восток,Сыры,Филадельфия ,"0,89",313,"278,57"
,11/13/2021,Sweetables,Мюнхен,Юг,Консервы,Говядина тушеная,"1,19",25,"29,75"
,11/13/2021,Gold Food,Мюнхен,Юг,Крупы,Перловка,"1,2",261,"313,2"
,11/13/2021,Go Bio,Гамбург,Север,Сладости,Зефир,"0,65",61,"39,65"
,11/13/2021,Go Bio,Гамбург,Север,Крупы,Рис,"0,96",433,"415,68"
,11/13/2021,Sweetables,Бремен,Север,Сладости,Зефир,"0,65",30,"19,5"
,11/13/2021,Go Bio,Дрезден,Восток,Консервы,Килька в томате,"0,89",32,"28,48"
,11/14/2021,foodbite,Берлин,Восток,Сладости,Мармелад,"0,6",373,"223,8"
,11/14/2021,Sweetables,Мюнхен,Юг,Сухофрукты,Сушеные яблоки,"1,09",125,"136,25"
,11/14/2021,Gold Food,Мюнхен,Юг,Сухофрукты,Изюм,"0,99",157,"155,43"
,11/14/2021,mymeal,Мюнхен,Юг,Специи,Кориандр,"0,65",34,"22,1"
,11/14/2021,Sweetables,Мюнхен,Юг,Сухофрукты,Изюм,"0,99",142,"140,58"
,11/14/2021,Sweetables,Мюнхен,Юг,Специи,Базилик,"0,7",94,"65,8"
,11/14/2021,Go Bio,Дрезден,Восток,Сладости,Зефир,"0,65",14,"9,1"
,11/14/2021,Go Bio,Дрезден,Восток,Сыры,Гауда,"1,59",88,"139,92"
,11/15/2021,Sweetables,Мюнхен,Юг,Масла,Оливковое масло,"1,7",73,"124,1"
,11/15/2021,Organica,Мюнхен,Юг,Консервы,Килька в томате,"0,89",73,"64,97"
,11/15/2021,mymeal,Мюнхен,Юг,Сладости,Шоколад,"0,55",648,"356,4"
,11/16/2021,Go Bio,Гамбург,Север,Сухофрукты,Курага,"1,19",95,"113,05"
,11/16/2021,foodbite,Мюнхен,Юг,Сладости,Мармелад,"0,6",275,165
,11/17/2021,Go Bio,Гамбург,Север,Крупы,Рис,"0,96",304,"291,84"
,11/18/2021,Sweetables,Берлин,Восток,Напитки,Зеленый чай,"0,95",823,"781,85"
,11/19/2021,Gold Food,Кёльн,Запад,Масла,Подсолнечное масло,"1,19",248,"295,12"
,11/19/2021,Sweetables,Берлин,Восток,Специи,Базилик,"0,7",140,98
,11/20/2021,Gold Food,Кёльн,Запад,Крупы,Рис,"0,96",278,"266,88"
,11/20/2021,Gold Food,Кёльн,Запад,Сыры,Филадельфия ,"0,89",84,"74,76"
,11/20/2021,Go Bio,Кёльн,Запад,Сладости,Мармелад,"0,6",86,"51,6"
,11/20/2021,Gold Food,Берлин,Восток,Консервы,Килька в томате,"0,89",245,"218,05"
,11/21/2021,Go Bio,Кёльн,Запад,Сухофрукты,Курага,"1,19",64,"76,16"
,11/21/2021,Go Bio,Гамбург,Север,Сладости,Шоколад,"0,55",594,"326,7"
,11/21/2021,Gold Food,Берлин,Восток,Напитки,Кофе,"5,5",239,"1314,5"
,11/21/2021,Gold Food,Берлин,Восток,Напитки,Черный чай,"0,99",310,"306,9"
,11/21/2021,foodbite,Кёльн,Запад,Консервы,Говядина тушеная,"1,19",74,"88,06"
,11/22/2021,Go Bio,Гамбург,Север,Специи,Кориандр,"0,65",27,"17,55"
,11/22/2021,Go Bio,Гамбург,Север,Сухофрукты,Курага,"1,19",129,"153,51"
,11/22/2021,Go Bio,Мюнхен,Юг,Крупы,Гречка,"1,4",107,"149,8"
,11/22/2021,foodbite,Кёльн,Запад,Специи,Базилик,"0,7",67,"46,9"
,11/22/2021,NutriFix,Кёльн,Запад,Напитки,Зеленый чай,"0,95",237,"225,15"
,11/23/2021,Organica,Гамбург,Север,Консервы,Килька в томате,"0,89",112,"99,68"
,11/23/2021,Sweetables,Кёльн,Запад,Напитки,Черный чай,"0,99",224,"221,76"
,11/23/2021,Gold Food,Кёльн,Запад,Консервы,Килька в томате,"0,89",114,"101,46"
,11/25/2021,Gold Food,Гамбург,Север,Сухофрукты,Изюм,"0,99",187,"185,13"
,11/25/2021,Gold Food,Гамбург,Север,Крупы,Рис,"0,96",568,"545,28"
,11/25/2021,Go Bio,Берлин,Восток,Консервы,Шпроты,"1,15",117,"134,55"
,11/25/2021,Organica,Мюнхен,Юг,Сыры,Моцарелла,"0,59",182,"107,38"
,11/25/2021,Cooking Corner,Кёльн,Запад,Сладости,Зефир,"0,65",78,"50,7"
,11/26/2021,NutriFix,Франкфурт,Запад,Крупы,Рис,"0,96",111,"106,56"
,11/26/2021,Go Bio,Берлин,Восток,Напитки,Кофе,"5,5",242,1331
,11/26/2021,Cooking Corner,Мюнхен,Юг,Напитки,Кофе,"5,5",234,1287
,11/26/2021,NutriFix,Мюнхен,Юг,Специи,Кориандр,"0,65",37,"24,05"
,11/26/2021,Organica,Мюнхен,Юг,Сухофрукты,Сушеные яблоки,"1,09",77,"83,93"
,11/27/2021,NutriFix,Франкфурт,Запад,Консервы,Говядина тушеная,"1,19",15,"17,85"
,11/27/2021,Organica,Берлин,Восток,Масла,Подсолнечное масло,"1,19",545,"648,55"
,11/27/2021,Sweetables,Гамбург,Север,Крупы,Гречка,"1,4",204,"285,6"
,11/27/2021,Cooking Corner,Мюнхен,Юг,Сыры,Филадельфия ,"0,89",332,"295,48"
,11/27/2021,NutriFix,Мюнхен,Юг,Масла,Сливочное масло,"1,5",211,"316,5"
,11/27/2021,Organica,Мюнхен,Юг,Специи,Черный перец,"0,59",252,"148,68"
,11/27/2021,Cooking Corner,Франкфурт,Запад,Специи,Кориандр,"0,65",17,"11,05"
,11/27/2021,Cooking Corner,Франкфурт,Запад,Специи,Базилик,"0,7",41,"28,7"
,11/28/2021,Go Bio,Франкфурт,Запад,Консервы,Шпроты,"1,15",35,"40,25"
,11/28/2021,Organica,Берлин,Восток,Сухофрукты,Изюм,"0,99",239,"236,61"
,11/28/2021,Sweetables,Гамбург,Север,Консервы,Говядина тушеная,"1,19",119,"141,61"
,11/28/2021,Sweetables,Гамбург,Север,Напитки,Кофе,"5,5",75,"412,5"
,11/28/2021,Cooking Corner,Франкфурт,Запад,Консервы,Шпроты,"1,15",41,"47,15"
,11/29/2021,Sweetables,Франкфурт,Запад,Масла,Сливочное масло,"1,5",158,237
,11/29/2021,Sweetables,Франкфурт,Запад,Крупы,Гречка,"1,4",78,"109,2"
,11/29/2021,Organica,Дрезден,Восток,Специи,Базилик,"0,7",15,"10,5"
,11/29/2021,Organica,Дрезден,Восток,Сухофрукты,Сушеные яблоки,"1,09",21,"22,89"
,11/29/2021,Sweetables,Берлин,Восток,Сладости,Зефир,"0,65",135,"87,75"
,11/29/2021,Sweetables,Гамбург,Север,Сыры,Гауда,"1,59",553,"879,27"
,11/30/2021,NutriFix,Дрезден,Восток,Масла,Сливочное масло,"1,5",106,159
,11/30/2021,Organica,Дрезден,Восток,Сыры,Гауда,"1,59",106,"168,54"
,11/30/2021,Sweetables,Берлин,Восток,Сладости,Мармелад,"0,6",216,"129,6"
,12/1/2021,NutriFix,Дрезден,Восток,Сыры,Гауда,"1,59",154,"244,86"
,12/1/2021,NutriFix,Дрезден,Восток,Напитки,Черный чай,"0,99",93,"92,07"
,12/1/2021,Sweetables,Берлин,Восток,Специи,Базилик,"0,7",215,"150,5"
,12/3/2021,NutriFix,Франкфурт,Запад,Напитки,Кофе,"5,5",62,341
,12/3/2021,mymeal,Мюнхен,Юг,Консервы,Килька в томате,"0,89",216,"192,24"
,12/3/2021,mymeal,Мюнхен,Юг,Масла,Сливочное масло,"1,5",584,876
,12/4/2021,mymeal,Мюнхен,Юг,Напитки,Кофе,"5,5",136,748
,12/4/2021,Gold Food,Мюнхен,Юг,Напитки,Зеленый чай,"0,95",281,"266,95"
,12/4/2021,Organica,Кёльн,Запад,Масла,Оливковое масло,"1,7",96,"163,2"
,12/4/2021,Sweetables,Франкфурт,Запад,Напитки,Кофе,"5,5",35,"192,5"
,12/5/2021,Organica,Кёльн,Запад,Специи,Базилик,"0,7",65,"45,5"
,12/5/2021,Organica,Франкфурт,Запад,Сладости,Мармелад,"0,6",42,"25,2"
,12/5/2021,Go Bio,Штутгарт,Юг,Специи,Базилик,"0,7",58,"40,6"
,12/5/2021,NutriFix,Дрезден,Восток,Специи,Базилик,"0,7",29,"20,3"
,12/6/2021,Go Bio,Штутгарт,Юг,Сладости,Зефир,"0,65",75,"48,75"
,12/6/2021,Gold Food,Кёльн,Запад,Сладости,Зефир,"0,65",73,"47,45"
,12/6/2021,Gold Food,Дрезден,Восток,Консервы,Шпроты,"1,15",25,"28,75"
,12/6/2021,NutriFix,Дрезден,Восток,Сыры,Филадельфия ,"0,89",59,"52,51"
,12/6/2021,NutriFix,Дрезден,Восток,Крупы,Перловка,"1,2",64,"76,8"
,12/6/2021,Go Bio,Дрезден,Восток,Сыры,Гауда,"1,59",120,"190,8"
,12/7/2021,Go Bio,Берлин,Восток,Сыры,Филадельфия ,"0,89",344,"306,16"
,12/7/2021,Cooking Corner,Кёльн,Запад,Сыры,Моцарелла,"0,59",571,"336,89"
,12/7/2021,foodbite,Бремен,Север,Специи,Черный перец,"0,59",87,"51,33"
,12/7/2021,Gold Food,Дрезден,Восток,Консервы,Говядина тушеная,"1,19",10,"11,9"
,12/8/2021,Go Bio,Дрезден,Восток,Специи,Кориандр,"0,65",13,"8,45"
,12/8/2021,Go Bio,Берлин,Восток,Сухофрукты,Изюм,"0,99",334,"330,66"
,12/8/2021,Cooking Corner,Кёльн,Запад,Напитки,Зеленый чай,"0,95",764,"725,8"
,12/8/2021,foodbite,Кёльн,Запад,Напитки,Черный чай,"0,99",680,"673,2"
,12/8/2021,mymeal,Штутгарт,Юг,Крупы,Рис,"0,96",479,"459,84"
,12/8/2021,Gold Food,Дрезден,Восток,Масла,Подсолнечное масло,"1,19",132,"157,08"
,12/8/2021,Cooking Corner,Берлин,Восток,Специи,Черный перец,"0,59",650,"383,5"
,12/8/2021,NutriFix,Берлин,Восток,Консервы,Шпроты,"1,15",162,"186,3"
,12/9/2021,Go Bio,Дрезден,Восток,Сухофрукты,Изюм,"0,99",41,"40,59"
,12/9/2021,Cooking Corner,Кёльн,Запад,Специи,Базилик,"0,7",117,"81,9"
,12/9/2021,foodbite,Кёльн,Запад,Сухофрукты,Сушеные яблоки,"1,09",200,218
,12/9/2021,mymeal,Кёльн,Запад,Специи,Черный перец,"0,59",489,"288,51"
,12/9/2021,NutriFix,Берлин,Восток,Напитки,Черный чай,"0,99",600,594
,12/9/2021,NutriFix,Гамбург,Север,Консервы,Шпроты,"1,15",128,"147,2"
,12/10/2021,Gold Food,Берлин,Восток,Крупы,Рис,"0,96",848,"814,08"
,12/10/2021,NutriFix,Гамбург,Север,Сыры,Гауда,"1,59",824,"1310,16"
,12/11/2021,mymeal,Берлин,Восток,Крупы,Рис,"0,96",1520,"1459,2"
,12/11/2021,mymeal,Берлин,Восток,Консервы,Говядина тушеная,"1,19",146,"173,74"
,12/11/2021,Go Bio,Гамбург,Север,Сухофрукты,Сушеные яблоки,"1,09",190,"207,1"
,12/11/2021,Go Bio,Гамбург,Север,Крупы,Гречка,"1,4",204,"285,6"
,12/12/2021,mymeal,Бремен,Север,Специи,Базилик,"0,7",44,"30,8"
,12/12/2021,Gold Food,Бремен,Север,Сыры,Филадельфия ,"0,89",54,"48,06"
,12/12/2021,Gold Food,Бремен,Север,Сыры,Гауда,"1,59",219,"348,21"
,12/12/2021,Organica,Бремен,Север,Сухофрукты,Изюм,"0,99",57,"56,43"
,12/12/2021,Sweetables,Дрезден,Восток,Крупы,Рис,"0,96",157,"150,72"
,12/12/2021,foodbite,Гамбург,Север,Консервы,Говядина тушеная,"1,19",160,"190,4"
,12/12/2021,foodbite,Гамбург,Север,Сухофрукты,Изюм,"0,99",577,"571,23"
,12/12/2021,foodbite,Гамбург,Север,Напитки,Черный чай,"0,99",305,"301,95"
,12/13/2021,Gold Food,Бремен,Север,Консервы,Говядина тушеная,"1,19",45,"53,55"
,12/13/2021,Organica,Бремен,Север,Масла,Оливковое масло,"1,7",48,"81,6"
,12/13/2021,Organica,Бремен,Север,Специи,Кориандр,"0,65",15,"9,75"
,12/13/2021,Go Bio,Бремен,Север,Специи,Кориандр,"0,65",16,"10,4"
,12/13/2021,Cooking Corner,Берлин,Восток,Масла,Сливочное масло,"1,5",2294,3441
,12/13/2021,Organica,Мюнхен,Юг,Специи,Черный перец,"0,59",477,"281,43"
,12/13/2021,Cooking Corner,Бремен,Север,Напитки,Черный чай,"0,99",165,"163,35"
,12/13/2021,Cooking Corner,Бремен,Север,Специи,Черный перец,"0,59",329,"194,11"
,12/14/2021,mymeal,Дрезден,Восток,Крупы,Рис,"0,96",135,"129,6"
,12/14/2021,mymeal,Дрезден,Восток,Сыры,Моцарелла,"0,59",112,"66,08"
,12/14/2021,Cooking Corner,Мюнхен,Юг,Сладости,Зефир,"0,65",199,"129,35"
,12/14/2021,Organica,Мюнхен,Юг,Консервы,Говядина тушеная,"1,19",61,"72,59"
,12/14/2021,Organica,Мюнхен,Юг,Сладости,Мармелад,"0,6",174,"104,4"
,12/14/2021,mymeal,Штутгарт,Юг,Сухофрукты,Курага,"1,19",145,"172,55"
,12/14/2021,Cooking Corner,Бремен,Север,Напитки,Зеленый чай,"0,95",270,"256,5"
,12/15/2021,Cooking Corner,Мюнхен,Юг,Напитки,Кофе,"5,5",180,990
,12/15/2021,NutriFix,Кёльн,Запад,Напитки,Кофе,"5,5",145,"797,5"
,12/15/2021,NutriFix,Кёльн,Запад,Сладости,Зефир,"0,65",46,"29,9"
,12/15/2021,mymeal,Штутгарт,Юг,Специи,Базилик,"0,7",67,"46,9"
,12/15/2021,Gold Food,Штутгарт,Юг,Сладости,Мармелад,"0,6",209,"125,4"
,12/15/2021,mymeal,Бремен,Север,Сухофрукты,Сушеные яблоки,"1,09",64,"69,76"
,12/16/2021,foodbite,Франкфурт,Запад,Специи,Кориандр,"0,65",39,"25,35"
,12/16/2021,mymeal,Штутгарт,Юг,Специи,Кориандр,"0,65",58,"37,7"
,12/17/2021,foodbite,Франкфурт,Запад,Специи,Кориандр,"0,65",28,"18,2"
,12/17/2021,Organica,Франкфурт,Запад,Сухофрукты,Сушеные яблоки,"1,09",29,"31,61"
,12/18/2021,Organica,Кёльн,Запад,Сыры,Гауда,"1,59",241,"383,19"
,12/18/2021,Organica,Кёльн,Запад,Сыры,Филадельфия ,"0,89",128,"113,92"
,12/18/2021,Go Bio,Штутгарт,Юг,Масла,Оливковое масло,"1,7",78,"132,6"
,12/18/2021,Sweetables,Бремен,Север,Сухофрукты,Сушеные яблоки,"1,09",58,"63,22"
,12/18/2021,Organica,Бремен,Север,Напитки,Зеленый чай,"0,95",129,"122,55"
,12/18/2021,Organica,Кёльн,Запад,Крупы,Гречка,"1,4",155,217
,12/19/2021,Organica,Кёльн,Запад,Сыры,Моцарелла,"0,59",206,"121,54"
,12/19/2021,Sweetables,Бремен,Север,Специи,Кориандр,"0,65",25,"16,25"
,12/19/2021,NutriFix,Франкфурт,Запад,Сыры,Филадельфия ,"0,89",77,"68,53"
,12/20/2021,Sweetables,Бремен,Север,Крупы,Гречка,"1,4",106,"148,4"
,12/20/2021,Go Bio,Бремен,Север,Консервы,Шпроты,"1,15",20,23
,12/20/2021,Gold Food,Мюнхен,Юг,Сладости,Шоколад,"0,55",531,"292,05"
,12/20/2021,NutriFix,Кёльн,Запад,Крупы,Рис,"0,96",300,288
,12/21/2021,Cooking Corner,Дрезден,Восток,Сладости,Шоколад,"0,55",209,"114,95"
,12/21/2021,NutriFix,Кёльн,Запад,Специи,Базилик,"0,7",65,"45,5"
,12/21/2021,Gold Food,Франкфурт,Запад,Сладости,Мармелад,"0,6",45,27
,12/22/2021,Go Bio,Дрезден,Восток,Масла,Подсолнечное масло,"1,19",110,"130,9"
,12/22/2021,Go Bio,Мюнхен,Юг,Сухофрукты,Сушеные яблоки,"1,09",126,"137,34"
,12/22/2021,Go Bio,Мюнхен,Юг,Консервы,Говядина тушеная,"1,19",52,"61,88"
,12/22/2021,Gold Food,Франкфурт,Запад,Сухофрукты,Сушеные яблоки,"1,09",57,"62,13"
,12/22/2021,Go Bio,Франкфурт,Запад,Сыры,Моцарелла,"0,59",122,"71,98"
,12/22/2021,Go Bio,Франкфурт,Запад,Сладости,Зефир,"0,65",19,"12,35"
,12/23/2021,Go Bio,Дрезден,Восток,Масла,Оливковое масло,"1,7",26,"44,2"
,12/23/2021,Gold Food,Кёльн,Запад,Напитки,Черный чай,"0,99",249,"246,51"
,12/23/2021,Go Bio,Франкфурт,Запад,Специи,Кориандр,"0,65",19,"12,35"
,12/24/2021,Go Bio,Дрезден,Восток,Консервы,Килька в томате,"0,89",49,"43,61"
,12/24/2021,Gold Food,Кёльн,Запад,Напитки,Зеленый чай,"0,95",222,"210,9"
,12/24/2021,foodbite,Штутгарт,Юг,Специи,Базилик,"0,7",104,"72,8"
,12/25/2021,mymeal,Дрезден,Восток,Крупы,Перловка,"1,2",80,96
,12/25/2021,Organica,Гамбург,Север,Специи,Черный перец,"0,59",190,"112,1"
,12/25/2021,foodbite,Мюнхен,Юг,Сыры,Гауда,"1,59",1328,"2111,52"
,12/25/2021,Gold Food,Кёльн,Запад,Сладости,Шоколад,"0,55",496,"272,8"
,12/25/2021,Cooking Corner,Штутгарт,Юг,Сухофрукты,Сушеные яблоки,"1,09",223,"243,07"
,12/25/2021,foodbite,Штутгарт,Юг,Сыры,Филадельфия ,"0,89",328,"291,92"
,12/25/2021,Organica,Штутгарт,Юг,Консервы,Шпроты,"1,15",84,"96,6"
,12/25/2021,Organica,Штутгарт,Юг,Консервы,Шпроты,"1,15",119,"136,85"
,12/25/2021,NutriFix,Дрезден,Восток,Сыры,Моцарелла,"0,59",97,"57,23"
,12/26/2021,mymeal,Дрезден,Восток,Напитки,Зеленый чай,"0,95",97,"92,15"
,12/26/2021,NutriFix,Дрезден,Восток,Сладости,Шоколад,"0,55",151,"83,05"
,12/26/2021,Gold Food,Берлин,Восток,Специи,Базилик,"0,7",142,"99,4"
,12/26/2021,foodbite,Мюнхен,Юг,Сыры,Гауда,"1,59",1192,"1895,28"
,12/26/2021,Cooking Corner,Штутгарт,Юг,Сладости,Шоколад,"0,55",1436,"789,8"
,12/26/2021,Sweetables,Дрезден,Восток,Масла,Сливочное масло,"1,5",94,141
,12/26/2021,Sweetables,Дрезден,Восток,Напитки,Зеленый чай,"0,95",39,"37,05"
,12/27/2021,Sweetables,Берлин,Восток,Напитки,Кофе,"5,5",160,880
,12/27/2021,Gold Food,Берлин,Восток,Специи,Черный перец,"0,59",1083,"638,97"
,12/27/2021,Gold Food,Берлин,Восток,Крупы,Перловка,"1,2",805,966
,12/27/2021,Cooking Corner,Штутгарт,Юг,Консервы,Килька в томате,"0,89",223,"198,47"
,12/27/2021,Cooking Corner,Дрезден,Восток,Сыры,Моцарелла,"0,59",219,"129,21"
,12/27/2021,mymeal,Дрезден,Восток,Напитки,Зеленый чай,"0,95",87,"82,65"
,12/28/2021,foodbite,Берлин,Восток,Напитки,Зеленый чай,"0,95",829,"787,55"
,12/28/2021,mymeal,Берлин,Восток,Сладости,Зефир,"0,65",151,"98,15"
,12/28/2021,Sweetables,Берлин,Восток,Сыры,Филадельфия ,"0,89",286,"254,54"
,12/28/2021,Cooking Corner,Дрезден,Восток,Консервы,Шпроты,"1,15",93,"106,95"
,12/28/2021,mymeal,Дрезден,Восток,Сладости,Шоколад,"0,55",167,"91,85"
,12/28/2021,Cooking Corner,Берлин,Восток,Сладости,Мармелад,"0,6",551,"330,6"
,12/29/2021,Sweetables,Берлин,Восток,Специи,Черный перец,"0,59",929,"548,11"
,12/29/2021,foodbite,Гамбург,Север,Напитки,Черный чай,"0,99",516,"510,84"
,12/29/2021,Cooking Corner,Берлин,Восток,Сыры,Филадельфия ,"0,89",795,"707,55"
,12/29/2021,foodbite,Гамбург,Север,Сладости,Мармелад,"0,6",441,"264,6"
,12/30/2021,Organica,Берлин,Восток,Напитки,Черный чай,"0,99",651,"644,49"
,12/30/2021,foodbite,Гамбург,Север,Консервы,Говядина тушеная,"1,19",191,"227,29"
,12/30/2021,NutriFix,Берлин,Восток,Напитки,Кофе,"5,5",196,1078
,12/30/2021,foodbite,Гамбург,Север,Консервы,Килька в томате,"0,89",476,"423,64"
,12/31/2021,Organica,Берлин,Восток,Крупы,Перловка,"1,2",410,492
,12/31/2021,foodbite,Гамбург,Север,Крупы,Перловка,"1,2",821,"985,2"
,12/31/2021,NutriFix,Берлин,Восток,Масла,Подсолнечное масло,"1,19",886,"1054,34"
,12/31/2021,NutriFix,Берлин,Восток,Сухофрукты,Сушеные яблоки,"1,09",261,"284,49"
,1/1/2022,foodbite,Мюнхен,Юг,Крупы,Рис,"0,96",475,456
,1/1/2022,mymeal,Кёльн,Запад,Масла,Подсолнечное масло,"1,19",473,"562,87"
,1/1/2022,Sweetables,Мюнхен,Юг,Сыры,Гауда,"1,59",368,"585,12"
,1/1/2022,Cooking Corner,Берлин,Восток,Сухофрукты,Сушеные яблоки,"1,09",347,"378,23"
,1/1/2022,mymeal,Гамбург,Север,Консервы,Килька в томате,"0,89",340,"302,6"
,1/1/2022,Organica,Гамбург,Север,Специи,Черный перец,"0,59",334,"197,06"
,1/1/2022,mymeal,Берлин,Восток,Сухофрукты,Сушеные яблоки,"1,09",330,"359,7"
,1/1/2022,foodbite,Мюнхен,Юг,Сыры,Гауда,"1,59",308,"489,72"
,1/1/2022,NutriFix,Берлин,Восток,Сухофрукты,Изюм,"0,99",255,"252,45"
,1/1/2022,foodbite,Кёльн,Запад,Масла,Подсолнечное масло,"1,19",214,"254,66"
,1/1/2022,mymeal,Мюнхен,Юг,Специи,Базилик,"0,7",155,"108,5"
,1/1/2022,NutriFix,Гамбург,Север,Сладости,Мармелад,"0,6",144,"86,4"
,1/1/2022,Sweetables,Кёльн,Запад,Сыры,Филадельфия ,"0,89",122,"108,58"
,1/1/2022,NutriFix,Гамбург,Север,Сухофрукты,Курага,"1,19",115,"136,85"
,1/1/2022,Go Bio,Гамбург,Север,Консервы,Килька в томате,"0,89",107,"95,23"
,1/1/2022,NutriFix,Кёльн,Запад,Сухофрукты,Изюм,"0,99",104,"102,96"
,1/1/2022,Gold Food,Кёльн,Запад,Сладости,Мармелад,"0,6",102,"61,2"
,1/1/2022,NutriFix,Франкфурт,Запад,Крупы,Гречка,"1,4",122,"170,8"
,1/1/2022,Organica,Гамбург,Север,Напитки,Зеленый чай,"0,95",93,"88,35"
,1/1/2022,Cooking Corner,Франкфурт,Запад,Масла,Оливковое масло,"1,7",112,"190,4"
,1/1/2022,Cooking Corner,Дрезден,Восток,Сухофрукты,Изюм,"0,99",96,"95,04"
,1/1/2022,Organica,Гамбург,Север,Консервы,Говядина тушеная,"1,19",72,"85,68"
,1/1/2022,foodbite,Бремен,Север,Напитки,Кофе,"5,5",65,"357,5"
,1/1/2022,NutriFix,Франкфурт,Запад,Сыры,Филадельфия ,"0,89",81,"72,09"
,1/1/2022,Organica,Бремен,Север,Сухофрукты,Изюм,"0,99",52,"51,48"
,1/1/2022,NutriFix,Дрезден,Восток,Сыры,Филадельфия ,"0,89",60,"53,4"
,1/1/2022,Sweetables,Дрезден,Восток,Сухофрукты,Курага,"1,19",53,"63,07"
,1/1/2022,Sweetables,Дрезден,Восток,Консервы,Говядина тушеная,"1,19",39,"46,41"
,1/1/2022,Organica,Бремен,Север,Сладости,Мармелад,"0,6",29,"17,4"
,1/1/2022,Organica,Бремен,Север,Консервы,Шпроты,"1,15",25,"28,75"
,1/1/2022,Go Bio,Бремен,Север,Специи,Базилик,"0,7",25,"17,5"
,1/1/2022,Gold Food,Дрезден,Восток,Специи,Кориандр,"0,65",18,"11,7"
,1/2/2022,Organica,Берлин,Восток,Сыры,Моцарелла,"0,59",318,"187,62"
,1/2/2022,mymeal,Кёльн,Запад,Сыры,Моцарелла,"0,59",311,"183,49"
,1/2/2022,Organica,Кёльн,Запад,Крупы,Рис,"0,96",296,"284,16"
,1/2/2022,foodbite,Берлин,Восток,Сухофрукты,Изюм,"0,99",292,"289,08"
,1/2/2022,mymeal,Берлин,Восток,Специи,Базилик,"0,7",174,"121,8"
,1/2/2022,NutriFix,Франкфурт,Запад,Крупы,Рис,"0,96",198,"190,08"
,1/2/2022,Cooking Corner,Берлин,Восток,Специи,Кориандр,"0,65",150,"97,5"
,1/2/2022,foodbite,Кёльн,Запад,Крупы,Гречка,"1,4",148,"207,2"
,1/2/2022,foodbite,Бремен,Север,Сладости,Шоколад,"0,55",147,"80,85"
,1/2/2022,NutriFix,Дрезден,Восток,Сладости,Шоколад,"0,55",191,"105,05"
,1/2/2022,NutriFix,Гамбург,Север,Сыры,Филадельфия ,"0,89",147,"130,83"
,1/2/2022,NutriFix,Гамбург,Север,Напитки,Кофе,"5,5",124,682
,1/2/2022,foodbite,Кёльн,Запад,Сыры,Филадельфия ,"0,89",119,"105,91"
,1/2/2022,NutriFix,Дрезден,Восток,Сладости,Шоколад,"0,55",142,"78,1"
,1/2/2022,Gold Food,Дрезден,Восток,Специи,Черный перец,"0,59",130,"76,7"
,1/2/2022,Organica,Кёльн,Запад,Крупы,Гречка,"1,4",97,"135,8"
,1/2/2022,foodbite,Кёльн,Запад,Сухофрукты,Изюм,"0,99",92,"91,08"
,1/2/2022,Cooking Corner,Бремен,Север,Сыры,Филадельфия ,"0,89",87,"77,43"
,1/2/2022,mymeal,Штутгарт,Юг,Масла,Оливковое масло,"1,7",116,"197,2"
,1/2/2022,foodbite,Бремен,Север,Сладости,Мармелад,"0,6",69,"41,4"
,1/2/2022,NutriFix,Франкфурт,Запад,Консервы,Килька в томате,"0,89",86,"76,54"
,1/2/2022,Gold Food,Кёльн,Запад,Сладости,Зефир,"0,65",57,"37,05"
,1/2/2022,Cooking Corner,Гамбург,Север,Специи,Кориандр,"0,65",53,"34,45"
,1/2/2022,Cooking Corner,Бремен,Север,Консервы,Говядина тушеная,"1,19",49,"58,31"
,1/2/2022,Sweetables,Мюнхен,Юг,Специи,Кориандр,"0,65",41,"26,65"
,1/2/2022,Gold Food,Дрезден,Восток,Сладости,Зефир,"0,65",38,"24,7"
,1/2/2022,foodbite,Франкфурт,Запад,Специи,Базилик,"0,7",33,"23,1"
,1/2/2022,Go Bio,Бремен,Север,Специи,Кориандр,"0,65",7,"4,55"
,1/3/2022,foodbite,Кёльн,Запад,Сладости,Шоколад,"0,55",334,"183,7"
,1/3/2022,Organica,Кёльн,Запад,Сладости,Шоколад,"0,55",321,"176,55"
,1/3/2022,Sweetables,Мюнхен,Юг,Сыры,Моцарелла,"0,59",321,"189,39"
,1/3/2022,NutriFix,Гамбург,Север,Масла,Сливочное масло,"1,5",300,450
,1/3/2022,Cooking Corner,Бремен,Север,Напитки,Зеленый чай,"0,95",285,"270,75"
,1/3/2022,foodbite,Берлин,Восток,Консервы,Килька в томате,"0,89",269,"239,41"
,1/3/2022,Go Bio,Берлин,Восток,Масла,Оливковое масло,"1,7",198,"336,6"
,1/3/2022,Gold Food,Кёльн,Запад,Крупы,Рис,"0,96",188,"180,48"
,1/3/2022,NutriFix,Мюнхен,Юг,Крупы,Гречка,"1,4",184,"257,6"
,1/3/2022,NutriFix,Кёльн,Запад,Сыры,Моцарелла,"0,59",182,"107,38"
,1/3/2022,Cooking Corner,Мюнхен,Юг,Напитки,Зеленый чай,"0,95",175,"166,25"
,1/3/2022,foodbite,Франкфурт,Запад,Сыры,Гауда,"1,59",199,"316,41"
,1/3/2022,mymeal,Гамбург,Север,Сладости,Зефир,"0,65",138,"89,7"
,1/3/2022,foodbite,Дрезден,Восток,Сыры,Моцарелла,"0,59",166,"97,94"
,1/3/2022,Organica,Кёльн,Запад,Крупы,Гречка,"1,4",124,"173,6"
,1/3/2022,Cooking Corner,Берлин,Восток,Консервы,Говядина тушеная,"1,19",120,"142,8"
,1/3/2022,Go Bio,Берлин,Восток,Консервы,Шпроты,"1,15",114,"131,1"
,1/3/2022,Gold Food,Кёльн,Запад,Сыры,Филадельфия ,"0,89",105,"93,45"
,1/3/2022,Sweetables,Мюнхен,Юг,Сладости,Мармелад,"0,6",102,"61,2"
,1/3/2022,foodbite,Гамбург,Север,Сладости,Зефир,"0,65",98,"63,7"
,1/3/2022,Gold Food,Кёльн,Запад,Напитки,Зеленый чай,"0,95",76,"72,2"
,1/3/2022,Cooking Corner,Кёльн,Запад,Напитки,Кофе,"5,5",76,418
,1/3/2022,Go Bio,Кёльн,Запад,Сухофрукты,Курага,"1,19",73,"86,87"
,1/3/2022,Go Bio,Кёльн,Запад,Масла,Оливковое масло,"1,7",65,"110,5"
,1/3/2022,foodbite,Франкфурт,Запад,Сладости,Мармелад,"0,6",82,"49,2"
,1/3/2022,Sweetables,Бремен,Север,Напитки,Кофе,"5,5",60,330
,1/3/2022,NutriFix,Кёльн,Запад,Напитки,Кофе,"5,5",60,330
,1/3/2022,Gold Food,Мюнхен,Юг,Специи,Кориандр,"0,65",40,26
,1/3/2022,Go Bio,Берлин,Восток,Специи,Кориандр,"0,65",37,"24,05"
,1/3/2022,NutriFix,Кёльн,Запад,Специи,Кориандр,"0,65",27,"17,55"
,1/4/2022,Cooking Corner,Берлин,Восток,Напитки,Черный чай,"0,99",418,"413,82"
,1/4/2022,foodbite,Берлин,Восток,Напитки,Кофе,"5,5",377,"2073,5"
,1/4/2022,foodbite,Кёльн,Запад,Сыры,Гауда,"1,59",362,"575,58"
,1/4/2022,NutriFix,Гамбург,Север,Специи,Черный перец,"0,59",303,"178,77"
,1/4/2022,NutriFix,Кёльн,Запад,Масла,Подсолнечное масло,"1,19",291,"346,29"
,1/4/2022,mymeal,Берлин,Восток,Специи,Базилик,"0,7",224,"156,8"
,1/4/2022,NutriFix,Гамбург,Север,Крупы,Перловка,"1,2",215,258
,1/4/2022,Go Bio,Кёльн,Запад,Масла,Подсолнечное масло,"1,19",208,"247,52"
,1/4/2022,Go Bio,Берлин,Восток,Сыры,Филадельфия ,"0,89",202,"179,78"
,1/4/2022,Sweetables,Берлин,Восток,Напитки,Кофе,"5,5",180,990
,1/4/2022,Cooking Corner,Кёльн,Запад,Крупы,Гречка,"1,4",180,252
,1/4/2022,Cooking Corner,Гамбург,Север,Сладости,Зефир,"0,65",180,117
,1/4/2022,Gold Food,Кёльн,Запад,Напитки,Черный чай,"0,99",165,"163,35"
,1/4/2022,Go Bio,Берлин,Восток,Консервы,Килька в томате,"0,89",152,"135,28"
,1/4/2022,foodbite,Мюнхен,Юг,Сладости,Мармелад,"0,6",134,"80,4"
,1/4/2022,foodbite,Мюнхен,Юг,Сухофрукты,Курага,"1,19",127,"151,13"
,1/4/2022,Cooking Corner,Гамбург,Север,Специи,Базилик,"0,7",126,"88,2"
,1/4/2022,Sweetables,Берлин,Восток,Консервы,Шпроты,"1,15",106,"121,9"
,1/4/2022,Organica,Берлин,Восток,Консервы,Говядина тушеная,"1,19",104,"123,76"
,1/4/2022,Cooking Corner,Франкфурт,Запад,Сухофрукты,Сушеные яблоки,"1,09",130,"141,7"
,1/4/2022,foodbite,Франкфурт,Запад,Консервы,Килька в томате,"0,89",120,"106,8"
,1/4/2022,NutriFix,Мюнхен,Юг,Консервы,Говядина тушеная,"1,19",80,"95,2"
,1/4/2022,NutriFix,Кёльн,Запад,Сухофрукты,Изюм,"0,99",74,"73,26"
,1/4/2022,Organica,Кёльн,Запад,Сухофрукты,Сушеные яблоки,"1,09",71,"77,39"
,1/4/2022,Go Bio,Кёльн,Запад,Сухофрукты,Сушеные яблоки,"1,09",70,"76,3"
,1/4/2022,NutriFix,Штутгарт,Юг,Консервы,Килька в томате,"0,89",102,"90,78"
,1/4/2022,NutriFix,Кёльн,Запад,Масла,Оливковое масло,"1,7",61,"103,7"
,1/4/2022,Gold Food,Мюнхен,Юг,Консервы,Шпроты,"1,15",54,"62,1"
,1/4/2022,Gold Food,Бремен,Север,Специи,Черный перец,"0,59",38,"22,42"
,1/5/2022,NutriFix,Кёльн,Запад,Масла,Подсолнечное масло,"1,19",297,"353,43"
,1/5/2022,mymeal,Гамбург,Север,Сыры,Филадельфия ,"0,89",270,"240,3"
,1/5/2022,Cooking Corner,Франкфурт,Запад,Сыры,Моцарелла,"0,59",332,"195,88"
,1/5/2022,mymeal,Дрезден,Восток,Масла,Подсолнечное масло,"1,19",308,"366,52"
,1/5/2022,NutriFix,Штутгарт,Юг,Крупы,Рис,"0,96",279,"267,84"
,1/5/2022,Cooking Corner,Кёльн,Запад,Сухофрукты,Сушеные яблоки,"1,09",166,"180,94"
,1/5/2022,Cooking Corner,Кёльн,Запад,Сухофрукты,Курага,"1,19",159,"189,21"
,1/5/2022,Gold Food,Мюнхен,Юг,Сухофрукты,Изюм,"0,99",159,"157,41"
,1/5/2022,Sweetables,Берлин,Восток,Консервы,Говядина тушеная,"1,19",150,"178,5"
,1/5/2022,mymeal,Мюнхен,Юг,Сладости,Зефир,"0,65",135,"87,75"
,1/5/2022,foodbite,Мюнхен,Юг,Напитки,Кофе,"5,5",121,"665,5"
,1/5/2022,NutriFix,Кёльн,Запад,Консервы,Килька в томате,"0,89",107,"95,23"
,1/5/2022,foodbite,Штутгарт,Юг,Крупы,Гречка,"1,4",134,"187,6"
,1/5/2022,Sweetables,Кёльн,Запад,Масла,Оливковое масло,"1,7",87,"147,9"
,1/5/2022,Gold Food,Штутгарт,Юг,Специи,Черный перец,"0,59",99,"58,41"
,1/5/2022,mymeal,Дрезден,Восток,Сухофрукты,Изюм,"0,99",86,"85,14"
,1/5/2022,Organica,Кёльн,Запад,Сыры,Филадельфия ,"0,89",61,"54,29"
,1/5/2022,Go Bio,Кёльн,Запад,Сыры,Филадельфия ,"0,89",60,"53,4"
,1/5/2022,Cooking Corner,Дрезден,Восток,Сухофрукты,Курага,"1,19",66,"78,54"
,1/5/2022,Go Bio,Кёльн,Запад,Напитки,Кофе,"5,5",38,209
,1/5/2022,NutriFix,Штутгарт,Юг,Специи,Базилик,"0,7",51,"35,7"
,1/5/2022,Gold Food,Бремен,Север,Консервы,Шпроты,"1,15",25,"28,75"
,1/5/2022,Gold Food,Бремен,Север,Специи,Базилик,"0,7",20,14
,1/6/2022,NutriFix,Кёльн,Запад,Сыры,Гауда,"1,59",258,"410,22"
,1/6/2022,mymeal,Франкфурт,Запад,Крупы,Перловка,"1,2",316,"379,2"
,1/6/2022,Cooking Corner,Гамбург,Север,Сухофрукты,Курага,"1,19",199,"236,81"
,1/6/2022,Gold Food,Мюнхен,Юг,Сыры,Моцарелла,"0,59",190,"112,1"
,1/6/2022,Gold Food,Мюнхен,Юг,Консервы,Килька в томате,"0,89",154,"137,06"
,1/6/2022,foodbite,Штутгарт,Юг,Сыры,Моцарелла,"0,59",228,"134,52"
,1/6/2022,NutriFix,Франкфурт,Запад,Напитки,Зеленый чай,"0,95",151,"143,45"
,1/6/2022,Organica,Кёльн,Запад,Крупы,Гречка,"1,4",114,"159,6"
,1/6/2022,Go Bio,Франкфурт,Запад,Масла,Подсолнечное масло,"1,19",144,"171,36"
,1/6/2022,Cooking Corner,Кёльн,Запад,Сухофрукты,Сушеные яблоки,"1,09",107,"116,63"
,1/6/2022,mymeal,Франкфурт,Запад,Сладости,Мармелад,"0,6",118,"70,8"
,1/6/2022,Organica,Гамбург,Север,Консервы,Шпроты,"1,15",88,"101,2"
,1/6/2022,Gold Food,Штутгарт,Юг,Крупы,Гречка,"1,4",129,"180,6"
,1/6/2022,Go Bio,Мюнхен,Юг,Сыры,Филадельфия ,"0,89",77,"68,53"
,1/6/2022,Sweetables,Бремен,Север,Напитки,Кофе,"5,5",64,352
,1/6/2022,Sweetables,Франкфурт,Запад,Масла,Оливковое масло,"1,7",81,"137,7"
,1/6/2022,Go Bio,Мюнхен,Юг,Специи,Базилик,"0,7",59,"41,3"
,1/6/2022,foodbite,Франкфурт,Запад,Масла,Оливковое масло,"1,7",69,"117,3"
,1/6/2022,NutriFix,Штутгарт,Юг,Напитки,Черный чай,"0,99",80,"79,2"
,1/6/2022,Sweetables,Франкфурт,Запад,Масла,Оливковое масло,"1,7",66,"112,2"
,1/6/2022,foodbite,Дрезден,Восток,Сухофрукты,Курага,"1,19",61,"72,59"
,1/6/2022,Go Bio,Кёльн,Запад,Консервы,Говядина тушеная,"1,19",44,"52,36"
,1/6/2022,Go Bio,Дрезден,Восток,Сыры,Филадельфия ,"0,89",53,"47,17"
,1/6/2022,foodbite,Франкфурт,Запад,Специи,Базилик,"0,7",51,"35,7"
,1/6/2022,Sweetables,Бремен,Север,Напитки,Кофе,"5,5",37,"203,5"
,1/6/2022,Gold Food,Мюнхен,Юг,Специи,Кориандр,"0,65",32,"20,8"
,1/6/2022,Sweetables,Кёльн,Запад,Консервы,Говядина тушеная,"1,19",31,"36,89"
,1/6/2022,Go Bio,Штутгарт,Юг,Сладости,Зефир,"0,65",42,"27,3"
,1/6/2022,Go Bio,Дрезден,Восток,Консервы,Килька в томате,"0,89",35,"31,15"
,1/6/2022,Sweetables,Франкфурт,Запад,Консервы,Говядина тушеная,"1,19",20,"23,8"
,1/6/2022,Gold Food,Бремен,Север,Специи,Кориандр,"0,65",13,"8,45"
,1/6/2022,Go Bio,Штутгарт,Юг,Специи,Кориандр,"0,65",15,"9,75"
,1/7/2022,Sweetables,Гамбург,Север,Напитки,Черный чай,"0,99",462,"457,38"
,1/7/2022,mymeal,Гамбург,Север,Сыры,Филадельфия ,"0,89",378,"336,42"
,1/7/2022,Go Bio,Мюнхен,Юг,Масла,Подсолнечное масло,"1,19",299,"355,81"
,1/7/2022,NutriFix,Кёльн,Запад,Масла,Подсолнечное масло,"1,19",246,"292,74"
,1/7/2022,foodbite,Франкфурт,Запад,Специи,Черный перец,"0,59",317,"187,03"
,1/7/2022,Sweetables,Франкфурт,Запад,Масла,Сливочное масло,"1,5",251,"376,5"
,1/7/2022,foodbite,Дрезден,Восток,Специи,Черный перец,"0,59",229,"135,11"
,1/7/2022,NutriFix,Штутгарт,Юг,Напитки,Черный чай,"0,99",246,"243,54"
,1/7/2022,NutriFix,Бремен,Север,Сыры,Гауда,"1,59",157,"249,63"
,1/7/2022,Sweetables,Штутгарт,Юг,Масла,Сливочное масло,"1,5",219,"328,5"
,1/7/2022,Sweetables,Бремен,Север,Сладости,Шоколад,"0,55",144,"79,2"
,1/7/2022,Gold Food,Штутгарт,Юг,Сыры,Моцарелла,"0,59",201,"118,59"
,1/7/2022,Cooking Corner,Бремен,Север,Крупы,Перловка,"1,2",133,"159,6"
,1/7/2022,Gold Food,Мюнхен,Юг,Напитки,Кофе,"5,5",125,"687,5"
,1/7/2022,foodbite,Штутгарт,Юг,Масла,Сливочное масло,"1,5",182,273
,1/7/2022,Go Bio,Берлин,Восток,Специи,Базилик,"0,7",117,"81,9"
,1/7/2022,Cooking Corner,Франкфурт,Запад,Сухофрукты,Курага,"1,19",140,"166,6"
,1/7/2022,Sweetables,Франкфурт,Запад,Крупы,Гречка,"1,4",129,"180,6"
,1/7/2022,NutriFix,Бремен,Север,Крупы,Рис,"0,96",94,"90,24"
,1/7/2022,Cooking Corner,Бремен,Север,Сухофрукты,Сушеные яблоки,"1,09",93,"101,37"
,1/7/2022,Sweetables,Бремен,Север,Напитки,Зеленый чай,"0,95",88,"83,6"
,1/7/2022,foodbite,Штутгарт,Юг,Сухофрукты,Изюм,"0,99",113,"111,87"
,1/7/2022,Cooking Corner,Дрезден,Восток,Сладости,Мармелад,"0,6",92,"55,2"
,1/7/2022,foodbite,Дрезден,Восток,Крупы,Гречка,"1,4",88,"123,2"
,1/7/2022,foodbite,Штутгарт,Юг,Сухофрукты,Курага,"1,19",90,"107,1"
,1/7/2022,foodbite,Дрезден,Восток,Консервы,Килька в томате,"0,89",74,"65,86"
,1/7/2022,mymeal,Дрезден,Восток,Масла,Оливковое масло,"1,7",69,"117,3"
,1/7/2022,mymeal,Бремен,Север,Консервы,Шпроты,"1,15",51,"58,65"
,1/7/2022,foodbite,Дрезден,Восток,Сухофрукты,Сушеные яблоки,"1,09",66,"71,94"
,1/7/2022,Cooking Corner,Франкфурт,Запад,Специи,Базилик,"0,7",65,"45,5"
,1/7/2022,Cooking Corner,Бремен,Север,Сладости,Зефир,"0,65",46,"29,9"
,1/7/2022,Organica,Бремен,Север,Сыры,Филадельфия ,"0,89",43,"38,27"
,1/7/2022,Sweetables,Бремен,Север,Сухофрукты,Курага,"1,19",42,"49,98"
,1/7/2022,NutriFix,Кёльн,Запад,Сладости,Зефир,"0,65",42,"27,3"
,1/7/2022,NutriFix,Бремен,Север,Консервы,Килька в томате,"0,89",40,"35,6"
,1/7/2022,foodbite,Франкфурт,Запад,Консервы,Шпроты,"1,15",44,"50,6"
,1/7/2022,Gold Food,Дрезден,Восток,Консервы,Килька в томате,"0,89",42,"37,38"
,1/7/2022,Organica,Дрезден,Восток,Сухофрукты,Изюм,"0,99",39,"38,61"
,1/7/2022,Go Bio,Франкфурт,Запад,Сладости,Зефир,"0,65",35,"22,75"
,1/7/2022,NutriFix,Штутгарт,Юг,Сладости,Зефир,"0,65",35,"22,75"
,1/7/2022,NutriFix,Бремен,Север,Специи,Базилик,"0,7",18,"12,6"
,1/7/2022,Sweetables,Бремен,Север,Специи,Кориандр,"0,65",10,"6,5"
,1/8/2022,mymeal,Гамбург,Север,Сыры,Моцарелла,"0,59",618,"364,62"
,1/8/2022,Cooking Corner,Бремен,Север,Сладости,Шоколад,"0,55",427,"234,85"
,1/8/2022,Sweetables,Гамбург,Север,Масла,Подсолнечное масло,"1,19",308,"366,52"
,1/8/2022,Go Bio,Берлин,Восток,Крупы,Гречка,"1,4",253,"354,2"
,1/8/2022,Sweetables,Бремен,Север,Сладости,Шоколад,"0,55",243,"133,65"
,1/8/2022,Sweetables,Франкфурт,Запад,Крупы,Перловка,"1,2",242,"290,4"
,1/8/2022,Organica,Мюнхен,Юг,Крупы,Перловка,"1,2",173,"207,6"
,1/8/2022,foodbite,Берлин,Восток,Консервы,Говядина тушеная,"1,19",155,"184,45"
,1/8/2022,mymeal,Кёльн,Запад,Консервы,Килька в томате,"0,89",151,"134,39"
,1/8/2022,foodbite,Гамбург,Север,Сухофрукты,Изюм,"0,99",149,"147,51"
,1/8/2022,NutriFix,Бремен,Север,Сладости,Шоколад,"0,55",148,"81,4"
,1/8/2022,mymeal,Дрезден,Восток,Крупы,Перловка,"1,2",170,204
,1/8/2022,Go Bio,Берлин,Восток,Напитки,Кофе,"5,5",118,649
,1/8/2022,Organica,Мюнхен,Юг,Сухофрукты,Курага,"1,19",105,"124,95"
,1/8/2022,foodbite,Франкфурт,Запад,Сыры,Филадельфия ,"0,89",121,"107,69"
,1/8/2022,mymeal,Дрезден,Восток,Сухофрукты,Сушеные яблоки,"1,09",113,"123,17"
,1/8/2022,foodbite,Дрезден,Восток,Крупы,Гречка,"1,4",111,"155,4"
,1/8/2022,Cooking Corner,Франкфурт,Запад,Сухофрукты,Сушеные яблоки,"1,09",107,"116,63"
,1/8/2022,Organica,Франкфурт,Запад,Крупы,Перловка,"1,2",99,"118,8"
,1/8/2022,Cooking Corner,Дрезден,Восток,Консервы,Шпроты,"1,15",94,"108,1"
,1/8/2022,Sweetables,Бремен,Север,Сухофрукты,Изюм,"0,99",70,"69,3"
,1/8/2022,Sweetables,Бремен,Север,Крупы,Гречка,"1,4",68,"95,2"
,1/8/2022,Organica,Мюнхен,Юг,Сладости,Зефир,"0,65",62,"40,3"
,1/8/2022,mymeal,Кёльн,Запад,Консервы,Говядина тушеная,"1,19",61,"72,59"
,1/8/2022,Go Bio,Бремен,Север,Сыры,Моцарелла,"0,59",61,"35,99"
,1/8/2022,Sweetables,Гамбург,Север,Специи,Кориандр,"0,65",59,"38,35"
,1/8/2022,mymeal,Дрезден,Восток,Консервы,Шпроты,"1,15",66,"75,9"
,1/8/2022,Gold Food,Дрезден,Восток,Специи,Черный перец,"0,59",64,"37,76"
,1/8/2022,Go Bio,Бремен,Север,Крупы,Гречка,"1,4",45,63
,1/8/2022,Cooking Corner,Бремен,Север,Сладости,Зефир,"0,65",42,"27,3"
,1/8/2022,Gold Food,Штутгарт,Юг,Напитки,Черный чай,"0,99",56,"55,44"
,1/8/2022,Cooking Corner,Бремен,Север,Консервы,Говядина тушеная,"1,19",26,"30,94"
,1/8/2022,NutriFix,Дрезден,Восток,Консервы,Шпроты,"1,15",30,"34,5"
,1/8/2022,NutriFix,Бремен,Север,Напитки,Кофе,"5,5",23,"126,5"
,1/8/2022,Sweetables,Франкфурт,Запад,Специи,Кориандр,"0,65",26,"16,9"
,1/8/2022,NutriFix,Дрезден,Восток,Сладости,Зефир,"0,65",21,"13,65"
,1/8/2022,NutriFix,Дрезден,Восток,Специи,Кориандр,"0,65",17,"11,05"
,1/9/2022,Cooking Corner,Дрезден,Восток,Масла,Подсолнечное масло,"1,19",322,"383,18"
,1/9/2022,mymeal,Дрезден,Восток,Масла,Сливочное масло,"1,5",296,444
,1/9/2022,mymeal,Франкфурт,Запад,Крупы,Гречка,"1,4",248,"347,2"
,1/9/2022,NutriFix,Бремен,Север,Крупы,Рис,"0,96",182,"174,72"
,1/9/2022,NutriFix,Кёльн,Запад,Напитки,Черный чай,"0,99",179,"177,21"
,1/9/2022,Sweetables,Бремен,Север,Специи,Черный перец,"0,59",146,"86,14"
,1/9/2022,mymeal,Кёльн,Запад,Консервы,Шпроты,"1,15",126,"144,9"
,1/9/2022,NutriFix,Дрезден,Восток,Сыры,Гауда,"1,59",163,"259,17"
,1/9/2022,Cooking Corner,Штутгарт,Юг,Сыры,Филадельфия ,"0,89",180,"160,2"
,1/9/2022,Gold Food,Штутгарт,Юг,Масла,Подсолнечное масло,"1,19",177,"210,63"
,1/9/2022,NutriFix,Дрезден,Восток,Крупы,Рис,"0,96",152,"145,92"
,1/9/2022,NutriFix,Дрезден,Восток,Масла,Сливочное масло,"1,5",144,216
,1/9/2022,Cooking Corner,Бремен,Север,Сыры,Филадельфия ,"0,89",104,"92,56"
,1/9/2022,Gold Food,Бремен,Север,Сладости,Шоколад,"0,55",98,"53,9"
,1/9/2022,Go Bio,Бремен,Север,Масла,Сливочное масло,"1,5",96,144
,1/9/2022,mymeal,Кёльн,Запад,Специи,Базилик,"0,7",95,"66,5"
,1/9/2022,Gold Food,Штутгарт,Юг,Напитки,Зеленый чай,"0,95",134,"127,3"
,1/9/2022,Gold Food,Штутгарт,Юг,Крупы,Гречка,"1,4",125,175
,1/9/2022,Go Bio,Штутгарт,Юг,Сыры,Моцарелла,"0,59",114,"67,26"
,1/9/2022,Gold Food,Штутгарт,Юг,Консервы,Килька в томате,"0,89",93,"82,77"
,1/9/2022,Go Bio,Кёльн,Запад,Сладости,Мармелад,"0,6",56,"33,6"
,1/9/2022,Sweetables,Бремен,Север,Сухофрукты,Изюм,"0,99",51,"50,49"
,1/9/2022,foodbite,Штутгарт,Юг,Сухофрукты,Сушеные яблоки,"1,09",75,"81,75"
,1/9/2022,foodbite,Мюнхен,Юг,Специи,Кориандр,"0,65",41,"26,65"
,1/9/2022,Gold Food,Штутгарт,Юг,Сухофрукты,Курага,"1,19",44,"52,36"
,1/9/2022,Sweetables,Бремен,Север,Напитки,Кофе,"5,5",23,"126,5"
,1/9/2022,Gold Food,Бремен,Север,Консервы,Говядина тушеная,"1,19",21,"24,99"
,1/9/2022,mymeal,Дрезден,Восток,Специи,Кориандр,"0,65",22,"14,3"
,1/9/2022,Sweetables,Дрезден,Восток,Консервы,Говядина тушеная,"1,19",20,"23,8"
,1/9/2022,Go Bio,Франкфурт,Запад,Специи,Кориандр,"0,65",18,"11,7"
,1/10/2022,Cooking Corner,Дрезден,Восток,Напитки,Зеленый чай,"0,95",208,"197,6"
,1/10/2022,Gold Food,Штутгарт,Юг,Крупы,Перловка,"1,2",176,"211,2"
,1/10/2022,Go Bio,Гамбург,Север,Сухофрукты,Изюм,"0,99",116,"114,84"
,1/10/2022,Gold Food,Бремен,Север,Сладости,Шоколад,"0,55",112,"61,6"
,1/10/2022,Gold Food,Дрезден,Восток,Сыры,Моцарелла,"0,59",144,"84,96"
,1/10/2022,NutriFix,Штутгарт,Юг,Специи,Черный перец,"0,59",146,"86,14"
,1/10/2022,Go Bio,Бремен,Север,Специи,Черный перец,"0,59",91,"53,69"
,1/10/2022,NutriFix,Франкфурт,Запад,Крупы,Гречка,"1,4",116,"162,4"
,1/10/2022,Organica,Мюнхен,Юг,Масла,Оливковое масло,"1,7",87,"147,9"
,1/10/2022,NutriFix,Штутгарт,Юг,Крупы,Гречка,"1,4",125,175
,1/10/2022,NutriFix,Франкфурт,Запад,Сыры,Филадельфия ,"0,89",105,"93,45"
,1/10/2022,NutriFix,Штутгарт,Юг,Сыры,Моцарелла,"0,59",116,"68,44"
,1/10/2022,Cooking Corner,Штутгарт,Юг,Сухофрукты,Курага,"1,19",111,"132,09"
,1/10/2022,Cooking Corner,Дрезден,Восток,Напитки,Кофе,"5,5",94,517
,1/10/2022,Gold Food,Кёльн,Запад,Сухофрукты,Сушеные яблоки,"1,09",65,"70,85"
,1/10/2022,Sweetables,Штутгарт,Юг,Сыры,Филадельфия ,"0,89",92,"81,88"
,1/10/2022,Sweetables,Франкфурт,Запад,Масла,Оливковое масло,"1,7",74,"125,8"
,1/10/2022,mymeal,Дрезден,Восток,Консервы,Говядина тушеная,"1,19",72,"85,68"
,1/10/2022,Cooking Corner,Штутгарт,Юг,Сухофрукты,Сушеные яблоки,"1,09",81,"88,29"
,1/10/2022,Organica,Бремен,Север,Сыры,Филадельфия ,"0,89",50,"44,5"
,1/10/2022,Gold Food,Бремен,Север,Сухофрукты,Изюм,"0,99",48,"47,52"
,1/10/2022,Organica,Бремен,Север,Специи,Черный перец,"0,59",42,"24,78"
,1/10/2022,NutriFix,Дрезден,Восток,Сухофрукты,Изюм,"0,99",53,"52,47"
,1/10/2022,foodbite,Дрезден,Восток,Напитки,Кофе,"5,5",49,"269,5"
,1/10/2022,NutriFix,Бремен,Север,Консервы,Говядина тушеная,"1,19",30,"35,7"
,1/10/2022,Gold Food,Бремен,Север,Специи,Базилик,"0,7",29,"20,3"
,1/10/2022,Sweetables,Кёльн,Запад,Консервы,Говядина тушеная,"1,19",28,"33,32"
,1/10/2022,NutriFix,Франкфурт,Запад,Специи,Кориандр,"0,65",27,"17,55"
,1/10/2022,Go Bio,Бремен,Север,Консервы,Шпроты,"1,15",21,"24,15"
,1/10/2022,Gold Food,Дрезден,Восток,Специи,Кориандр,"0,65",12,"7,8"
,1/11/2022,Gold Food,Гамбург,Север,Сухофрукты,Изюм,"0,99",181,"179,19"
,1/11/2022,Gold Food,Дрезден,Восток,Крупы,Рис,"0,96",228,"218,88"
,1/11/2022,mymeal,Мюнхен,Юг,Сухофрукты,Изюм,"0,99",174,"172,26"
,1/11/2022,foodbite,Штутгарт,Юг,Крупы,Перловка,"1,2",245,294
,1/11/2022,Gold Food,Кёльн,Запад,Сыры,Моцарелла,"0,59",157,"92,63"
,1/11/2022,Gold Food,Гамбург,Север,Сухофрукты,Изюм,"0,99",156,"154,44"
,1/11/2022,mymeal,Мюнхен,Юг,Консервы,Говядина тушеная,"1,19",146,"173,74"
,1/11/2022,Sweetables,Штутгарт,Юг,Масла,Сливочное масло,"1,5",191,"286,5"
,1/11/2022,foodbite,Дрезден,Восток,Масла,Подсолнечное масло,"1,19",164,"195,16"
,1/11/2022,Go Bio,Франкфурт,Запад,Сыры,Моцарелла,"0,59",133,"78,47"
,1/11/2022,foodbite,Мюнхен,Юг,Консервы,Шпроты,"1,15",102,"117,3"
,1/11/2022,Organica,Франкфурт,Запад,Крупы,Гречка,"1,4",116,"162,4"
,1/11/2022,Go Bio,Гамбург,Север,Масла,Оливковое масло,"1,7",84,"142,8"
,1/11/2022,Organica,Штутгарт,Юг,Масла,Подсолнечное масло,"1,19",117,"139,23"
,1/11/2022,Cooking Corner,Дрезден,Восток,Напитки,Зеленый чай,"0,95",96,"91,2"
,1/11/2022,NutriFix,Штутгарт,Юг,Сладости,Мармелад,"0,6",104,"62,4"
,1/11/2022,Cooking Corner,Штутгарт,Юг,Консервы,Говядина тушеная,"1,19",104,"123,76"
,1/11/2022,Gold Food,Мюнхен,Юг,Сухофрукты,Курага,"1,19",67,"79,73"
,1/11/2022,Cooking Corner,Штутгарт,Юг,Сухофрукты,Сушеные яблоки,"1,09",95,"103,55"
,1/11/2022,Cooking Corner,Дрезден,Восток,Сладости,Зефир,"0,65",69,"44,85"
,1/11/2022,foodbite,Дрезден,Восток,Сухофрукты,Курага,"1,19",66,"78,54"
,1/11/2022,Cooking Corner,Бремен,Север,Масла,Оливковое масло,"1,7",49,"83,3"
,1/11/2022,Cooking Corner,Дрезден,Восток,Напитки,Кофе,"5,5",61,"335,5"
,1/11/2022,Go Bio,Бремен,Север,Специи,Черный перец,"0,59",43,"25,37"
,1/11/2022,Sweetables,Бремен,Север,Сухофрукты,Курага,"1,19",43,"51,17"
,1/11/2022,Go Bio,Дрезден,Восток,Сыры,Филадельфия ,"0,89",55,"48,95"
,1/11/2022,Sweetables,Дрезден,Восток,Сухофрукты,Сушеные яблоки,"1,09",52,"56,68"
,1/11/2022,Organica,Бремен,Север,Консервы,Шпроты,"1,15",35,"40,25"
,1/11/2022,Organica,Гамбург,Север,Специи,Кориандр,"0,65",31,"20,15"
,1/11/2022,Go Bio,Франкфурт,Запад,Масла,Оливковое масло,"1,7",38,"64,6"
,1/11/2022,Go Bio,Бремен,Север,Консервы,Килька в томате,"0,89",28,"24,92"
,1/11/2022,Gold Food,Франкфурт,Запад,Специи,Базилик,"0,7",36,"25,2"
,1/11/2022,NutriFix,Бремен,Север,Сухофрукты,Курага,"1,19",26,"30,94"
,1/11/2022,Gold Food,Дрезден,Восток,Специи,Базилик,"0,7",25,"17,5"
,1/11/2022,Go Bio,Дрезден,Восток,Консервы,Говядина тушеная,"1,19",23,"27,37"
,1/11/2022,Sweetables,Штутгарт,Юг,Специи,Кориандр,"0,65",27,"17,55"
,1/12/2022,Cooking Corner,Дрезден,Восток,Специи,Черный перец,"0,59",348,"205,32"
,1/12/2022,mymeal,Берлин,Восток,Сухофрукты,Курага,"1,19",255,"303,45"
,1/12/2022,Sweetables,Штутгарт,Юг,Крупы,Рис,"0,96",290,"278,4"
,1/12/2022,Sweetables,Штутгарт,Юг,Сыры,Гауда,"1,59",272,"432,48"
,1/12/2022,mymeal,Дрезден,Восток,Сыры,Моцарелла,"0,59",233,"137,47"
,1/12/2022,Sweetables,Гамбург,Север,Консервы,Килька в томате,"0,89",178,"158,42"
,1/12/2022,Gold Food,Штутгарт,Юг,Сыры,Гауда,"1,59",236,"375,24"
,1/12/2022,Cooking Corner,Бремен,Север,Крупы,Перловка,"1,2",153,"183,6"
,1/12/2022,Gold Food,Бремен,Север,Крупы,Рис,"0,96",147,"141,12"
,1/12/2022,foodbite,Дрезден,Восток,Крупы,Перловка,"1,2",170,204
,1/12/2022,foodbite,Дрезден,Восток,Специи,Черный перец,"0,59",170,"100,3"
,1/12/2022,Sweetables,Гамбург,Север,Консервы,Шпроты,"1,15",128,"147,2"
,1/12/2022,Organica,Франкфурт,Запад,Напитки,Черный чай,"0,99",155,"153,45"
,1/12/2022,NutriFix,Бремен,Север,Напитки,Зеленый чай,"0,95",118,"112,1"
,1/12/2022,Cooking Corner,Бремен,Север,Консервы,Килька в томате,"0,89",110,"97,9"
,1/12/2022,Sweetables,Франкфурт,Запад,Крупы,Гречка,"1,4",131,"183,4"
,1/12/2022,foodbite,Мюнхен,Юг,Сладости,Мармелад,"0,6",99,"59,4"
,1/12/2022,Go Bio,Штутгарт,Юг,Крупы,Перловка,"1,2",146,"175,2"
,1/12/2022,Organica,Дрезден,Восток,Напитки,Зеленый чай,"0,95",126,"119,7"
,1/12/2022,mymeal,Штутгарт,Юг,Сладости,Мармелад,"0,6",143,"85,8"
,1/12/2022,Cooking Corner,Дрезден,Восток,Сыры,Филадельфия ,"0,89",124,"110,36"
,1/12/2022,Cooking Corner,Штутгарт,Юг,Сухофрукты,Изюм,"0,99",123,"121,77"
,1/12/2022,foodbite,Штутгарт,Юг,Сыры,Филадельфия ,"0,89",122,"108,58"
,1/12/2022,Go Bio,Франкфурт,Запад,Сыры,Филадельфия ,"0,89",90,"80,1"
,1/12/2022,Gold Food,Дрезден,Восток,Сыры,Моцарелла,"0,59",87,"51,33"
,1/12/2022,Sweetables,Кёльн,Запад,Консервы,Говядина тушеная,"1,19",58,"69,02"
,1/12/2022,Organica,Штутгарт,Юг,Сыры,Филадельфия ,"0,89",80,"71,2"
,1/12/2022,Gold Food,Бремен,Север,Специи,Черный перец,"0,59",48,"28,32"
,1/12/2022,Go Bio,Бремен,Север,Консервы,Килька в томате,"0,89",36,"32,04"
,1/12/2022,Go Bio,Бремен,Север,Консервы,Килька в томате,"0,89",34,"30,26"
,1/12/2022,Organica,Франкфурт,Запад,Консервы,Говядина тушеная,"1,19",23,"27,37"
,1/12/2022,Organica,Штутгарт,Юг,Специи,Базилик,"0,7",27,"18,9"
,1/12/2022,Go Bio,Дрезден,Восток,Специи,Кориандр,"0,65",16,"10,4"
,1/12/2022,Sweetables,Дрезден,Восток,Консервы,Говядина тушеная,"1,19",16,"19,04"
,1/13/2022,Cooking Corner,Гамбург,Север,Масла,Сливочное масло,"1,5",810,1215
,1/13/2022,mymeal,Кёльн,Запад,Сыры,Гауда,"1,59",566,"899,94"
,1/13/2022,Sweetables,Кёльн,Запад,Крупы,Рис,"0,96",397,"381,12"
,1/13/2022,foodbite,Берлин,Восток,Сухофрукты,Изюм,"0,99",346,"342,54"
,1/13/2022,mymeal,Дрезден,Восток,Крупы,Рис,"0,96",436,"418,56"
,1/13/2022,Go Bio,Мюнхен,Юг,Масла,Подсолнечное масло,"1,19",328,"390,32"
,1/13/2022,Cooking Corner,Дрезден,Восток,Масла,Подсолнечное масло,"1,19",363,"431,97"
,1/13/2022,mymeal,Штутгарт,Юг,Напитки,Черный чай,"0,99",357,"353,43"
,1/13/2022,Sweetables,Гамбург,Север,Напитки,Зеленый чай,"0,95",237,"225,15"
,1/13/2022,Sweetables,Франкфурт,Запад,Сладости,Шоколад,"0,55",303,"166,65"
,1/13/2022,Go Bio,Берлин,Восток,Напитки,Черный чай,"0,99",210,"207,9"
,1/13/2022,mymeal,Мюнхен,Юг,Специи,Черный перец,"0,59",208,"122,72"
,1/13/2022,Go Bio,Берлин,Восток,Сухофрукты,Сушеные яблоки,"1,09",194,"211,46"
,1/13/2022,Gold Food,Гамбург,Север,Консервы,Килька в томате,"0,89",155,"137,95"
,1/13/2022,Go Bio,Мюнхен,Юг,Крупы,Гречка,"1,4",152,"212,8"
,1/13/2022,Organica,Франкфурт,Запад,Крупы,Рис,"0,96",194,"186,24"
,1/13/2022,mymeal,Дрезден,Восток,Специи,Черный перец,"0,59",190,"112,1"
,1/13/2022,Sweetables,Гамбург,Север,Консервы,Килька в томате,"0,89",138,"122,82"
,1/13/2022,Organica,Дрезден,Восток,Масла,Сливочное масло,"1,5",165,"247,5"
,1/13/2022,Sweetables,Штутгарт,Юг,Крупы,Перловка,"1,2",170,204
,1/13/2022,mymeal,Дрезден,Восток,Консервы,Килька в томате,"0,89",139,"123,71"
,1/13/2022,Organica,Штутгарт,Юг,Крупы,Рис,"0,96",140,"134,4"
,1/13/2022,NutriFix,Бремен,Север,Масла,Сливочное масло,"1,5",91,"136,5"
,1/13/2022,Go Bio,Франкфурт,Запад,Напитки,Черный чай,"0,99",113,"111,87"
,1/13/2022,Cooking Corner,Бремен,Север,Напитки,Кофе,"5,5",81,"445,5"
,1/13/2022,Sweetables,Франкфурт,Запад,Консервы,Шпроты,"1,15",85,"97,75"
,1/13/2022,foodbite,Мюнхен,Юг,Специи,Базилик,"0,7",56,"39,2"
,1/13/2022,Go Bio,Дрезден,Восток,Сладости,Мармелад,"0,6",68,"40,8"
,1/13/2022,foodbite,Дрезден,Восток,Специи,Черный перец,"0,59",66,"38,94"
,1/13/2022,Sweetables,Дрезден,Восток,Сыры,Филадельфия ,"0,89",60,"53,4"
,1/13/2022,Sweetables,Франкфурт,Запад,Масла,Оливковое масло,"1,7",57,"96,9"
,1/13/2022,mymeal,Штутгарт,Юг,Специи,Базилик,"0,7",57,"39,9"
,1/13/2022,foodbite,Франкфурт,Запад,Специи,Базилик,"0,7",44,"30,8"
,1/13/2022,foodbite,Дрезден,Восток,Масла,Оливковое масло,"1,7",44,"74,8"
,1/13/2022,Organica,Мюнхен,Юг,Специи,Кориандр,"0,65",30,"19,5"
,1/13/2022,mymeal,Штутгарт,Юг,Специи,Кориандр,"0,65",41,"26,65"
,1/13/2022,Gold Food,Дрезден,Восток,Консервы,Говядина тушеная,"1,19",33,"39,27"
,1/13/2022,Go Bio,Бремен,Север,Сладости,Зефир,"0,65",16,"10,4"
,1/14/2022,Cooking Corner,Мюнхен,Юг,Масла,Сливочное масло,"1,5",532,798
,1/14/2022,foodbite,Берлин,Восток,Специи,Черный перец,"0,59",471,"277,89"
,1/14/2022,NutriFix,Гамбург,Север,Масла,Подсолнечное масло,"1,19",469,"558,11"
,1/14/2022,mymeal,Кёльн,Запад,Напитки,Зеленый чай,"0,95",466,"442,7"
,1/14/2022,mymeal,Бремен,Север,Сыры,Гауда,"1,59",347,"551,73"
,1/14/2022,Gold Food,Гамбург,Север,Крупы,Перловка,"1,2",307,"368,4"
,1/14/2022,Gold Food,Мюнхен,Юг,Крупы,Рис,"0,96",292,"280,32"
,1/14/2022,mymeal,Штутгарт,Юг,Сыры,Гауда,"1,59",411,"653,49"
,1/14/2022,Sweetables,Франкфурт,Запад,Сыры,Гауда,"1,59",322,"511,98"
,1/14/2022,Organica,Мюнхен,Юг,Сыры,Моцарелла,"0,59",236,"139,24"
,1/14/2022,Gold Food,Гамбург,Север,Крупы,Гречка,"1,4",225,315
,1/14/2022,foodbite,Гамбург,Север,Сухофрукты,Курага,"1,19",175,"208,25"
,1/14/2022,Organica,Мюнхен,Юг,Крупы,Гречка,"1,4",164,"229,6"
,1/14/2022,mymeal,Кёльн,Запад,Специи,Черный перец,"0,59",161,"94,99"
,1/14/2022,foodbite,Гамбург,Север,Сладости,Мармелад,"0,6",140,84
,1/14/2022,mymeal,Мюнхен,Юг,Сладости,Зефир,"0,65",135,"87,75"
,1/14/2022,foodbite,Франкфурт,Запад,Сыры,Моцарелла,"0,59",176,"103,84"
,1/14/2022,mymeal,Дрезден,Восток,Крупы,Перловка,"1,2",160,192
,1/14/2022,Sweetables,Гамбург,Север,Консервы,Шпроты,"1,15",100,115
,1/14/2022,foodbite,Франкфурт,Запад,Сухофрукты,Изюм,"0,99",130,"128,7"
,1/14/2022,mymeal,Берлин,Восток,Специи,Кориандр,"0,65",97,"63,05"
,1/14/2022,mymeal,Дрезден,Восток,Сухофрукты,Изюм,"0,99",125,"123,75"
,1/14/2022,Cooking Corner,Франкфурт,Запад,Сухофрукты,Курага,"1,19",122,"145,18"
,1/14/2022,NutriFix,Франкфурт,Запад,Крупы,Гречка,"1,4",113,"158,2"
,1/14/2022,Cooking Corner,Франкфурт,Запад,Специи,Базилик,"0,7",103,"72,1"
,1/14/2022,mymeal,Бремен,Север,Сухофрукты,Сушеные яблоки,"1,09",70,"76,3"
,1/14/2022,Go Bio,Берлин,Восток,Специи,Кориандр,"0,65",59,"38,35"
,1/14/2022,foodbite,Дрезден,Восток,Сухофрукты,Курага,"1,19",70,"83,3"
,1/14/2022,Gold Food,Дрезден,Восток,Сладости,Мармелад,"0,6",64,"38,4"
,1/14/2022,foodbite,Штутгарт,Юг,Специи,Базилик,"0,7",63,"44,1"
,1/14/2022,Sweetables,Штутгарт,Юг,Сухофрукты,Сушеные яблоки,"1,09",60,"65,4"
,1/14/2022,mymeal,Штутгарт,Юг,Консервы,Шпроты,"1,15",59,"67,85"
,1/14/2022,foodbite,Штутгарт,Юг,Сухофрукты,Сушеные яблоки,"1,09",51,"55,59"
,1/14/2022,Sweetables,Штутгарт,Юг,Консервы,Говядина тушеная,"1,19",50,"59,5"
,1/14/2022,Gold Food,Франкфурт,Запад,Напитки,Кофе,"5,5",42,231
,1/14/2022,foodbite,Штутгарт,Юг,Консервы,Говядина тушеная,"1,19",47,"55,93"
,1/14/2022,foodbite,Штутгарт,Юг,Специи,Кориандр,"0,65",26,"16,9"
,1/15/2022,Cooking Corner,Берлин,Восток,Напитки,Зеленый чай,"0,95",678,"644,1"
,1/15/2022,Gold Food,Берлин,Восток,Сыры,Гауда,"1,59",650,"1033,5"
,1/15/2022,Gold Food,Берлин,Восток,Масла,Сливочное масло,"1,5",647,"970,5"
,1/15/2022,foodbite,Берлин,Восток,Крупы,Перловка,"1,2",515,618
,1/15/2022,NutriFix,Мюнхен,Юг,Крупы,Рис,"0,96",487,"467,52"
,1/15/2022,foodbite,Гамбург,Север,Сыры,Моцарелла,"0,59",469,"276,71"
,1/15/2022,mymeal,Мюнхен,Юг,Сыры,Моцарелла,"0,59",395,"233,05"
,1/15/2022,mymeal,Франкфурт,Запад,Масла,Сливочное масло,"1,5",486,729
,1/15/2022,Go Bio,Берлин,Восток,Крупы,Перловка,"1,2",338,"405,6"
,1/15/2022,Gold Food,Кёльн,Запад,Сладости,Шоколад,"0,55",326,"179,3"
,1/15/2022,mymeal,Гамбург,Север,Сухофрукты,Изюм,"0,99",324,"320,76"
,1/15/2022,Gold Food,Гамбург,Север,Напитки,Черный чай,"0,99",273,"270,27"
,1/15/2022,Gold Food,Кёльн,Запад,Сыры,Гауда,"1,59",269,"427,71"
,1/15/2022,mymeal,Бремен,Север,Напитки,Зеленый чай,"0,95",216,"205,2"
,1/15/2022,Go Bio,Берлин,Восток,Напитки,Кофе,"5,5",200,1100
,1/15/2022,Gold Food,Гамбург,Север,Напитки,Кофе,"5,5",176,968
,1/15/2022,Cooking Corner,Мюнхен,Юг,Масла,Оливковое масло,"1,7",152,"258,4"
,1/15/2022,Sweetables,Берлин,Восток,Масла,Оливковое масло,"1,7",148,"251,6"
,1/15/2022,foodbite,Франкфурт,Запад,Специи,Черный перец,"0,59",190,"112,1"
,1/15/2022,mymeal,Франкфурт,Запад,Сухофрукты,Изюм,"0,99",189,"187,11"
,1/15/2022,Gold Food,Мюнхен,Юг,Сухофрукты,Изюм,"0,99",123,"121,77"
,1/15/2022,mymeal,Дрезден,Восток,Сыры,Филадельфия ,"0,89",150,"133,5"
,1/15/2022,Gold Food,Гамбург,Север,Специи,Черный перец,"0,59",107,"63,13"
,1/15/2022,Gold Food,Мюнхен,Юг,Сухофрукты,Курага,"1,19",64,"76,16"
,1/15/2022,Gold Food,Гамбург,Север,Сладости,Зефир,"0,65",64,"41,6"
,1/15/2022,mymeal,Кёльн,Запад,Сладости,Зефир,"0,65",63,"40,95"
,1/15/2022,Gold Food,Франкфурт,Запад,Консервы,Шпроты,"1,15",78,"89,7"
,1/15/2022,foodbite,Штутгарт,Юг,Консервы,Килька в томате,"0,89",81,"72,09"
,1/15/2022,Gold Food,Дрезден,Восток,Сыры,Филадельфия ,"0,89",40,"35,6"
,1/15/2022,foodbite,Дрезден,Восток,Сладости,Зефир,"0,65",36,"23,4"
,1/15/2022,Gold Food,Дрезден,Восток,Специи,Базилик,"0,7",31,"21,7"
,1/15/2022,Go Bio,Штутгарт,Юг,Напитки,Кофе,"5,5",32,176
,1/15/2022,Go Bio,Бремен,Север,Специи,Базилик,"0,7",21,"14,7"
,1/16/2022,Gold Food,Кёльн,Запад,Сыры,Гауда,"1,59",347,"551,73"
,1/16/2022,Go Bio,Мюнхен,Юг,Напитки,Зеленый чай,"0,95",287,"272,65"
,1/16/2022,mymeal,Франкфурт,Запад,Крупы,Рис,"0,96",343,"329,28"
,1/16/2022,Cooking Corner,Штутгарт,Юг,Крупы,Рис,"0,96",366,"351,36"
,1/16/2022,NutriFix,Мюнхен,Юг,Сыры,Моцарелла,"0,59",239,"141,01"
,1/16/2022,foodbite,Дрезден,Восток,Сладости,Шоколад,"0,55",309,"169,95"
,1/16/2022,NutriFix,Гамбург,Север,Крупы,Гречка,"1,4",228,"319,2"
,1/16/2022,Sweetables,Гамбург,Север,Консервы,Килька в томате,"0,89",201,"178,89"
,1/16/2022,foodbite,Кёльн,Запад,Сыры,Моцарелла,"0,59",192,"113,28"
,1/16/2022,Gold Food,Кёльн,Запад,Сыры,Моцарелла,"0,59",190,"112,1"
,1/16/2022,Sweetables,Мюнхен,Юг,Консервы,Килька в томате,"0,89",177,"157,53"
,1/16/2022,NutriFix,Кёльн,Запад,Напитки,Черный чай,"0,99",177,"175,23"
,1/16/2022,Organica,Франкфурт,Запад,Сладости,Шоколад,"0,55",229,"125,95"
,1/16/2022,Go Bio,Берлин,Восток,Сладости,Мармелад,"0,6",168,"100,8"
,1/16/2022,NutriFix,Франкфурт,Запад,Крупы,Перловка,"1,2",215,258
,1/16/2022,Gold Food,Франкфурт,Запад,Крупы,Рис,"0,96",212,"203,52"
,1/16/2022,Gold Food,Штутгарт,Юг,Сыры,Гауда,"1,59",225,"357,75"
,1/16/2022,foodbite,Бремен,Север,Крупы,Рис,"0,96",136,"130,56"
,1/16/2022,Gold Food,Кёльн,Запад,Крупы,Гречка,"1,4",120,168
,1/16/2022,foodbite,Мюнхен,Юг,Консервы,Шпроты,"1,15",96,"110,4"
,1/16/2022,Organica,Гамбург,Север,Консервы,Шпроты,"1,15",94,"108,1"
,1/16/2022,foodbite,Кёльн,Запад,Консервы,Килька в томате,"0,89",85,"75,65"
,1/16/2022,Organica,Штутгарт,Юг,Сыры,Моцарелла,"0,59",111,"65,49"
,1/16/2022,Organica,Кёльн,Запад,Масла,Оливковое масло,"1,7",72,"122,4"
,1/16/2022,mymeal,Франкфурт,Запад,Сухофрукты,Сушеные яблоки,"1,09",92,"100,28"
,1/16/2022,Sweetables,Кёльн,Запад,Сладости,Зефир,"0,65",64,"41,6"
,1/16/2022,foodbite,Франкфурт,Запад,Сухофрукты,Курага,"1,19",82,"97,58"
,1/16/2022,Cooking Corner,Штутгарт,Юг,Масла,Оливковое масло,"1,7",86,"146,2"
,1/16/2022,Organica,Франкфурт,Запад,Сыры,Филадельфия ,"0,89",73,"64,97"
,1/16/2022,foodbite,Кёльн,Запад,Сладости,Зефир,"0,65",51,"33,15"
,1/16/2022,foodbite,Кёльн,Запад,Специи,Базилик,"0,7",49,"34,3"
,1/16/2022,foodbite,Кёльн,Запад,Специи,Базилик,"0,7",45,"31,5"
,1/16/2022,Organica,Бремен,Север,Напитки,Зеленый чай,"0,95",43,"40,85"
,1/16/2022,Organica,Кёльн,Запад,Сухофрукты,Курага,"1,19",41,"48,79"
,1/16/2022,Go Bio,Гамбург,Север,Специи,Кориандр,"0,65",37,"24,05"
,1/16/2022,Gold Food,Штутгарт,Юг,Сухофрукты,Сушеные яблоки,"1,09",44,"47,96"
,1/16/2022,foodbite,Дрезден,Восток,Консервы,Говядина тушеная,"1,19",18,"21,42"
,1/17/2022,Organica,Берлин,Восток,Крупы,Рис,"0,96",437,"419,52"
,1/17/2022,Cooking Corner,Кёльн,Запад,Напитки,Черный чай,"0,99",434,"429,66"
,1/17/2022,mymeal,Берлин,Восток,Сухофрукты,Сушеные яблоки,"1,09",423,"461,07"
,1/17/2022,mymeal,Берлин,Восток,Сладости,Мармелад,"0,6",376,"225,6"
,1/17/2022,Go Bio,Мюнхен,Юг,Сыры,Гауда,"1,59",338,"537,42"
,1/17/2022,foodbite,Мюнхен,Юг,Напитки,Зеленый чай,"0,95",272,"258,4"
,1/17/2022,Go Bio,Кёльн,Запад,Крупы,Рис,"0,96",263,"252,48"
,1/17/2022,mymeal,Франкфурт,Запад,Сладости,Шоколад,"0,55",321,"176,55"
,1/17/2022,Organica,Кёльн,Запад,Напитки,Зеленый чай,"0,95",245,"232,75"
,1/17/2022,Organica,Кёльн,Запад,Масла,Подсолнечное масло,"1,19",212,"252,28"
,1/17/2022,Go Bio,Мюнхен,Юг,Сыры,Моцарелла,"0,59",212,"125,08"
,1/17/2022,Go Bio,Берлин,Восток,Сухофрукты,Сушеные яблоки,"1,09",192,"209,28"
,1/17/2022,Sweetables,Штутгарт,Юг,Масла,Сливочное масло,"1,5",279,"418,5"
,1/17/2022,NutriFix,Берлин,Восток,Сухофрукты,Курага,"1,19",175,"208,25"
,1/17/2022,mymeal,Кёльн,Запад,Консервы,Килька в томате,"0,89",174,"154,86"
,1/17/2022,Go Bio,Франкфурт,Запад,Крупы,Рис,"0,96",220,"211,2"
,1/17/2022,NutriFix,Гамбург,Север,Консервы,Килька в томате,"0,89",159,"141,51"
,1/17/2022,Organica,Кёльн,Запад,Сыры,Моцарелла,"0,59",157,"92,63"
,1/17/2022,Organica,Гамбург,Север,Сыры,Филадельфия ,"0,89",154,"137,06"
,1/17/2022,Go Bio,Дрезден,Восток,Сладости,Шоколад,"0,55",190,"104,5"
,1/17/2022,Organica,Штутгарт,Юг,Масла,Сливочное масло,"1,5",215,"322,5"
,1/17/2022,Sweetables,Штутгарт,Юг,Напитки,Зеленый чай,"0,95",213,"202,35"
,1/17/2022,NutriFix,Гамбург,Север,Консервы,Шпроты,"1,15",131,"150,65"
,1/17/2022,Gold Food,Мюнхен,Юг,Масла,Оливковое масло,"1,7",113,"192,1"
,1/17/2022,NutriFix,Дрезден,Восток,Масла,Подсолнечное масло,"1,19",140,"166,6"
,1/17/2022,NutriFix,Кёльн,Запад,Сухофрукты,Изюм,"0,99",101,"99,99"
,1/17/2022,Go Bio,Гамбург,Север,Масла,Оливковое масло,"1,7",98,"166,6"
,1/17/2022,NutriFix,Кёльн,Запад,Сухофрукты,Изюм,"0,99",96,"95,04"
,1/17/2022,Sweetables,Франкфурт,Запад,Крупы,Гречка,"1,4",124,"173,6"
,1/17/2022,NutriFix,Гамбург,Север,Сладости,Зефир,"0,65",94,"61,1"
,1/17/2022,Sweetables,Франкфурт,Запад,Сыры,Филадельфия ,"0,89",116,"103,24"
,1/17/2022,Organica,Франкфурт,Запад,Крупы,Гречка,"1,4",108,"151,2"
,1/17/2022,Go Bio,Кёльн,Запад,Сухофрукты,Изюм,"0,99",81,"80,19"
,1/17/2022,NutriFix,Дрезден,Восток,Крупы,Перловка,"1,2",104,"124,8"
,1/17/2022,Gold Food,Штутгарт,Юг,Крупы,Гречка,"1,4",117,"163,8"
,1/17/2022,Go Bio,Мюнхен,Юг,Масла,Оливковое масло,"1,7",73,"124,1"
,1/17/2022,Gold Food,Кёльн,Запад,Масла,Оливковое масло,"1,7",72,"122,4"
,1/17/2022,Go Bio,Гамбург,Север,Сладости,Зефир,"0,65",71,"46,15"
,1/17/2022,Organica,Берлин,Восток,Сладости,Зефир,"0,65",69,"44,85"
,1/17/2022,Go Bio,Берлин,Восток,Консервы,Говядина тушеная,"1,19",69,"82,11"
,1/17/2022,Cooking Corner,Штутгарт,Юг,Сухофрукты,Курага,"1,19",101,"120,19"
,1/17/2022,foodbite,Бремен,Север,Сыры,Филадельфия ,"0,89",65,"57,85"
,1/17/2022,Gold Food,Дрезден,Восток,Сыры,Моцарелла,"0,59",83,"48,97"
,1/17/2022,Sweetables,Штутгарт,Юг,Напитки,Черный чай,"0,99",96,"95,04"
,1/17/2022,NutriFix,Кёльн,Запад,Специи,Базилик,"0,7",60,42
,1/17/2022,Gold Food,Франкфурт,Запад,Сухофрукты,Курага,"1,19",77,"91,63"
,1/17/2022,Go Bio,Мюнхен,Юг,Напитки,Кофе,"5,5",59,"324,5"
,1/17/2022,Go Bio,Мюнхен,Юг,Масла,Оливковое масло,"1,7",56,"95,2"
,1/17/2022,Gold Food,Кёльн,Запад,Консервы,Шпроты,"1,15",56,"64,4"
,1/17/2022,Organica,Штутгарт,Юг,Консервы,Килька в томате,"0,89",83,"73,87"
,1/17/2022,foodbite,Франкфурт,Запад,Сухофрукты,Сушеные яблоки,"1,09",59,"64,31"
,1/17/2022,Organica,Штутгарт,Юг,Сухофрукты,Курага,"1,19",68,"80,92"
,1/17/2022,foodbite,Дрезден,Восток,Сыры,Филадельфия ,"0,89",57,"50,73"
,1/17/2022,NutriFix,Кёльн,Запад,Сладости,Зефир,"0,65",44,"28,6"
,1/17/2022,NutriFix,Гамбург,Север,Специи,Кориандр,"0,65",34,"22,1"
,1/17/2022,foodbite,Бремен,Север,Специи,Базилик,"0,7",33,"23,1"
,1/17/2022,Cooking Corner,Кёльн,Запад,Специи,Кориандр,"0,65",32,"20,8"
,1/17/2022,foodbite,Кёльн,Запад,Специи,Кориандр,"0,65",29,"18,85"
,1/17/2022,Organica,Гамбург,Север,Специи,Кориандр,"0,65",29,"18,85"
,1/17/2022,Organica,Бремен,Север,Сладости,Зефир,"0,65",24,"15,6"
,1/17/2022,NutriFix,Кёльн,Запад,Специи,Кориандр,"0,65",17,"11,05"
,1/17/2022,Organica,Штутгарт,Юг,Специи,Кориандр,"0,65",14,"9,1"
,1/18/2022,foodbite,Гамбург,Север,Сыры,Гауда,"1,59",375,"596,25"
,1/18/2022,foodbite,Берлин,Восток,Крупы,Гречка,"1,4",371,"519,4"
,1/18/2022,foodbite,Мюнхен,Юг,Сыры,Моцарелла,"0,59",351,"207,09"
,1/18/2022,foodbite,Мюнхен,Юг,Напитки,Черный чай,"0,99",317,"313,83"
,1/18/2022,Sweetables,Гамбург,Север,Крупы,Перловка,"1,2",306,"367,2"
,1/18/2022,NutriFix,Кёльн,Запад,Сладости,Шоколад,"0,55",281,"154,55"
,1/18/2022,Cooking Corner,Кёльн,Запад,Крупы,Перловка,"1,2",276,"331,2"
,1/18/2022,foodbite,Берлин,Восток,Консервы,Килька в томате,"0,89",218,"194,02"
,1/18/2022,Organica,Мюнхен,Юг,Напитки,Черный чай,"0,99",211,"208,89"
,1/18/2022,Go Bio,Гамбург,Север,Сыры,Моцарелла,"0,59",208,"122,72"
,1/18/2022,Cooking Corner,Гамбург,Север,Масла,Оливковое масло,"1,7",199,"338,3"
,1/18/2022,Go Bio,Кёльн,Запад,Сыры,Моцарелла,"0,59",197,"116,23"
,1/18/2022,NutriFix,Берлин,Восток,Сухофрукты,Курага,"1,19",197,"234,43"
,1/18/2022,Go Bio,Берлин,Восток,Сыры,Филадельфия ,"0,89",191,"169,99"
,1/18/2022,mymeal,Кёльн,Запад,Сыры,Филадельфия ,"0,89",186,"165,54"
,1/18/2022,Sweetables,Франкфурт,Запад,Крупы,Рис,"0,96",226,"216,96"
,1/18/2022,foodbite,Франкфурт,Запад,Крупы,Рис,"0,96",216,"207,36"
,1/18/2022,foodbite,Бремен,Север,Напитки,Зеленый чай,"0,95",162,"153,9"
,1/18/2022,Organica,Штутгарт,Юг,Сладости,Шоколад,"0,55",234,"128,7"
,1/18/2022,mymeal,Мюнхен,Юг,Специи,Базилик,"0,7",150,105
,1/18/2022,mymeal,Мюнхен,Юг,Специи,Базилик,"0,7",149,"104,3"
,1/18/2022,Gold Food,Дрезден,Восток,Сладости,Шоколад,"0,55",189,"103,95"
,1/18/2022,Sweetables,Дрезден,Восток,Сладости,Шоколад,"0,55",186,"102,3"
,1/18/2022,Go Bio,Дрезден,Восток,Сыры,Гауда,"1,59",179,"284,61"
,1/18/2022,Gold Food,Кёльн,Запад,Сыры,Моцарелла,"0,59",137,"80,83"
,1/18/2022,Cooking Corner,Штутгарт,Юг,Напитки,Кофе,"5,5",203,"1116,5"
,1/18/2022,Organica,Гамбург,Север,Сладости,Мармелад,"0,6",134,"80,4"
,1/18/2022,Organica,Кёльн,Запад,Напитки,Зеленый чай,"0,95",133,"126,35"
,1/18/2022,Gold Food,Гамбург,Север,Сухофрукты,Сушеные яблоки,"1,09",128,"139,52"
,1/18/2022,Go Bio,Кёльн,Запад,Масла,Сливочное масло,"1,5",128,192
,1/18/2022,NutriFix,Гамбург,Север,Сухофрукты,Курага,"1,19",126,"149,94"
,1/18/2022,mymeal,Франкфурт,Запад,Сладости,Мармелад,"0,6",164,"98,4"
,1/18/2022,Gold Food,Гамбург,Север,Сухофрукты,Изюм,"0,99",117,"115,83"
,1/18/2022,NutriFix,Мюнхен,Юг,Сладости,Мармелад,"0,6",109,"65,4"
,1/18/2022,Gold Food,Мюнхен,Юг,Масла,Оливковое масло,"1,7",108,"183,6"
,1/18/2022,Sweetables,Франкфурт,Запад,Сыры,Моцарелла,"0,59",139,"82,01"
,1/18/2022,Go Bio,Мюнхен,Юг,Напитки,Кофе,"5,5",107,"588,5"
,1/18/2022,Sweetables,Штутгарт,Юг,Специи,Черный перец,"0,59",143,"84,37"
,1/18/2022,Gold Food,Кёльн,Запад,Сухофрукты,Изюм,"0,99",94,"93,06"
,1/18/2022,mymeal,Франкфурт,Запад,Напитки,Кофе,"5,5",120,660
,1/18/2022,foodbite,Кёльн,Запад,Сухофрукты,Изюм,"0,99",85,"84,15"
,1/18/2022,NutriFix,Штутгарт,Юг,Напитки,Черный чай,"0,99",128,"126,72"
,1/18/2022,Gold Food,Франкфурт,Запад,Сухофрукты,Изюм,"0,99",109,"107,91"
,1/18/2022,Cooking Corner,Штутгарт,Юг,Масла,Оливковое масло,"1,7",123,"209,1"
,1/18/2022,Go Bio,Гамбург,Север,Сладости,Зефир,"0,65",73,"47,45"
,1/18/2022,Sweetables,Франкфурт,Запад,Сухофрукты,Сушеные яблоки,"1,09",95,"103,55"
,1/18/2022,foodbite,Кёльн,Запад,Сыры,Филадельфия ,"0,89",71,"63,19"
,1/18/2022,Gold Food,Мюнхен,Юг,Масла,Оливковое масло,"1,7",65,"110,5"
,1/18/2022,Organica,Мюнхен,Юг,Масла,Оливковое масло,"1,7",64,"108,8"
,1/18/2022,Sweetables,Франкфурт,Запад,Масла,Оливковое масло,"1,7",82,"139,4"
,1/18/2022,Gold Food,Мюнхен,Юг,Консервы,Говядина тушеная,"1,19",62,"73,78"
,1/18/2022,mymeal,Франкфурт,Запад,Сладости,Зефир,"0,65",81,"52,65"
,1/18/2022,Go Bio,Франкфурт,Запад,Напитки,Кофе,"5,5",77,"423,5"
,1/18/2022,Go Bio,Дрезден,Восток,Специи,Черный перец,"0,59",68,"40,12"
,1/18/2022,Organica,Штутгарт,Юг,Напитки,Кофе,"5,5",75,"412,5"
,1/18/2022,Organica,Франкфурт,Запад,Сухофрукты,Курага,"1,19",64,"76,16"
,1/18/2022,Cooking Corner,Бремен,Север,Консервы,Шпроты,"1,15",46,"52,9"
,1/18/2022,Sweetables,Дрезден,Восток,Сыры,Филадельфия ,"0,89",52,"46,28"
,1/18/2022,foodbite,Бремен,Север,Сладости,Мармелад,"0,6",38,"22,8"
,1/18/2022,Sweetables,Франкфурт,Запад,Консервы,Шпроты,"1,15",47,"54,05"
,1/18/2022,Cooking Corner,Штутгарт,Юг,Консервы,Говядина тушеная,"1,19",47,"55,93"
,1/18/2022,Organica,Штутгарт,Юг,Консервы,Шпроты,"1,15",39,"44,85"
,1/18/2022,Go Bio,Бремен,Север,Масла,Оливковое масло,"1,7",26,"44,2"
,1/18/2022,Gold Food,Дрезден,Восток,Специи,Кориандр,"0,65",14,"9,1"
,1/19/2022,mymeal,Берлин,Восток,Сухофрукты,Сушеные яблоки,"1,09",240,"261,6"
,1/19/2022,Organica,Гамбург,Север,Масла,Сливочное масло,"1,5",219,"328,5"
,1/19/2022,Cooking Corner,Гамбург,Север,Сухофрукты,Курага,"1,19",215,"255,85"
,1/19/2022,mymeal,Франкфурт,Запад,Крупы,Гречка,"1,4",264,"369,6"
,1/19/2022,mymeal,Бремен,Север,Сыры,Гауда,"1,59",203,"322,77"
,1/19/2022,NutriFix,Штутгарт,Юг,Крупы,Рис,"0,96",297,"285,12"
,1/19/2022,NutriFix,Берлин,Восток,Консервы,Килька в томате,"0,89",198,"176,22"
,1/19/2022,Gold Food,Гамбург,Север,Сыры,Филадельфия ,"0,89",191,"169,99"
,1/19/2022,Go Bio,Берлин,Восток,Напитки,Кофе,"5,5",179,"984,5"
,1/19/2022,foodbite,Мюнхен,Юг,Напитки,Зеленый чай,"0,95",176,"167,2"
,1/19/2022,Sweetables,Франкфурт,Запад,Крупы,Перловка,"1,2",229,"274,8"
,1/19/2022,Go Bio,Гамбург,Север,Напитки,Черный чай,"0,99",165,"163,35"
,1/19/2022,Cooking Corner,Бремен,Север,Масла,Подсолнечное масло,"1,19",162,"192,78"
,1/19/2022,Go Bio,Франкфурт,Запад,Сладости,Шоколад,"0,55",208,"114,4"
,1/19/2022,Organica,Гамбург,Север,Консервы,Килька в томате,"0,89",152,"135,28"
,1/19/2022,mymeal,Мюнхен,Юг,Специи,Базилик,"0,7",150,105
,1/19/2022,foodbite,Бремен,Север,Напитки,Зеленый чай,"0,95",135,"128,25"
,1/19/2022,Organica,Штутгарт,Юг,Напитки,Черный чай,"0,99",194,"192,06"
,1/19/2022,foodbite,Мюнхен,Юг,Консервы,Килька в томате,"0,89",122,"108,58"
,1/19/2022,NutriFix,Бремен,Север,Сыры,Моцарелла,"0,59",121,"71,39"
,1/19/2022,NutriFix,Бремен,Север,Сыры,Гауда,"1,59",120,"190,8"
,1/19/2022,Go Bio,Кёльн,Запад,Сыры,Моцарелла,"0,59",116,"68,44"
,1/19/2022,mymeal,Франкфурт,Запад,Консервы,Шпроты,"1,15",147,"169,05"
,1/19/2022,Organica,Штутгарт,Юг,Крупы,Перловка,"1,2",159,"190,8"
,1/19/2022,Gold Food,Дрезден,Восток,Напитки,Зеленый чай,"0,95",137,"130,15"
,1/19/2022,Cooking Corner,Гамбург,Север,Специи,Кориандр,"0,65",103,"66,95"
,1/19/2022,foodbite,Мюнхен,Юг,Сухофрукты,Курага,"1,19",88,"104,72"
,1/19/2022,mymeal,Дрезден,Восток,Сухофрукты,Сушеные яблоки,"1,09",109,"118,81"
,1/19/2022,Gold Food,Мюнхен,Юг,Сладости,Зефир,"0,65",79,"51,35"
,1/19/2022,Go Bio,Мюнхен,Юг,Напитки,Кофе,"5,5",79,"434,5"
,1/19/2022,Cooking Corner,Гамбург,Север,Консервы,Говядина тушеная,"1,19",76,"90,44"
,1/19/2022,Organica,Франкфурт,Запад,Сыры,Филадельфия ,"0,89",91,"80,99"
,1/19/2022,mymeal,Франкфурт,Запад,Консервы,Шпроты,"1,15",90,"103,5"
,1/19/2022,Gold Food,Гамбург,Север,Консервы,Говядина тушеная,"1,19",67,"79,73"
,1/19/2022,Sweetables,Бремен,Север,Консервы,Килька в томате,"0,89",65,"57,85"
,1/19/2022,mymeal,Бремен,Север,Сухофрукты,Сушеные яблоки,"1,09",63,"68,67"
,1/19/2022,NutriFix,Штутгарт,Юг,Сыры,Филадельфия ,"0,89",92,"81,88"
,1/19/2022,NutriFix,Кёльн,Запад,Сухофрукты,Сушеные яблоки,"1,09",56,"61,04"
,1/19/2022,foodbite,Бремен,Север,Сухофрукты,Сушеные яблоки,"1,09",53,"57,77"
,1/19/2022,Gold Food,Франкфурт,Запад,Консервы,Килька в томате,"0,89",61,"54,29"
,1/19/2022,Gold Food,Дрезден,Восток,Сухофрукты,Изюм,"0,99",51,"50,49"
,1/19/2022,Organica,Франкфурт,Запад,Специи,Черный перец,"0,59",49,"28,91"
,1/19/2022,Go Bio,Штутгарт,Юг,Сухофрукты,Курага,"1,19",50,"59,5"
,1/19/2022,Organica,Франкфурт,Запад,Сухофрукты,Сушеные яблоки,"1,09",40,"43,6"
,1/19/2022,Go Bio,Дрезден,Восток,Консервы,Шпроты,"1,15",39,"44,85"
,1/19/2022,Go Bio,Бремен,Север,Напитки,Кофе,"5,5",21,"115,5"
,1/20/2022,Sweetables,Кёльн,Запад,Крупы,Рис,"0,96",320,"307,2"
,1/20/2022,Cooking Corner,Франкфурт,Запад,Сыры,Моцарелла,"0,59",406,"239,54"
,1/20/2022,Organica,Мюнхен,Юг,Сыры,Гауда,"1,59",299,"475,41"
,1/20/2022,mymeal,Кёльн,Запад,Сыры,Моцарелла,"0,59",298,"175,82"
,1/20/2022,Organica,Кёльн,Запад,Крупы,Рис,"0,96",296,"284,16"
,1/20/2022,Gold Food,Гамбург,Север,Масла,Подсолнечное масло,"1,19",283,"336,77"
,1/20/2022,Organica,Мюнхен,Юг,Крупы,Перловка,"1,2",270,324
,1/20/2022,Cooking Corner,Гамбург,Север,Сладости,Мармелад,"0,6",266,"159,6"
,1/20/2022,mymeal,Кёльн,Запад,Крупы,Гречка,"1,4",248,"347,2"
,1/20/2022,Organica,Кёльн,Запад,Сыры,Гауда,"1,59",248,"394,32"
,1/20/2022,Cooking Corner,Гамбург,Север,Сухофрукты,Изюм,"0,99",247,"244,53"
,1/20/2022,Organica,Кёльн,Запад,Масла,Сливочное масло,"1,5",219,"328,5"
,1/20/2022,Gold Food,Кёльн,Запад,Масла,Сливочное масло,"1,5",212,318
,1/20/2022,Cooking Corner,Мюнхен,Юг,Напитки,Кофе,"5,5",205,"1127,5"
,1/20/2022,NutriFix,Берлин,Восток,Сухофрукты,Курага,"1,19",193,"229,67"
,1/20/2022,foodbite,Франкфурт,Запад,Сыры,Моцарелла,"0,59",239,"141,01"
,1/20/2022,mymeal,Кёльн,Запад,Сыры,Филадельфия ,"0,89",174,"154,86"
,1/20/2022,Gold Food,Штутгарт,Юг,Специи,Черный перец,"0,59",257,"151,63"
,1/20/2022,Organica,Кёльн,Запад,Крупы,Перловка,"1,2",165,198
,1/20/2022,Sweetables,Кёльн,Запад,Напитки,Черный чай,"0,99",156,"154,44"
,1/20/2022,Cooking Corner,Кёльн,Запад,Напитки,Зеленый чай,"0,95",150,"142,5"
,1/20/2022,foodbite,Франкфурт,Запад,Масла,Сливочное масло,"1,5",190,285
,1/20/2022,Sweetables,Кёльн,Запад,Специи,Черный перец,"0,59",143,"84,37"
,1/20/2022,NutriFix,Франкфурт,Запад,Крупы,Перловка,"1,2",183,"219,6"
,1/20/2022,Go Bio,Штутгарт,Юг,Сладости,Шоколад,"0,55",189,"103,95"
,1/20/2022,Sweetables,Бремен,Север,Крупы,Перловка,"1,2",121,"145,2"
,1/20/2022,Organica,Кёльн,Запад,Крупы,Гречка,"1,4",121,"169,4"
,1/20/2022,Go Bio,Франкфурт,Запад,Крупы,Перловка,"1,2",152,"182,4"
,1/20/2022,Gold Food,Мюнхен,Юг,Сладости,Мармелад,"0,6",104,"62,4"
,1/20/2022,Organica,Бремен,Север,Масла,Подсолнечное масло,"1,19",102,"121,38"
,1/20/2022,NutriFix,Кёльн,Запад,Сладости,Мармелад,"0,6",101,"60,6"
,1/20/2022,mymeal,Дрезден,Восток,Напитки,Кофе,"5,5",122,671
,1/20/2022,NutriFix,Кёльн,Запад,Консервы,Шпроты,"1,15",88,"101,2"
,1/20/2022,NutriFix,Мюнхен,Юг,Масла,Оливковое масло,"1,7",83,"141,1"
,1/20/2022,Sweetables,Штутгарт,Юг,Напитки,Кофе,"5,5",125,"687,5"
,1/20/2022,NutriFix,Мюнхен,Юг,Сухофрукты,Сушеные яблоки,"1,09",80,"87,2"
,1/20/2022,Sweetables,Штутгарт,Юг,Напитки,Кофе,"5,5",119,"654,5"
,1/20/2022,Organica,Франкфурт,Запад,Крупы,Гречка,"1,4",94,"131,6"
,1/20/2022,NutriFix,Бремен,Север,Крупы,Гречка,"1,4",71,"99,4"
,1/20/2022,Gold Food,Мюнхен,Юг,Сладости,Зефир,"0,65",71,"46,15"
,1/20/2022,Sweetables,Гамбург,Север,Консервы,Говядина тушеная,"1,19",71,"84,49"
,1/20/2022,foodbite,Дрезден,Восток,Напитки,Черный чай,"0,99",90,"89,1"
,1/20/2022,Go Bio,Штутгарт,Юг,Сыры,Филадельфия ,"0,89",83,"73,87"
,1/20/2022,Go Bio,Бремен,Север,Крупы,Гречка,"1,4",46,"64,4"
,1/20/2022,NutriFix,Бремен,Север,Сладости,Мармелад,"0,6",46,"27,6"
,1/20/2022,Go Bio,Дрезден,Восток,Сладости,Мармелад,"0,6",55,33
,1/20/2022,Gold Food,Франкфурт,Запад,Специи,Базилик,"0,7",53,"37,1"
,1/20/2022,Go Bio,Штутгарт,Юг,Сухофрукты,Изюм,"0,99",54,"53,46"
,1/20/2022,NutriFix,Франкфурт,Запад,Масла,Оливковое масло,"1,7",46,"78,2"
,1/20/2022,foodbite,Бремен,Север,Напитки,Кофе,"5,5",32,176
,1/20/2022,Go Bio,Кёльн,Запад,Консервы,Говядина тушеная,"1,19",27,"32,13"
,1/20/2022,Go Bio,Штутгарт,Юг,Сладости,Зефир,"0,65",33,"21,45"
,1/20/2022,Gold Food,Штутгарт,Юг,Специи,Базилик,"0,7",32,"22,4"
,1/20/2022,Go Bio,Бремен,Север,Специи,Кориандр,"0,65",10,"6,5"
,1/21/2022,Sweetables,Кёльн,Запад,Масла,Подсолнечное масло,"1,19",253,"301,07"
,1/21/2022,Go Bio,Франкфурт,Запад,Сладости,Шоколад,"0,55",283,"155,65"
,1/21/2022,NutriFix,Гамбург,Север,Сладости,Мармелад,"0,6",203,"121,8"
,1/21/2022,Cooking Corner,Мюнхен,Юг,Консервы,Шпроты,"1,15",165,"189,75"
,1/21/2022,NutriFix,Франкфурт,Запад,Специи,Черный перец,"0,59",213,"125,67"
,1/21/2022,NutriFix,Франкфурт,Запад,Крупы,Рис,"0,96",212,"203,52"
,1/21/2022,mymeal,Бремен,Север,Напитки,Черный чай,"0,99",151,"149,49"
,1/21/2022,foodbite,Бремен,Север,Сыры,Моцарелла,"0,59",143,"84,37"
,1/21/2022,Cooking Corner,Мюнхен,Юг,Масла,Оливковое масло,"1,7",127,"215,9"
,1/21/2022,Sweetables,Франкфурт,Запад,Крупы,Перловка,"1,2",160,192
,1/21/2022,foodbite,Кёльн,Запад,Напитки,Кофе,"5,5",123,"676,5"
,1/21/2022,Go Bio,Гамбург,Север,Сухофрукты,Изюм,"0,99",121,"119,79"
,1/21/2022,NutriFix,Штутгарт,Юг,Масла,Подсолнечное масло,"1,19",177,"210,63"
,1/21/2022,Sweetables,Кёльн,Запад,Сухофрукты,Изюм,"0,99",116,"114,84"
,1/21/2022,Organica,Бремен,Север,Масла,Подсолнечное масло,"1,19",104,"123,76"
,1/21/2022,Cooking Corner,Бремен,Север,Сыры,Филадельфия ,"0,89",103,"91,67"
,1/21/2022,Cooking Corner,Мюнхен,Юг,Специи,Базилик,"0,7",102,"71,4"
,1/21/2022,Organica,Дрезден,Восток,Сыры,Моцарелла,"0,59",129,"76,11"
,1/21/2022,Organica,Франкфурт,Запад,Напитки,Зеленый чай,"0,95",125,"118,75"
,1/21/2022,Cooking Corner,Бремен,Север,Масла,Оливковое масло,"1,7",90,153
,1/21/2022,Gold Food,Гамбург,Север,Специи,Базилик,"0,7",90,63
,1/21/2022,NutriFix,Кёльн,Запад,Консервы,Шпроты,"1,15",88,"101,2"
,1/21/2022,foodbite,Бремен,Север,Сыры,Моцарелла,"0,59",80,"47,2"
,1/21/2022,Organica,Кёльн,Запад,Сладости,Мармелад,"0,6",78,"46,8"
,1/21/2022,mymeal,Дрезден,Восток,Сухофрукты,Курага,"1,19",92,"109,48"
,1/21/2022,mymeal,Дрезден,Восток,Сухофрукты,Курага,"1,19",90,"107,1"
,1/21/2022,Go Bio,Франкфурт,Запад,Сухофрукты,Изюм,"0,99",87,"86,13"
,1/21/2022,Cooking Corner,Бремен,Север,Сладости,Мармелад,"0,6",67,"40,2"
,1/21/2022,mymeal,Дрезден,Восток,Масла,Оливковое масло,"1,7",85,"144,5"
,1/21/2022,foodbite,Дрезден,Восток,Сухофрукты,Изюм,"0,99",83,"82,17"
,1/21/2022,mymeal,Мюнхен,Юг,Специи,Кориандр,"0,65",60,39
,1/21/2022,mymeal,Кёльн,Запад,Напитки,Кофе,"5,5",59,"324,5"
,1/21/2022,Go Bio,Кёльн,Запад,Сыры,Филадельфия ,"0,89",58,"51,62"
,1/21/2022,Sweetables,Штутгарт,Юг,Консервы,Шпроты,"1,15",86,"98,9"
,1/21/2022,Sweetables,Бремен,Север,Напитки,Черный чай,"0,99",54,"53,46"
,1/21/2022,Gold Food,Франкфурт,Запад,Сладости,Мармелад,"0,6",70,42
,1/21/2022,foodbite,Франкфурт,Запад,Сладости,Мармелад,"0,6",68,"40,8"
,1/21/2022,mymeal,Штутгарт,Юг,Сладости,Зефир,"0,65",66,"42,9"
,1/21/2022,Go Bio,Штутгарт,Юг,Сухофрукты,Сушеные яблоки,"1,09",65,"70,85"
,1/21/2022,Go Bio,Франкфурт,Запад,Сухофрукты,Курага,"1,19",55,"65,45"
,1/21/2022,Gold Food,Франкфурт,Запад,Масла,Оливковое масло,"1,7",53,"90,1"
,1/21/2022,Organica,Франкфурт,Запад,Напитки,Черный чай,"0,99",49,"48,51"
,1/21/2022,Go Bio,Гамбург,Север,Специи,Кориандр,"0,65",37,"24,05"
,1/21/2022,Go Bio,Франкфурт,Запад,Масла,Оливковое масло,"1,7",47,"79,9"
,1/21/2022,Go Bio,Бремен,Север,Масла,Оливковое масло,"1,7",36,"61,2"
,1/21/2022,Cooking Corner,Штутгарт,Юг,Специи,Кориандр,"0,65",50,"32,5"
,1/21/2022,Organica,Кёльн,Запад,Специи,Базилик,"0,7",30,21
,1/21/2022,Go Bio,Франкфурт,Запад,Сладости,Зефир,"0,65",39,"25,35"
,1/21/2022,Go Bio,Штутгарт,Юг,Специи,Базилик,"0,7",42,"29,4"
,1/21/2022,Organica,Дрезден,Восток,Консервы,Говядина тушеная,"1,19",34,"40,46"
,1/21/2022,Go Bio,Дрезден,Восток,Сыры,Филадельфия ,"0,89",34,"30,26"
,1/21/2022,Organica,Дрезден,Восток,Консервы,Шпроты,"1,15",33,"37,95"
,1/21/2022,mymeal,Дрезден,Восток,Специи,Кориандр,"0,65",31,"20,15"
,1/21/2022,NutriFix,Бремен,Север,Сухофрукты,Сушеные яблоки,"1,09",24,"26,16"
,1/21/2022,Sweetables,Штутгарт,Юг,Консервы,Говядина тушеная,"1,19",32,"38,08"
,1/21/2022,Sweetables,Штутгарт,Юг,Специи,Кориандр,"0,65",21,"13,65"
,1/22/2022,mymeal,Берлин,Восток,Сыры,Гауда,"1,59",991,"1575,69"
,1/22/2022,Cooking Corner,Мюнхен,Юг,Напитки,Черный чай,"0,99",671,"664,29"
,1/22/2022,Sweetables,Мюнхен,Юг,Напитки,Черный чай,"0,99",462,"457,38"
,1/22/2022,Go Bio,Берлин,Восток,Масла,Подсолнечное масло,"1,19",427,"508,13"
,1/22/2022,mymeal,Берлин,Восток,Масла,Оливковое масло,"1,7",398,"676,6"
,1/22/2022,mymeal,Кёльн,Запад,Масла,Сливочное масло,"1,5",317,"475,5"
,1/22/2022,Cooking Corner,Гамбург,Север,Сухофрукты,Сушеные яблоки,"1,09",309,"336,81"
,1/22/2022,foodbite,Кёльн,Запад,Масла,Подсолнечное масло,"1,19",306,"364,14"
,1/22/2022,Gold Food,Кёльн,Запад,Крупы,Рис,"0,96",291,"279,36"
,1/22/2022,foodbite,Штутгарт,Юг,Сладости,Шоколад,"0,55",435,"239,25"
,1/22/2022,foodbite,Гамбург,Север,Крупы,Перловка,"1,2",290,348
,1/22/2022,NutriFix,Берлин,Восток,Напитки,Кофе,"5,5",284,1562
,1/22/2022,foodbite,Берлин,Восток,Сухофрукты,Изюм,"0,99",282,"279,18"
,1/22/2022,Cooking Corner,Мюнхен,Юг,Напитки,Кофе,"5,5",277,"1523,5"
,1/22/2022,mymeal,Берлин,Восток,Сладости,Зефир,"0,65",264,"171,6"
,1/22/2022,mymeal,Штутгарт,Юг,Напитки,Черный чай,"0,99",395,"391,05"
,1/22/2022,mymeal,Дрезден,Восток,Сладости,Шоколад,"0,55",322,"177,1"
,1/22/2022,mymeal,Кёльн,Запад,Сыры,Филадельфия ,"0,89",224,"199,36"
,1/22/2022,NutriFix,Гамбург,Север,Консервы,Килька в томате,"0,89",206,"183,34"
,1/22/2022,Sweetables,Франкфурт,Запад,Крупы,Рис,"0,96",265,"254,4"
,1/22/2022,foodbite,Франкфурт,Запад,Напитки,Черный чай,"0,99",261,"258,39"
,1/22/2022,mymeal,Штутгарт,Юг,Масла,Сливочное масло,"1,5",294,441
,1/22/2022,Gold Food,Берлин,Восток,Консервы,Шпроты,"1,15",184,"211,6"
,1/22/2022,mymeal,Дрезден,Восток,Масла,Сливочное масло,"1,5",225,"337,5"
,1/22/2022,foodbite,Бремен,Север,Напитки,Черный чай,"0,99",170,"168,3"
,1/22/2022,NutriFix,Кёльн,Запад,Крупы,Перловка,"1,2",167,"200,4"
,1/22/2022,Sweetables,Бремен,Север,Сыры,Гауда,"1,59",165,"262,35"
,1/22/2022,mymeal,Кёльн,Запад,Сладости,Мармелад,"0,6",163,"97,8"
,1/22/2022,foodbite,Франкфурт,Запад,Напитки,Зеленый чай,"0,95",200,190
,1/22/2022,Go Bio,Бремен,Север,Сыры,Гауда,"1,59",153,"243,27"
,1/22/2022,Cooking Corner,Бремен,Север,Сыры,Моцарелла,"0,59",147,"86,73"
,1/22/2022,Organica,Гамбург,Север,Сыры,Филадельфия ,"0,89",145,"129,05"
,1/22/2022,foodbite,Кёльн,Запад,Сухофрукты,Изюм,"0,99",140,"138,6"
,1/22/2022,Cooking Corner,Франкфурт,Запад,Консервы,Килька в томате,"0,89",173,"153,97"
,1/22/2022,NutriFix,Дрезден,Восток,Масла,Сливочное масло,"1,5",161,"241,5"
,1/22/2022,Cooking Corner,Бремен,Север,Сладости,Мармелад,"0,6",123,"73,8"
,1/22/2022,NutriFix,Штутгарт,Юг,Напитки,Черный чай,"0,99",183,"181,17"
,1/22/2022,foodbite,Мюнхен,Юг,Консервы,Шпроты,"1,15",111,"127,65"
,1/22/2022,Sweetables,Штутгарт,Юг,Напитки,Зеленый чай,"0,95",165,"156,75"
,1/22/2022,Go Bio,Берлин,Восток,Консервы,Говядина тушеная,"1,19",108,"128,52"
,1/22/2022,Sweetables,Бремен,Север,Сыры,Моцарелла,"0,59",105,"61,95"
,1/22/2022,Cooking Corner,Бремен,Север,Сыры,Филадельфия ,"0,89",101,"89,89"
,1/22/2022,NutriFix,Кёльн,Запад,Сладости,Мармелад,"0,6",94,"56,4"
,1/22/2022,Cooking Corner,Мюнхен,Юг,Специи,Кориандр,"0,65",80,52
,1/22/2022,Go Bio,Кёльн,Запад,Сухофрукты,Изюм,"0,99",78,"77,22"
,1/22/2022,Sweetables,Штутгарт,Юг,Напитки,Черный чай,"0,99",111,"109,89"
,1/22/2022,mymeal,Бремен,Север,Сухофрукты,Курага,"1,19",71,"84,49"
,1/22/2022,Cooking Corner,Бремен,Север,Сухофрукты,Курага,"1,19",68,"80,92"
,1/22/2022,Organica,Кёльн,Запад,Специи,Черный перец,"0,59",60,"35,4"
,1/22/2022,Sweetables,Франкфурт,Запад,Напитки,Кофе,"5,5",77,"423,5"
,1/22/2022,mymeal,Бремен,Север,Специи,Базилик,"0,7",57,"39,9"
,1/22/2022,Cooking Corner,Бремен,Север,Специи,Базилик,"0,7",55,"38,5"
,1/22/2022,Sweetables,Дрезден,Восток,Сухофрукты,Курага,"1,19",68,"80,92"
,1/22/2022,Sweetables,Штутгарт,Юг,Специи,Черный перец,"0,59",72,"42,48"
,1/22/2022,mymeal,Дрезден,Восток,Консервы,Шпроты,"1,15",61,"70,15"
,1/22/2022,Go Bio,Кёльн,Запад,Консервы,Шпроты,"1,15",46,"52,9"
,1/22/2022,Sweetables,Штутгарт,Юг,Сухофрукты,Курага,"1,19",69,"82,11"
,1/22/2022,Go Bio,Франкфурт,Запад,Консервы,Шпроты,"1,15",59,"67,85"
,1/22/2022,Sweetables,Штутгарт,Юг,Сыры,Филадельфия ,"0,89",65,"57,85"
,1/22/2022,Gold Food,Бремен,Север,Масла,Оливковое масло,"1,7",42,"71,4"
,1/22/2022,Organica,Кёльн,Запад,Консервы,Говядина тушеная,"1,19",42,"49,98"
,1/22/2022,Go Bio,Штутгарт,Юг,Консервы,Шпроты,"1,15",63,"72,45"
,1/22/2022,Gold Food,Франкфурт,Запад,Сладости,Зефир,"0,65",47,"30,55"
,1/22/2022,Gold Food,Франкфурт,Запад,Консервы,Говядина тушеная,"1,19",40,"47,6"
,1/22/2022,mymeal,Бремен,Север,Специи,Кориандр,"0,65",27,"17,55"
,1/22/2022,Organica,Штутгарт,Юг,Специи,Базилик,"0,7",39,"27,3"
,1/22/2022,mymeal,Бремен,Север,Консервы,Говядина тушеная,"1,19",24,"28,56"
,1/22/2022,mymeal,Бремен,Север,Консервы,Говядина тушеная,"1,19",18,"21,42"
,1/22/2022,mymeal,Бремен,Север,Консервы,Говядина тушеная,"1,19",17,"20,23"
,1/22/2022,Go Bio,Штутгарт,Юг,Консервы,Говядина тушеная,"1,19",23,"27,37"
,1/22/2022,NutriFix,Бремен,Север,Консервы,Говядина тушеная,"1,19",10,"11,9"
,1/23/2022,Organica,Гамбург,Север,Напитки,Черный чай,"0,99",274,"271,26"
,1/23/2022,Gold Food,Кёльн,Запад,Сладости,Шоколад,"0,55",243,"133,65"
,1/23/2022,Sweetables,Франкфурт,Запад,Сладости,Шоколад,"0,55",311,"171,05"
,1/23/2022,foodbite,Штутгарт,Юг,Напитки,Зеленый чай,"0,95",258,"245,1"
,1/23/2022,mymeal,Берлин,Восток,Сладости,Зефир,"0,65",168,"109,2"
,1/23/2022,Sweetables,Франкфурт,Запад,Специи,Черный перец,"0,59",199,"117,41"
,1/23/2022,foodbite,Дрезден,Восток,Сладости,Шоколад,"0,55",195,"107,25"
,1/23/2022,foodbite,Бремен,Север,Напитки,Зеленый чай,"0,95",148,"140,6"
,1/23/2022,Sweetables,Штутгарт,Юг,Масла,Сливочное масло,"1,5",219,"328,5"
,1/23/2022,foodbite,Штутгарт,Юг,Сыры,Гауда,"1,59",218,"346,62"
,1/23/2022,NutriFix,Дрезден,Восток,Масла,Сливочное масло,"1,5",189,"283,5"
,1/23/2022,NutriFix,Гамбург,Север,Напитки,Кофе,"5,5",135,"742,5"
,1/23/2022,Gold Food,Штутгарт,Юг,Напитки,Черный чай,"0,99",203,"200,97"
,1/23/2022,Gold Food,Берлин,Восток,Масла,Оливковое масло,"1,7",132,"224,4"
,1/23/2022,Gold Food,Кёльн,Запад,Консервы,Килька в томате,"0,89",120,"106,8"
,1/23/2022,Go Bio,Бремен,Север,Сладости,Шоколад,"0,55",110,"60,5"
,1/23/2022,mymeal,Бремен,Север,Сладости,Мармелад,"0,6",106,"63,6"
,1/23/2022,Sweetables,Кёльн,Запад,Сыры,Филадельфия ,"0,89",102,"90,78"
,1/23/2022,NutriFix,Мюнхен,Юг,Масла,Оливковое масло,"1,7",96,"163,2"
,1/23/2022,Organica,Штутгарт,Юг,Специи,Черный перец,"0,59",138,"81,42"
,1/23/2022,foodbite,Бремен,Север,Сыры,Моцарелла,"0,59",86,"50,74"
,1/23/2022,foodbite,Мюнхен,Юг,Специи,Базилик,"0,7",82,"57,4"
,1/23/2022,Sweetables,Штутгарт,Юг,Сыры,Филадельфия ,"0,89",119,"105,91"
,1/23/2022,Cooking Corner,Бремен,Север,Консервы,Шпроты,"1,15",75,"86,25"
,1/23/2022,Sweetables,Мюнхен,Юг,Консервы,Шпроты,"1,15",74,"85,1"
,1/23/2022,Cooking Corner,Штутгарт,Юг,Сухофрукты,Сушеные яблоки,"1,09",104,"113,36"
,1/23/2022,Sweetables,Дрезден,Восток,Сухофрукты,Изюм,"0,99",86,"85,14"
,1/23/2022,Cooking Corner,Бремен,Север,Напитки,Черный чай,"0,99",63,"62,37"
,1/23/2022,NutriFix,Дрезден,Восток,Сладости,Мармелад,"0,6",77,"46,2"
,1/23/2022,Sweetables,Франкфурт,Запад,Масла,Оливковое масло,"1,7",75,"127,5"
,1/23/2022,Sweetables,Дрезден,Восток,Сухофрукты,Курага,"1,19",68,"80,92"
,1/23/2022,Organica,Гамбург,Север,Напитки,Кофе,"5,5",51,"280,5"
,1/23/2022,mymeal,Штутгарт,Юг,Специи,Базилик,"0,7",71,"49,7"
,1/23/2022,Sweetables,Штутгарт,Юг,Сухофрукты,Курага,"1,19",69,"82,11"
,1/23/2022,mymeal,Штутгарт,Юг,Сладости,Зефир,"0,65",69,"44,85"
,1/23/2022,Go Bio,Дрезден,Восток,Сыры,Филадельфия ,"0,89",60,"53,4"
,1/23/2022,Gold Food,Дрезден,Восток,Сухофрукты,Изюм,"0,99",59,"58,41"
,1/23/2022,foodbite,Штутгарт,Юг,Сухофрукты,Курага,"1,19",62,"73,78"
,1/23/2022,NutriFix,Кёльн,Запад,Консервы,Говядина тушеная,"1,19",40,"47,6"
,1/23/2022,foodbite,Бремен,Север,Специи,Черный перец,"0,59",40,"23,6"
,1/23/2022,NutriFix,Бремен,Север,Масла,Оливковое масло,"1,7",37,"62,9"
,1/23/2022,Gold Food,Франкфурт,Запад,Консервы,Говядина тушеная,"1,19",47,"55,93"
,1/23/2022,Organica,Гамбург,Север,Консервы,Говядина тушеная,"1,19",32,"38,08"
,1/23/2022,Organica,Дрезден,Восток,Специи,Черный перец,"0,59",36,"21,24"
,1/23/2022,foodbite,Бремен,Север,Консервы,Шпроты,"1,15",28,"32,2"
,1/23/2022,Gold Food,Бремен,Север,Сухофрукты,Курага,"1,19",25,"29,75"
,1/23/2022,Go Bio,Дрезден,Восток,Сладости,Зефир,"0,65",33,"21,45"
,1/23/2022,NutriFix,Бремен,Север,Специи,Базилик,"0,7",23,"16,1"
,1/23/2022,Go Bio,Кёльн,Запад,Консервы,Говядина тушеная,"1,19",16,"19,04"
,1/23/2022,NutriFix,Кёльн,Запад,Специи,Кориандр,"0,65",15,"9,75"
,1/23/2022,Go Bio,Франкфурт,Запад,Специи,Кориандр,"0,65",18,"11,7"
,1/23/2022,Go Bio,Франкфурт,Запад,Консервы,Говядина тушеная,"1,19",18,"21,42"
,1/24/2022,Gold Food,Берлин,Восток,Напитки,Черный чай,"0,99",671,"664,29"
,1/24/2022,Sweetables,Берлин,Восток,Масла,Подсолнечное масло,"1,19",537,"639,03"
,1/24/2022,NutriFix,Берлин,Восток,Масла,Сливочное масло,"1,5",488,732
,1/24/2022,mymeal,Франкфурт,Запад,Сладости,Шоколад,"0,55",608,"334,4"
,1/24/2022,Gold Food,Гамбург,Север,Напитки,Черный чай,"0,99",413,"408,87"
,1/24/2022,foodbite,Мюнхен,Юг,Крупы,Рис,"0,96",354,"339,84"
,1/24/2022,Organica,Мюнхен,Юг,Напитки,Черный чай,"0,99",340,"336,6"
,1/24/2022,Organica,Мюнхен,Юг,Масла,Подсолнечное масло,"1,19",311,"370,09"
,1/24/2022,Gold Food,Мюнхен,Юг,Напитки,Зеленый чай,"0,95",288,"273,6"
,1/24/2022,Sweetables,Берлин,Восток,Сыры,Филадельфия ,"0,89",282,"250,98"
,1/24/2022,Organica,Берлин,Восток,Сыры,Моцарелла,"0,59",275,"162,25"
,1/24/2022,foodbite,Гамбург,Север,Крупы,Гречка,"1,4",244,"341,6"
,1/24/2022,Organica,Гамбург,Север,Крупы,Перловка,"1,2",244,"292,8"
,1/24/2022,Sweetables,Штутгарт,Юг,Крупы,Рис,"0,96",353,"338,88"
,1/24/2022,NutriFix,Кёльн,Запад,Сладости,Шоколад,"0,55",216,"118,8"
,1/24/2022,Go Bio,Франкфурт,Запад,Крупы,Рис,"0,96",278,"266,88"
,1/24/2022,Cooking Corner,Штутгарт,Юг,Масла,Подсолнечное масло,"1,19",306,"364,14"
,1/24/2022,Cooking Corner,Штутгарт,Юг,Напитки,Зеленый чай,"0,95",273,"259,35"
,1/24/2022,Organica,Берлин,Восток,Напитки,Кофе,"5,5",169,"929,5"
,1/24/2022,foodbite,Штутгарт,Юг,Масла,Подсолнечное масло,"1,19",251,"298,69"
,1/24/2022,mymeal,Бремен,Север,Крупы,Перловка,"1,2",159,"190,8"
,1/24/2022,Go Bio,Мюнхен,Юг,Специи,Черный перец,"0,59",152,"89,68"
,1/24/2022,Cooking Corner,Дрезден,Восток,Крупы,Перловка,"1,2",186,"223,2"
,1/24/2022,Sweetables,Франкфурт,Запад,Сыры,Моцарелла,"0,59",169,"99,71"
,1/24/2022,Go Bio,Бремен,Север,Масла,Сливочное масло,"1,5",122,183
,1/24/2022,foodbite,Дрезден,Восток,Сыры,Гауда,"1,59",157,"249,63"
,1/24/2022,Sweetables,Бремен,Север,Сыры,Моцарелла,"0,59",120,"70,8"
,1/24/2022,NutriFix,Кёльн,Запад,Крупы,Гречка,"1,4",115,161
,1/24/2022,NutriFix,Мюнхен,Юг,Сладости,Мармелад,"0,6",115,69
,1/24/2022,Cooking Corner,Штутгарт,Юг,Крупы,Гречка,"1,4",170,238
,1/24/2022,Gold Food,Штутгарт,Юг,Сыры,Моцарелла,"0,59",167,"98,53"
,1/24/2022,Cooking Corner,Бремен,Север,Консервы,Килька в томате,"0,89",109,"97,01"
,1/24/2022,Sweetables,Мюнхен,Юг,Консервы,Шпроты,"1,15",98,"112,7"
,1/24/2022,foodbite,Штутгарт,Юг,Напитки,Черный чай,"0,99",140,"138,6"
,1/24/2022,Go Bio,Бремен,Север,Сыры,Моцарелла,"0,59",85,"50,15"
,1/24/2022,foodbite,Штутгарт,Юг,Сладости,Мармелад,"0,6",126,"75,6"
,1/24/2022,Gold Food,Кёльн,Запад,Масла,Оливковое масло,"1,7",81,"137,7"
,1/24/2022,NutriFix,Мюнхен,Юг,Масла,Оливковое масло,"1,7",80,136
,1/24/2022,foodbite,Штутгарт,Юг,Сладости,Мармелад,"0,6",116,"69,6"
,1/24/2022,NutriFix,Штутгарт,Юг,Напитки,Зеленый чай,"0,95",99,"94,05"
,1/24/2022,Gold Food,Дрезден,Восток,Специи,Черный перец,"0,59",83,"48,97"
,1/24/2022,Cooking Corner,Штутгарт,Юг,Сухофрукты,Сушеные яблоки,"1,09",89,"97,01"
,1/24/2022,foodbite,Кёльн,Запад,Сухофрукты,Курага,"1,19",58,"69,02"
,1/24/2022,Gold Food,Франкфурт,Запад,Консервы,Килька в томате,"0,89",74,"65,86"
,1/24/2022,NutriFix,Дрезден,Восток,Консервы,Килька в томате,"0,89",72,"64,08"
,1/24/2022,Sweetables,Франкфурт,Запад,Напитки,Кофе,"5,5",70,385
,1/24/2022,NutriFix,Франкфурт,Запад,Сухофрукты,Курага,"1,19",66,"78,54"
,1/24/2022,Sweetables,Штутгарт,Юг,Сухофрукты,Курага,"1,19",69,"82,11"
,1/24/2022,Gold Food,Бремен,Север,Сухофрукты,Сушеные яблоки,"1,09",39,"42,51"
,1/24/2022,Go Bio,Бремен,Север,Сухофрукты,Курага,"1,19",39,"46,41"
,1/24/2022,Go Bio,Бремен,Север,Напитки,Кофе,"5,5",38,209
,1/24/2022,Organica,Штутгарт,Юг,Напитки,Кофе,"5,5",50,275
,1/24/2022,Gold Food,Дрезден,Восток,Сухофрукты,Курага,"1,19",42,"49,98"
,1/24/2022,NutriFix,Штутгарт,Юг,Сухофрукты,Сушеные яблоки,"1,09",47,"51,23"
,1/24/2022,Go Bio,Кёльн,Запад,Специи,Базилик,"0,7",28,"19,6"
,1/24/2022,NutriFix,Дрезден,Восток,Сладости,Зефир,"0,65",33,"21,45"
,1/24/2022,Organica,Дрезден,Восток,Консервы,Говядина тушеная,"1,19",29,"34,51"
,1/24/2022,NutriFix,Штутгарт,Юг,Напитки,Кофе,"5,5",30,165
,1/25/2022,Cooking Corner,Гамбург,Север,Сыры,Филадельфия ,"0,89",359,"319,51"
,1/25/2022,Cooking Corner,Гамбург,Север,Напитки,Кофе,"5,5",339,"1864,5"
,1/25/2022,Cooking Corner,Штутгарт,Юг,Масла,Подсолнечное масло,"1,19",491,"584,29"
,1/25/2022,NutriFix,Мюнхен,Юг,Сыры,Моцарелла,"0,59",313,"184,67"
,1/25/2022,Organica,Гамбург,Север,Крупы,Перловка,"1,2",311,"373,2"
,1/25/2022,NutriFix,Берлин,Восток,Напитки,Кофе,"5,5",271,"1490,5"
,1/25/2022,Organica,Гамбург,Север,Крупы,Перловка,"1,2",261,"313,2"
,1/25/2022,Sweetables,Гамбург,Север,Сыры,Моцарелла,"0,59",255,"150,45"
,1/25/2022,foodbite,Кёльн,Запад,Масла,Сливочное масло,"1,5",250,375
,1/25/2022,Sweetables,Берлин,Восток,Консервы,Шпроты,"1,15",250,"287,5"
,1/25/2022,Cooking Corner,Дрезден,Восток,Сыры,Гауда,"1,59",321,"510,39"
,1/25/2022,Gold Food,Франкфурт,Запад,Сладости,Шоколад,"0,55",304,"167,2"
,1/25/2022,Gold Food,Берлин,Восток,Консервы,Килька в томате,"0,89",209,"186,01"
,1/25/2022,Gold Food,Гамбург,Север,Консервы,Килька в томате,"0,89",200,178
,1/25/2022,Sweetables,Штутгарт,Юг,Крупы,Рис,"0,96",290,"278,4"
,1/25/2022,Cooking Corner,Мюнхен,Юг,Консервы,Говядина тушеная,"1,19",160,"190,4"
,1/25/2022,Gold Food,Франкфурт,Запад,Масла,Подсолнечное масло,"1,19",207,"246,33"
,1/25/2022,Organica,Гамбург,Север,Сыры,Филадельфия ,"0,89",157,"139,73"
,1/25/2022,NutriFix,Штутгарт,Юг,Специи,Черный перец,"0,59",221,"130,39"
,1/25/2022,Organica,Штутгарт,Юг,Крупы,Рис,"0,96",221,"212,16"
,1/25/2022,foodbite,Дрезден,Восток,Масла,Сливочное масло,"1,5",179,"268,5"
,1/25/2022,Sweetables,Дрезден,Восток,Напитки,Зеленый чай,"0,95",174,"165,3"
,1/25/2022,Organica,Дрезден,Восток,Сыры,Гауда,"1,59",169,"268,71"
,1/25/2022,Cooking Corner,Кёльн,Запад,Сухофрукты,Изюм,"0,99",130,"128,7"
,1/25/2022,Gold Food,Гамбург,Север,Сухофрукты,Сушеные яблоки,"1,09",127,"138,43"
,1/25/2022,Go Bio,Дрезден,Восток,Масла,Сливочное масло,"1,5",159,"238,5"
,1/25/2022,Gold Food,Дрезден,Восток,Сладости,Шоколад,"0,55",153,"84,15"
,1/25/2022,NutriFix,Мюнхен,Юг,Масла,Оливковое масло,"1,7",115,"195,5"
,1/25/2022,Gold Food,Штутгарт,Юг,Специи,Черный перец,"0,59",164,"96,76"
,1/25/2022,Go Bio,Гамбург,Север,Сладости,Мармелад,"0,6",107,"64,2"
,1/25/2022,Sweetables,Дрезден,Восток,Масла,Сливочное масло,"1,5",134,201
,1/25/2022,Go Bio,Мюнхен,Юг,Консервы,Килька в томате,"0,89",102,"90,78"
,1/25/2022,Sweetables,Кёльн,Запад,Сухофрукты,Курага,"1,19",95,"113,05"
,1/25/2022,NutriFix,Бремен,Север,Сыры,Моцарелла,"0,59",94,"55,46"
,1/25/2022,Organica,Штутгарт,Юг,Крупы,Рис,"0,96",138,"132,48"
,1/25/2022,NutriFix,Мюнхен,Юг,Напитки,Кофе,"5,5",87,"478,5"
,1/25/2022,Organica,Берлин,Восток,Консервы,Шпроты,"1,15",81,"93,15"
,1/25/2022,Organica,Гамбург,Север,Сухофрукты,Сушеные яблоки,"1,09",79,"86,11"
,1/25/2022,foodbite,Штутгарт,Юг,Сыры,Филадельфия ,"0,89",119,"105,91"
,1/25/2022,Cooking Corner,Гамбург,Север,Консервы,Говядина тушеная,"1,19",78,"92,82"
,1/25/2022,Sweetables,Мюнхен,Юг,Сладости,Зефир,"0,65",78,"50,7"
,1/25/2022,Gold Food,Кёльн,Запад,Масла,Оливковое масло,"1,7",77,"130,9"
,1/25/2022,mymeal,Франкфурт,Запад,Специи,Базилик,"0,7",96,"67,2"
,1/25/2022,NutriFix,Берлин,Восток,Консервы,Говядина тушеная,"1,19",72,"85,68"
,1/25/2022,Cooking Corner,Гамбург,Север,Специи,Кориандр,"0,65",71,"46,15"
,1/25/2022,Cooking Corner,Кёльн,Запад,Сладости,Зефир,"0,65",68,"44,2"
,1/25/2022,NutriFix,Штутгарт,Юг,Сухофрукты,Изюм,"0,99",101,"99,99"
,1/25/2022,Go Bio,Берлин,Восток,Консервы,Говядина тушеная,"1,19",65,"77,35"
,1/25/2022,foodbite,Кёльн,Запад,Масла,Оливковое масло,"1,7",63,"107,1"
,1/25/2022,Sweetables,Штутгарт,Юг,Сладости,Мармелад,"0,6",90,54
,1/25/2022,Sweetables,Кёльн,Запад,Сладости,Зефир,"0,65",59,"38,35"
,1/25/2022,Gold Food,Дрезден,Восток,Консервы,Килька в томате,"0,89",75,"66,75"
,1/25/2022,Organica,Гамбург,Север,Консервы,Шпроты,"1,15",56,"64,4"
,1/25/2022,Sweetables,Дрезден,Восток,Специи,Черный перец,"0,59",70,"41,3"
,1/25/2022,Go Bio,Франкфурт,Запад,Сухофрукты,Сушеные яблоки,"1,09",66,"71,94"
,1/25/2022,Sweetables,Гамбург,Север,Консервы,Говядина тушеная,"1,19",49,"58,31"
,1/25/2022,Gold Food,Дрезден,Восток,Сладости,Мармелад,"0,6",62,"37,2"
,1/25/2022,mymeal,Бремен,Север,Масла,Оливковое масло,"1,7",47,"79,9"
,1/25/2022,Organica,Бремен,Север,Напитки,Зеленый чай,"0,95",47,"44,65"
,1/25/2022,Go Bio,Штутгарт,Юг,Сухофрукты,Изюм,"0,99",71,"70,29"
,1/25/2022,Go Bio,Мюнхен,Юг,Специи,Базилик,"0,7",47,"32,9"
,1/25/2022,NutriFix,Берлин,Восток,Специи,Кориандр,"0,65",46,"29,9"
,1/25/2022,Go Bio,Кёльн,Запад,Сладости,Зефир,"0,65",43,"27,95"
,1/25/2022,Gold Food,Гамбург,Север,Консервы,Говядина тушеная,"1,19",42,"49,98"
,1/25/2022,Sweetables,Франкфурт,Запад,Специи,Базилик,"0,7",55,"38,5"
,1/25/2022,Go Bio,Штутгарт,Юг,Сухофрукты,Курага,"1,19",63,"74,97"
,1/25/2022,Gold Food,Дрезден,Восток,Сыры,Филадельфия ,"0,89",55,"48,95"
,1/25/2022,mymeal,Бремен,Север,Специи,Базилик,"0,7",40,28
,1/25/2022,Go Bio,Бремен,Север,Консервы,Шпроты,"1,15",39,"44,85"
,1/25/2022,Sweetables,Мюнхен,Юг,Специи,Кориандр,"0,65",39,"25,35"
,1/25/2022,Cooking Corner,Дрезден,Восток,Консервы,Говядина тушеная,"1,19",49,"58,31"
,1/25/2022,foodbite,Дрезден,Восток,Сладости,Зефир,"0,65",46,"29,9"
,1/25/2022,Go Bio,Бремен,Север,Сухофрукты,Изюм,"0,99",29,"28,71"
,1/25/2022,Go Bio,Бремен,Север,Сладости,Мармелад,"0,6",29,"17,4"
,1/25/2022,Organica,Дрезден,Восток,Масла,Оливковое масло,"1,7",38,"64,6"
,1/25/2022,NutriFix,Кёльн,Запад,Специи,Кориандр,"0,65",26,"16,9"
,1/25/2022,Go Bio,Бремен,Север,Сухофрукты,Курага,"1,19",25,"29,75"
,1/25/2022,Go Bio,Штутгарт,Юг,Сладости,Зефир,"0,65",35,"22,75"
,1/25/2022,Sweetables,Дрезден,Восток,Напитки,Кофе,"5,5",27,"148,5"
,1/25/2022,foodbite,Штутгарт,Юг,Консервы,Говядина тушеная,"1,19",23,"27,37"
,1/25/2022,Organica,Штутгарт,Юг,Консервы,Говядина тушеная,"1,19",18,"21,42"
,1/26/2022,Sweetables,Гамбург,Север,Сыры,Моцарелла,"0,59",254,"149,86"
,1/26/2022,Cooking Corner,Мюнхен,Юг,Сладости,Мармелад,"0,6",250,150
,1/26/2022,Cooking Corner,Гамбург,Север,Консервы,Килька в томате,"0,89",247,"219,83"
,1/26/2022,mymeal,Бремен,Север,Напитки,Черный чай,"0,99",244,"241,56"
,1/26/2022,NutriFix,Мюнхен,Юг,Сыры,Моцарелла,"0,59",235,"138,65"
,1/26/2022,Cooking Corner,Кёльн,Запад,Напитки,Кофе,"5,5",222,1221
,1/26/2022,Sweetables,Кёльн,Запад,Масла,Сливочное масло,"1,5",201,"301,5"
,1/26/2022,Gold Food,Берлин,Восток,Сухофрукты,Курага,"1,19",201,"239,19"
,1/26/2022,foodbite,Гамбург,Север,Крупы,Гречка,"1,4",189,"264,6"
,1/26/2022,foodbite,Гамбург,Север,Сладости,Мармелад,"0,6",175,105
,1/26/2022,NutriFix,Берлин,Восток,Сухофрукты,Изюм,"0,99",174,"172,26"
,1/26/2022,Go Bio,Кёльн,Запад,Крупы,Перловка,"1,2",173,"207,6"
,1/26/2022,NutriFix,Франкфурт,Запад,Сыры,Гауда,"1,59",221,"351,39"
,1/26/2022,Organica,Мюнхен,Юг,Крупы,Гречка,"1,4",165,231
,1/26/2022,Organica,Бремен,Север,Сладости,Шоколад,"0,55",164,"90,2"
,1/26/2022,Organica,Берлин,Восток,Масла,Оливковое масло,"1,7",160,272
,1/26/2022,foodbite,Дрезден,Восток,Напитки,Черный чай,"0,99",192,"190,08"
,1/26/2022,Cooking Corner,Штутгарт,Юг,Сыры,Моцарелла,"0,59",218,"128,62"
,1/26/2022,Go Bio,Штутгарт,Юг,Крупы,Рис,"0,96",210,"201,6"
,1/26/2022,foodbite,Гамбург,Север,Консервы,Килька в томате,"0,89",140,"124,6"
,1/26/2022,Sweetables,Гамбург,Север,Сухофрукты,Сушеные яблоки,"1,09",132,"143,88"
,1/26/2022,Gold Food,Дрезден,Восток,Масла,Сливочное масло,"1,5",168,252
,1/26/2022,foodbite,Гамбург,Север,Напитки,Зеленый чай,"0,95",126,"119,7"
,1/26/2022,Cooking Corner,Кёльн,Запад,Сухофрукты,Изюм,"0,99",125,"123,75"
,1/26/2022,Organica,Берлин,Восток,Консервы,Говядина тушеная,"1,19",125,"148,75"
,1/26/2022,NutriFix,Гамбург,Север,Сладости,Мармелад,"0,6",124,"74,4"
,1/26/2022,Cooking Corner,Дрезден,Восток,Сладости,Мармелад,"0,6",156,"93,6"
,1/26/2022,Go Bio,Дрезден,Восток,Масла,Сливочное масло,"1,5",151,"226,5"
,1/26/2022,foodbite,Дрезден,Восток,Напитки,Зеленый чай,"0,95",125,"118,75"
,1/26/2022,Organica,Бремен,Север,Сладости,Шоколад,"0,55",94,"51,7"
,1/26/2022,Cooking Corner,Штутгарт,Юг,Масла,Оливковое масло,"1,7",140,238
,1/26/2022,foodbite,Гамбург,Север,Специи,Базилик,"0,7",89,"62,3"
,1/26/2022,mymeal,Франкфурт,Запад,Консервы,Килька в томате,"0,89",113,"100,57"
,1/26/2022,Go Bio,Гамбург,Север,Консервы,Шпроты,"1,15",87,"100,05"
,1/26/2022,mymeal,Франкфурт,Запад,Сладости,Мармелад,"0,6",111,"66,6"
,1/26/2022,Sweetables,Мюнхен,Юг,Сладости,Зефир,"0,65",84,"54,6"
,1/26/2022,Gold Food,Кёльн,Запад,Сухофрукты,Сушеные яблоки,"1,09",81,"88,29"
,1/26/2022,NutriFix,Берлин,Восток,Специи,Кориандр,"0,65",78,"50,7"
,1/26/2022,NutriFix,Кёльн,Запад,Сухофрукты,Сушеные яблоки,"1,09",78,"85,02"
,1/26/2022,Cooking Corner,Штутгарт,Юг,Консервы,Шпроты,"1,15",114,"131,1"
,1/26/2022,foodbite,Штутгарт,Юг,Специи,Черный перец,"0,59",104,"61,36"
,1/26/2022,Gold Food,Гамбург,Север,Специи,Базилик,"0,7",60,42
,1/26/2022,Gold Food,Дрезден,Восток,Сыры,Филадельфия ,"0,89",70,"62,3"
,1/26/2022,Sweetables,Франкфурт,Запад,Напитки,Зеленый чай,"0,95",69,"65,55"
,1/26/2022,Organica,Дрезден,Восток,Сыры,Филадельфия ,"0,89",68,"60,52"
,1/26/2022,NutriFix,Дрезден,Восток,Специи,Черный перец,"0,59",62,"36,58"
,1/26/2022,Gold Food,Дрезден,Восток,Консервы,Килька в томате,"0,89",62,"55,18"
,1/26/2022,Sweetables,Дрезден,Восток,Напитки,Черный чай,"0,99",57,"56,43"
,1/26/2022,Sweetables,Дрезден,Восток,Напитки,Зеленый чай,"0,95",55,"52,25"
,1/26/2022,Go Bio,Штутгарт,Юг,Сухофрукты,Изюм,"0,99",57,"56,43"
,1/26/2022,Gold Food,Дрезден,Восток,Сладости,Мармелад,"0,6",48,"28,8"
,1/26/2022,Organica,Франкфурт,Запад,Специи,Базилик,"0,7",46,"32,2"
,1/26/2022,Go Bio,Бремен,Север,Сладости,Мармелад,"0,6",33,"19,8"
,1/26/2022,Organica,Дрезден,Восток,Напитки,Черный чай,"0,99",36,"35,64"
,1/26/2022,NutriFix,Кёльн,Запад,Консервы,Говядина тушеная,"1,19",24,"28,56"
,1/26/2022,NutriFix,Дрезден,Восток,Сладости,Зефир,"0,65",26,"16,9"
,1/26/2022,foodbite,Кёльн,Запад,Специи,Кориандр,"0,65",19,"12,35"
,1/26/2022,Go Bio,Дрезден,Восток,Консервы,Говядина тушеная,"1,19",12,"14,28"
,1/27/2022,Gold Food,Берлин,Восток,Крупы,Перловка,"1,2",491,"589,2"
,1/27/2022,Cooking Corner,Берлин,Восток,Масла,Оливковое масло,"1,7",457,"776,9"
,1/27/2022,Go Bio,Мюнхен,Юг,Масла,Сливочное масло,"1,5",338,507
,1/27/2022,Organica,Мюнхен,Юг,Масла,Сливочное масло,"1,5",285,"427,5"
,1/27/2022,Go Bio,Берлин,Восток,Сухофрукты,Изюм,"0,99",268,"265,32"
,1/27/2022,foodbite,Кёльн,Запад,Сыры,Моцарелла,"0,59",263,"155,17"
,1/27/2022,foodbite,Берлин,Восток,Сухофрукты,Курага,"1,19",263,"312,97"
,1/27/2022,Cooking Corner,Берлин,Восток,Сладости,Зефир,"0,65",243,"157,95"
,1/27/2022,Organica,Мюнхен,Юг,Напитки,Зеленый чай,"0,95",238,"226,1"
,1/27/2022,Organica,Берлин,Восток,Сухофрукты,Изюм,"0,99",231,"228,69"
,1/27/2022,Go Bio,Гамбург,Север,Крупы,Перловка,"1,2",227,"272,4"
,1/27/2022,mymeal,Франкфурт,Запад,Специи,Черный перец,"0,59",285,"168,15"
,1/27/2022,Go Bio,Гамбург,Север,Специи,Черный перец,"0,59",218,"128,62"
,1/27/2022,foodbite,Гамбург,Север,Консервы,Килька в томате,"0,89",204,"181,56"
,1/27/2022,Organica,Берлин,Восток,Сухофрукты,Сушеные яблоки,"1,09",203,"221,27"
,1/27/2022,Cooking Corner,Кёльн,Запад,Сухофрукты,Изюм,"0,99",200,198
,1/27/2022,foodbite,Дрезден,Восток,Сладости,Шоколад,"0,55",239,"131,45"
,1/27/2022,Go Bio,Гамбург,Север,Сыры,Филадельфия ,"0,89",163,"145,07"
,1/27/2022,Organica,Гамбург,Север,Консервы,Килька в томате,"0,89",160,"142,4"
,1/27/2022,NutriFix,Мюнхен,Юг,Консервы,Килька в томате,"0,89",159,"141,51"
,1/27/2022,Cooking Corner,Берлин,Восток,Консервы,Говядина тушеная,"1,19",159,"189,21"
,1/27/2022,foodbite,Мюнхен,Юг,Крупы,Гречка,"1,4",158,"221,2"
,1/27/2022,Go Bio,Мюнхен,Юг,Напитки,Зеленый чай,"0,95",152,"144,4"
,1/27/2022,NutriFix,Дрезден,Восток,Напитки,Зеленый чай,"0,95",192,"182,4"
,1/27/2022,foodbite,Мюнхен,Юг,Специи,Черный перец,"0,59",148,"87,32"
,1/27/2022,mymeal,Мюнхен,Юг,Сладости,Зефир,"0,65",147,"95,55"
,1/27/2022,Go Bio,Кёльн,Запад,Напитки,Зеленый чай,"0,95",146,"138,7"
,1/27/2022,Sweetables,Дрезден,Восток,Крупы,Рис,"0,96",185,"177,6"
,1/27/2022,Gold Food,Штутгарт,Юг,Сыры,Моцарелла,"0,59",212,"125,08"
,1/27/2022,Organica,Берлин,Восток,Масла,Оливковое масло,"1,7",137,"232,9"
,1/27/2022,Go Bio,Берлин,Восток,Консервы,Говядина тушеная,"1,19",134,"159,46"
,1/27/2022,Organica,Дрезден,Восток,Сладости,Шоколад,"0,55",170,"93,5"
,1/27/2022,NutriFix,Франкфурт,Запад,Напитки,Черный чай,"0,99",163,"161,37"
,1/27/2022,foodbite,Мюнхен,Юг,Сухофрукты,Изюм,"0,99",120,"118,8"
,1/27/2022,NutriFix,Дрезден,Восток,Сыры,Гауда,"1,59",150,"238,5"
,1/27/2022,foodbite,Штутгарт,Юг,Крупы,Перловка,"1,2",161,"193,2"
,1/27/2022,Go Bio,Мюнхен,Юг,Консервы,Шпроты,"1,15",97,"111,55"
,1/27/2022,mymeal,Дрезден,Восток,Консервы,Килька в томате,"0,89",124,"110,36"
,1/27/2022,Organica,Гамбург,Север,Напитки,Кофе,"5,5",94,517
,1/27/2022,Sweetables,Дрезден,Восток,Сыры,Моцарелла,"0,59",118,"69,62"
,1/27/2022,foodbite,Кёльн,Запад,Сухофрукты,Изюм,"0,99",91,"90,09"
,1/27/2022,Cooking Corner,Мюнхен,Юг,Специи,Базилик,"0,7",90,63
,1/27/2022,Gold Food,Дрезден,Восток,Крупы,Перловка,"1,2",114,"136,8"
,1/27/2022,Sweetables,Мюнхен,Юг,Специи,Базилик,"0,7",88,"61,6"
,1/27/2022,NutriFix,Франкфурт,Запад,Сыры,Филадельфия ,"0,89",104,"92,56"
,1/27/2022,NutriFix,Дрезден,Восток,Сыры,Моцарелла,"0,59",98,"57,82"
,1/27/2022,Sweetables,Кёльн,Запад,Сухофрукты,Курага,"1,19",74,"88,06"
,1/27/2022,Sweetables,Кёльн,Запад,Сухофрукты,Сушеные яблоки,"1,09",73,"79,57"
,1/27/2022,Go Bio,Кёльн,Запад,Сыры,Филадельфия ,"0,89",71,"63,19"
,1/27/2022,NutriFix,Бремен,Север,Напитки,Зеленый чай,"0,95",66,"62,7"
,1/27/2022,Organica,Гамбург,Север,Специи,Базилик,"0,7",61,"42,7"
,1/27/2022,NutriFix,Бремен,Север,Консервы,Килька в томате,"0,89",60,"53,4"
,1/27/2022,Sweetables,Дрезден,Восток,Крупы,Гречка,"1,4",78,"109,2"
,1/27/2022,Organica,Гамбург,Север,Специи,Базилик,"0,7",49,"34,3"
,1/27/2022,Sweetables,Штутгарт,Юг,Масла,Оливковое масло,"1,7",72,"122,4"
,1/27/2022,NutriFix,Кёльн,Запад,Специи,Базилик,"0,7",45,"31,5"
,1/27/2022,Organica,Штутгарт,Юг,Напитки,Кофе,"5,5",63,"346,5"
,1/27/2022,Organica,Франкфурт,Запад,Сыры,Филадельфия ,"0,89",49,"43,61"
,1/27/2022,Go Bio,Штутгарт,Юг,Сухофрукты,Сушеные яблоки,"1,09",51,"55,59"
,1/27/2022,Organica,Дрезден,Восток,Сладости,Мармелад,"0,6",43,"25,8"
,1/27/2022,Gold Food,Кёльн,Запад,Консервы,Говядина тушеная,"1,19",31,"36,89"
,1/27/2022,NutriFix,Кёльн,Запад,Специи,Кориандр,"0,65",27,"17,55"
,1/27/2022,foodbite,Дрезден,Восток,Напитки,Кофе,"5,5",26,143
,1/27/2022,Organica,Дрезден,Восток,Напитки,Кофе,"5,5",23,"126,5"
,1/27/2022,Go Bio,Франкфурт,Запад,Консервы,Говядина тушеная,"1,19",16,"19,04"
,1/27/2022,Sweetables,Бремен,Север,Специи,Кориандр,"0,65",10,"6,5"
,1/28/2022,Gold Food,Кёльн,Запад,Напитки,Зеленый чай,"0,95",285,"270,75"
,1/28/2022,Cooking Corner,Берлин,Восток,Сухофрукты,Курага,"1,19",276,"328,44"
,1/28/2022,NutriFix,Кёльн,Запад,Напитки,Зеленый чай,"0,95",260,247
,1/28/2022,NutriFix,Гамбург,Север,Крупы,Гречка,"1,4",244,"341,6"
,1/28/2022,Sweetables,Берлин,Восток,Сухофрукты,Изюм,"0,99",242,"239,58"
,1/28/2022,mymeal,Штутгарт,Юг,Масла,Подсолнечное масло,"1,19",351,"417,69"
,1/28/2022,Cooking Corner,Гамбург,Север,Консервы,Шпроты,"1,15",230,"264,5"
,1/28/2022,Go Bio,Мюнхен,Юг,Крупы,Рис,"0,96",227,"217,92"
,1/28/2022,Go Bio,Франкфурт,Запад,Сладости,Шоколад,"0,55",272,"149,6"
,1/28/2022,Cooking Corner,Дрезден,Восток,Крупы,Перловка,"1,2",267,"320,4"
,1/28/2022,Go Bio,Мюнхен,Юг,Крупы,Перловка,"1,2",203,"243,6"
,1/28/2022,Organica,Мюнхен,Юг,Сыры,Моцарелла,"0,59",195,"115,05"
,1/28/2022,Gold Food,Берлин,Восток,Сладости,Мармелад,"0,6",193,"115,8"
,1/28/2022,Cooking Corner,Дрезден,Восток,Крупы,Рис,"0,96",247,"237,12"
,1/28/2022,foodbite,Гамбург,Север,Сыры,Филадельфия ,"0,89",190,"169,1"
,1/28/2022,Sweetables,Гамбург,Север,Сыры,Филадельфия ,"0,89",188,"167,32"
,1/28/2022,Cooking Corner,Франкфурт,Запад,Сыры,Моцарелла,"0,59",238,"140,42"
,1/28/2022,Organica,Берлин,Восток,Масла,Оливковое масло,"1,7",181,"307,7"
,1/28/2022,Cooking Corner,Кёльн,Запад,Консервы,Шпроты,"1,15",179,"205,85"
,1/28/2022,foodbite,Гамбург,Север,Масла,Оливковое масло,"1,7",179,"304,3"
,1/28/2022,Gold Food,Дрезден,Восток,Крупы,Рис,"0,96",226,"216,96"
,1/28/2022,Cooking Corner,Дрезден,Восток,Масла,Сливочное масло,"1,5",217,"325,5"
,1/28/2022,mymeal,Мюнхен,Юг,Сухофрукты,Курага,"1,19",162,"192,78"
,1/28/2022,Sweetables,Бремен,Север,Масла,Подсолнечное масло,"1,19",156,"185,64"
,1/28/2022,mymeal,Мюнхен,Юг,Сухофрукты,Курага,"1,19",125,"148,75"
,1/28/2022,Gold Food,Кёльн,Запад,Консервы,Килька в томате,"0,89",116,"103,24"
,1/28/2022,Sweetables,Франкфурт,Запад,Крупы,Гречка,"1,4",129,"180,6"
,1/28/2022,NutriFix,Бремен,Север,Сыры,Моцарелла,"0,59",94,"55,46"
,1/28/2022,Gold Food,Кёльн,Запад,Напитки,Кофе,"5,5",89,"489,5"
,1/28/2022,mymeal,Гамбург,Север,Специи,Кориандр,"0,65",86,"55,9"
,1/28/2022,foodbite,Мюнхен,Юг,Сухофрукты,Сушеные яблоки,"1,09",74,"80,66"
,1/28/2022,Sweetables,Штутгарт,Юг,Сухофрукты,Изюм,"0,99",111,"109,89"
,1/28/2022,NutriFix,Франкфурт,Запад,Сладости,Мармелад,"0,6",91,"54,6"
,1/28/2022,Go Bio,Берлин,Восток,Специи,Кориандр,"0,65",68,"44,2"
,1/28/2022,Go Bio,Франкфурт,Запад,Консервы,Килька в томате,"0,89",83,"73,87"
,1/28/2022,NutriFix,Бремен,Север,Напитки,Черный чай,"0,99",61,"60,39"
,1/28/2022,mymeal,Гамбург,Север,Консервы,Говядина тушеная,"1,19",60,"71,4"
,1/28/2022,Cooking Corner,Штутгарт,Юг,Специи,Базилик,"0,7",87,"60,9"
,1/28/2022,foodbite,Штутгарт,Юг,Масла,Оливковое масло,"1,7",84,"142,8"
,1/28/2022,Gold Food,Штутгарт,Юг,Сухофрукты,Сушеные яблоки,"1,09",74,"80,66"
,1/28/2022,Go Bio,Кёльн,Запад,Консервы,Говядина тушеная,"1,19",49,"58,31"
,1/28/2022,Cooking Corner,Бремен,Север,Сухофрукты,Сушеные яблоки,"1,09",47,"51,23"
,1/28/2022,Sweetables,Дрезден,Восток,Сухофрукты,Сушеные яблоки,"1,09",52,"56,68"
,1/28/2022,Cooking Corner,Бремен,Север,Консервы,Говядина тушеная,"1,19",33,"39,27"
,1/28/2022,mymeal,Дрезден,Восток,Специи,Кориандр,"0,65",39,"25,35"
,1/28/2022,NutriFix,Дрезден,Восток,Сухофрукты,Курага,"1,19",39,"46,41"
,1/28/2022,Go Bio,Франкфурт,Запад,Сладости,Зефир,"0,65",36,"23,4"
,1/28/2022,foodbite,Франкфурт,Запад,Сладости,Зефир,"0,65",35,"22,75"
,1/28/2022,foodbite,Кёльн,Запад,Специи,Кориандр,"0,65",23,"14,95"
,1/28/2022,Go Bio,Штутгарт,Юг,Сладости,Зефир,"0,65",30,"19,5"
,1/29/2022,Sweetables,Берлин,Восток,Масла,Подсолнечное масло,"1,19",940,"1118,6"
,1/29/2022,Go Bio,Берлин,Восток,Сыры,Моцарелла,"0,59",504,"297,36"
,1/29/2022,foodbite,Мюнхен,Юг,Масла,Сливочное масло,"1,5",468,702
,1/29/2022,Cooking Corner,Гамбург,Север,Сухофрукты,Изюм,"0,99",359,"355,41"
,1/29/2022,Cooking Corner,Штутгарт,Юг,Сыры,Гауда,"1,59",420,"667,8"
,1/29/2022,Cooking Corner,Бремен,Север,Масла,Сливочное масло,"1,5",278,417
,1/29/2022,Organica,Мюнхен,Юг,Крупы,Рис,"0,96",241,"231,36"
,1/29/2022,Cooking Corner,Гамбург,Север,Консервы,Шпроты,"1,15",205,"235,75"
,1/29/2022,foodbite,Гамбург,Север,Сухофрукты,Изюм,"0,99",162,"160,38"
,1/29/2022,Sweetables,Франкфурт,Запад,Масла,Сливочное масло,"1,5",209,"313,5"
,1/29/2022,Go Bio,Мюнхен,Юг,Крупы,Гречка,"1,4",151,"211,4"
,1/29/2022,foodbite,Гамбург,Север,Напитки,Кофе,"5,5",151,"830,5"
,1/29/2022,mymeal,Штутгарт,Юг,Сыры,Филадельфия ,"0,89",198,"176,22"
,1/29/2022,Go Bio,Берлин,Восток,Специи,Базилик,"0,7",122,"85,4"
,1/29/2022,mymeal,Дрезден,Восток,Сыры,Филадельфия ,"0,89",153,"136,17"
,1/29/2022,Sweetables,Штутгарт,Юг,Крупы,Перловка,"1,2",153,"183,6"
,1/29/2022,foodbite,Франкфурт,Запад,Напитки,Кофе,"5,5",127,"698,5"
,1/29/2022,foodbite,Франкфурт,Запад,Крупы,Гречка,"1,4",116,"162,4"
,1/29/2022,Go Bio,Дрезден,Восток,Сладости,Шоколад,"0,55",116,"63,8"
,1/29/2022,Sweetables,Бремен,Север,Напитки,Зеленый чай,"0,95",85,"80,75"
,1/29/2022,Cooking Corner,Бремен,Север,Сладости,Мармелад,"0,6",83,"49,8"
,1/29/2022,mymeal,Франкфурт,Запад,Сладости,Зефир,"0,65",107,"69,55"
,1/29/2022,mymeal,Бремен,Север,Сухофрукты,Курага,"1,19",73,"86,87"
,1/29/2022,foodbite,Бремен,Север,Сладости,Мармелад,"0,6",67,"40,2"
,1/29/2022,Cooking Corner,Дрезден,Восток,Консервы,Шпроты,"1,15",85,"97,75"
,1/29/2022,Cooking Corner,Кёльн,Запад,Сладости,Зефир,"0,65",65,"42,25"
,1/29/2022,Go Bio,Гамбург,Север,Консервы,Шпроты,"1,15",65,"74,75"
,1/29/2022,foodbite,Бремен,Север,Консервы,Килька в томате,"0,89",55,"48,95"
,1/29/2022,Sweetables,Бремен,Север,Сладости,Мармелад,"0,6",53,"31,8"
,1/29/2022,Cooking Corner,Дрезден,Восток,Консервы,Шпроты,"1,15",61,"70,15"
,1/29/2022,Sweetables,Штутгарт,Юг,Масла,Оливковое масло,"1,7",68,"115,6"
,1/29/2022,NutriFix,Гамбург,Север,Специи,Кориандр,"0,65",34,"22,1"
,1/29/2022,foodbite,Бремен,Север,Консервы,Говядина тушеная,"1,19",22,"26,18"
,1/29/2022,Go Bio,Кёльн,Запад,Специи,Кориандр,"0,65",13,"8,45"
,1/30/2022,mymeal,Франкфурт,Запад,Крупы,Рис,"0,96",506,"485,76"
,1/30/2022,Sweetables,Кёльн,Запад,Крупы,Рис,"0,96",386,"370,56"
,1/30/2022,Go Bio,Кёльн,Запад,Сладости,Шоколад,"0,55",321,"176,55"
,1/30/2022,Cooking Corner,Франкфурт,Запад,Сыры,Гауда,"1,59",385,"612,15"
,1/30/2022,Cooking Corner,Штутгарт,Юг,Масла,Сливочное масло,"1,5",423,"634,5"
,1/30/2022,Go Bio,Кёльн,Запад,Сыры,Гауда,"1,59",255,"405,45"
,1/30/2022,foodbite,Штутгарт,Юг,Сладости,Шоколад,"0,55",368,"202,4"
,1/30/2022,Cooking Corner,Бремен,Север,Напитки,Черный чай,"0,99",214,"211,86"
,1/30/2022,Go Bio,Берлин,Восток,Консервы,Килька в томате,"0,89",207,"184,23"
,1/30/2022,Organica,Гамбург,Север,Крупы,Перловка,"1,2",203,"243,6"
,1/30/2022,Cooking Corner,Кёльн,Запад,Консервы,Килька в томате,"0,89",188,"167,32"
,1/30/2022,mymeal,Дрезден,Восток,Крупы,Перловка,"1,2",241,"289,2"
,1/30/2022,mymeal,Берлин,Восток,Специи,Базилик,"0,7",184,"128,8"
,1/30/2022,Go Bio,Берлин,Восток,Масла,Оливковое масло,"1,7",175,"297,5"
,1/30/2022,foodbite,Франкфурт,Запад,Сыры,Моцарелла,"0,59",222,"130,98"
,1/30/2022,mymeal,Кёльн,Запад,Консервы,Килька в томате,"0,89",167,"148,63"
,1/30/2022,Sweetables,Франкфурт,Запад,Напитки,Черный чай,"0,99",215,"212,85"
,1/30/2022,Sweetables,Бремен,Север,Масла,Сливочное масло,"1,5",164,246
,1/30/2022,Cooking Corner,Штутгарт,Юг,Крупы,Перловка,"1,2",246,"295,2"
,1/30/2022,foodbite,Франкфурт,Запад,Сыры,Гауда,"1,59",198,"314,82"
,1/30/2022,NutriFix,Гамбург,Север,Напитки,Кофе,"5,5",146,803
,1/30/2022,Gold Food,Гамбург,Север,Сыры,Филадельфия ,"0,89",144,"128,16"
,1/30/2022,Go Bio,Франкфурт,Запад,Масла,Сливочное масло,"1,5",174,261
,1/30/2022,Gold Food,Берлин,Восток,Консервы,Шпроты,"1,15",128,"147,2"
,1/30/2022,Gold Food,Штутгарт,Юг,Масла,Подсолнечное масло,"1,19",192,"228,48"
,1/30/2022,NutriFix,Франкфурт,Запад,Масла,Подсолнечное масло,"1,19",163,"193,97"
,1/30/2022,Gold Food,Франкфурт,Запад,Сыры,Моцарелла,"0,59",147,"86,73"
,1/30/2022,Sweetables,Берлин,Восток,Специи,Базилик,"0,7",104,"72,8"
,1/30/2022,mymeal,Мюнхен,Юг,Сладости,Зефир,"0,65",101,"65,65"
,1/30/2022,mymeal,Мюнхен,Юг,Сладости,Зефир,"0,65",101,"65,65"
,1/30/2022,Go Bio,Мюнхен,Юг,Сухофрукты,Курага,"1,19",100,119
,1/30/2022,Sweetables,Кёльн,Запад,Сухофрукты,Сушеные яблоки,"1,09",98,"106,82"
,1/30/2022,foodbite,Франкфурт,Запад,Сладости,Мармелад,"0,6",121,"72,6"
,1/30/2022,Cooking Corner,Бремен,Север,Сухофрукты,Курага,"1,19",93,"110,67"
,1/30/2022,NutriFix,Гамбург,Север,Консервы,Говядина тушеная,"1,19",91,"108,29"
,1/30/2022,foodbite,Штутгарт,Юг,Специи,Черный перец,"0,59",131,"77,29"
,1/30/2022,foodbite,Франкфурт,Запад,Консервы,Килька в томате,"0,89",100,89
,1/30/2022,Organica,Мюнхен,Юг,Консервы,Килька в томате,"0,89",75,"66,75"
,1/30/2022,foodbite,Штутгарт,Юг,Сухофрукты,Изюм,"0,99",104,"102,96"
,1/30/2022,Cooking Corner,Франкфурт,Запад,Масла,Оливковое масло,"1,7",86,"146,2"
,1/30/2022,Gold Food,Бремен,Север,Крупы,Гречка,"1,4",57,"79,8"
,1/30/2022,Organica,Бремен,Север,Консервы,Килька в томате,"0,89",50,"44,5"
,1/30/2022,Gold Food,Штутгарт,Юг,Сухофрукты,Сушеные яблоки,"1,09",60,"65,4"
,1/30/2022,mymeal,Кёльн,Запад,Специи,Кориандр,"0,65",38,"24,7"
,1/30/2022,foodbite,Кёльн,Запад,Специи,Кориандр,"0,65",34,"22,1"
,1/30/2022,Organica,Бремен,Север,Консервы,Говядина тушеная,"1,19",20,"23,8"
,1/30/2022,NutriFix,Бремен,Север,Специи,Базилик,"0,7",16,"11,2"
,1/30/2022,Go Bio,Дрезден,Восток,Специи,Кориандр,"0,65",10,"6,5"
,1/31/2022,mymeal,Берлин,Восток,Сладости,Шоколад,"0,55",2149,"1181,95"
,1/31/2022,Go Bio,Берлин,Восток,Сыры,Гауда,"1,59",792,"1259,28"
,1/31/2022,mymeal,Берлин,Восток,Консервы,Килька в томате,"0,89",575,"511,75"
,1/31/2022,mymeal,Берлин,Восток,Сладости,Мармелад,"0,6",556,"333,6"
,1/31/2022,Organica,Берлин,Восток,Масла,Подсолнечное масло,"1,19",477,"567,63"
,1/31/2022,Organica,Гамбург,Север,Сыры,Гауда,"1,59",473,"752,07"
,1/31/2022,mymeal,Кёльн,Запад,Масла,Подсолнечное масло,"1,19",464,"552,16"
,1/31/2022,mymeal,Мюнхен,Юг,Крупы,Перловка,"1,2",363,"435,6"
,1/31/2022,mymeal,Берлин,Восток,Сладости,Мармелад,"0,6",361,"216,6"
,1/31/2022,Gold Food,Кёльн,Запад,Специи,Черный перец,"0,59",297,"175,23"
,1/31/2022,Sweetables,Гамбург,Север,Крупы,Гречка,"1,4",252,"352,8"
,1/31/2022,Gold Food,Кёльн,Запад,Сыры,Гауда,"1,59",249,"395,91"
,1/31/2022,mymeal,Франкфурт,Запад,Напитки,Черный чай,"0,99",313,"309,87"
,1/31/2022,NutriFix,Кёльн,Запад,Специи,Черный перец,"0,59",212,"125,08"
,1/31/2022,Cooking Corner,Гамбург,Север,Сладости,Зефир,"0,65",207,"134,55"
,1/31/2022,mymeal,Кёльн,Запад,Напитки,Черный чай,"0,99",178,"176,22"
,1/31/2022,Gold Food,Гамбург,Север,Сладости,Мармелад,"0,6",176,"105,6"
,1/31/2022,NutriFix,Мюнхен,Юг,Сухофрукты,Изюм,"0,99",166,"164,34"
,1/31/2022,Sweetables,Гамбург,Север,Сухофрукты,Изюм,"0,99",151,"149,49"
,1/31/2022,NutriFix,Гамбург,Север,Сухофрукты,Курага,"1,19",146,"173,74"
,1/31/2022,Organica,Штутгарт,Юг,Масла,Сливочное масло,"1,5",210,315
,1/31/2022,mymeal,Кёльн,Запад,Сыры,Филадельфия ,"0,89",135,"120,15"
,1/31/2022,foodbite,Мюнхен,Юг,Консервы,Килька в томате,"0,89",131,"116,59"
,1/31/2022,Organica,Бремен,Север,Масла,Сливочное масло,"1,5",128,192
,1/31/2022,Gold Food,Гамбург,Север,Масла,Оливковое масло,"1,7",127,"215,9"
,1/31/2022,Cooking Corner,Кёльн,Запад,Сухофрукты,Курага,"1,19",124,"147,56"
,1/31/2022,mymeal,Бремен,Север,Сухофрукты,Изюм,"0,99",115,"113,85"
,1/31/2022,NutriFix,Штутгарт,Юг,Сладости,Шоколад,"0,55",162,"89,1"
,1/31/2022,Gold Food,Кёльн,Запад,Напитки,Кофе,"5,5",107,"588,5"
,1/31/2022,Organica,Дрезден,Восток,Масла,Подсолнечное масло,"1,19",137,"163,03"
,1/31/2022,NutriFix,Бремен,Север,Сыры,Гауда,"1,59",103,"163,77"
,1/31/2022,Cooking Corner,Штутгарт,Юг,Сухофрукты,Курага,"1,19",146,"173,74"
,1/31/2022,foodbite,Кёльн,Запад,Сладости,Мармелад,"0,6",95,57
,1/31/2022,mymeal,Кёльн,Запад,Консервы,Говядина тушеная,"1,19",88,"104,72"
,1/31/2022,NutriFix,Мюнхен,Юг,Сухофрукты,Курага,"1,19",87,"103,53"
,1/31/2022,Go Bio,Мюнхен,Юг,Консервы,Килька в томате,"0,89",83,"73,87"
,1/31/2022,Go Bio,Штутгарт,Юг,Масла,Подсолнечное масло,"1,19",119,"141,61"
,1/31/2022,Gold Food,Франкфурт,Запад,Специи,Черный перец,"0,59",100,59
,1/31/2022,Go Bio,Франкфурт,Запад,Сыры,Филадельфия ,"0,89",87,"77,43"
,1/31/2022,Gold Food,Кёльн,Запад,Консервы,Килька в томате,"0,89",65,"57,85"
,1/31/2022,Cooking Corner,Штутгарт,Юг,Сухофрукты,Сушеные яблоки,"1,09",96,"104,64"
,1/31/2022,Organica,Штутгарт,Юг,Крупы,Перловка,"1,2",92,"110,4"
,1/31/2022,foodbite,Мюнхен,Юг,Сладости,Зефир,"0,65",52,"33,8"
,1/31/2022,Gold Food,Франкфурт,Запад,Сыры,Филадельфия ,"0,89",68,"60,52"
,1/31/2022,Cooking Corner,Кёльн,Запад,Специи,Кориандр,"0,65",52,"33,8"
,1/31/2022,Gold Food,Франкфурт,Запад,Сладости,Мармелад,"0,6",62,"37,2"
,1/31/2022,foodbite,Мюнхен,Юг,Специи,Кориандр,"0,65",44,"28,6"
,1/31/2022,Organica,Бремен,Север,Крупы,Гречка,"1,4",40,56
,1/31/2022,foodbite,Дрезден,Восток,Специи,Базилик,"0,7",46,"32,2"
,1/31/2022,NutriFix,Штутгарт,Юг,Консервы,Шпроты,"1,15",53,"60,95"
,1/31/2022,Sweetables,Бремен,Север,Сухофрукты,Сушеные яблоки,"1,09",33,"35,97"
,1/31/2022,Sweetables,Франкфурт,Запад,Консервы,Шпроты,"1,15",42,"48,3"
,1/31/2022,Organica,Бремен,Север,Сухофрукты,Изюм,"0,99",29,"28,71"
,2/1/2022,Cooking Corner,Берлин,Восток,Сладости,Шоколад,"0,55",2068,"1137,4"
,2/1/2022,mymeal,Берлин,Восток,Напитки,Черный чай,"0,99",1454,"1439,46"
,2/1/2022,Cooking Corner,Берлин,Восток,Масла,Сливочное масло,"1,5",1096,1644
,2/1/2022,Cooking Corner,Берлин,Восток,Крупы,Перловка,"1,2",804,"964,8"
,2/1/2022,NutriFix,Берлин,Восток,Масла,Подсолнечное масло,"1,19",579,"689,01"
,2/1/2022,foodbite,Мюнхен,Юг,Крупы,Рис,"0,96",548,"526,08"
,2/1/2022,NutriFix,Берлин,Восток,Сладости,Шоколад,"0,55",542,"298,1"
,2/1/2022,Go Bio,Гамбург,Север,Специи,Черный перец,"0,59",427,"251,93"
,2/1/2022,NutriFix,Кёльн,Запад,Сладости,Шоколад,"0,55",419,"230,45"
,2/1/2022,mymeal,Штутгарт,Юг,Сладости,Шоколад,"0,55",584,"321,2"
,2/1/2022,mymeal,Франкфурт,Запад,Масла,Подсолнечное масло,"1,19",489,"581,91"
,2/1/2022,Cooking Corner,Франкфурт,Запад,Масла,Подсолнечное масло,"1,19",465,"553,35"
,2/1/2022,foodbite,Мюнхен,Юг,Специи,Черный перец,"0,59",307,"181,13"
,2/1/2022,Organica,Мюнхен,Юг,Напитки,Зеленый чай,"0,95",288,"273,6"
,2/1/2022,mymeal,Франкфурт,Запад,Специи,Черный перец,"0,59",326,"192,34"
,2/1/2022,Organica,Кёльн,Запад,Специи,Черный перец,"0,59",225,"132,75"
,2/1/2022,NutriFix,Гамбург,Север,Крупы,Гречка,"1,4",219,"306,6"
,2/1/2022,foodbite,Берлин,Восток,Сухофрукты,Курага,"1,19",203,"241,57"
,2/1/2022,NutriFix,Франкфурт,Запад,Сладости,Шоколад,"0,55",257,"141,35"
,2/1/2022,mymeal,Штутгарт,Юг,Напитки,Черный чай,"0,99",296,"293,04"
,2/1/2022,foodbite,Мюнхен,Юг,Специи,Черный перец,"0,59",195,"115,05"
,2/1/2022,Organica,Кёльн,Запад,Масла,Подсолнечное масло,"1,19",179,"213,01"
,2/1/2022,NutriFix,Гамбург,Север,Напитки,Кофе,"5,5",178,979
,2/1/2022,foodbite,Франкфурт,Запад,Напитки,Черный чай,"0,99",222,"219,78"
,2/1/2022,Go Bio,Штутгарт,Юг,Сыры,Гауда,"1,59",251,"399,09"
,2/1/2022,Organica,Гамбург,Север,Консервы,Килька в томате,"0,89",139,"123,71"
,2/1/2022,NutriFix,Штутгарт,Юг,Сыры,Моцарелла,"0,59",195,"115,05"
,2/1/2022,Gold Food,Кёльн,Запад,Крупы,Гречка,"1,4",127,"177,8"
,2/1/2022,foodbite,Мюнхен,Юг,Сухофрукты,Сушеные яблоки,"1,09",123,"134,07"
,2/1/2022,Sweetables,Гамбург,Север,Специи,Базилик,"0,7",122,"85,4"
,2/1/2022,Go Bio,Штутгарт,Юг,Сыры,Моцарелла,"0,59",165,"97,35"
,2/1/2022,foodbite,Мюнхен,Юг,Сыры,Филадельфия ,"0,89",108,"96,12"
,2/1/2022,Sweetables,Франкфурт,Запад,Крупы,Гречка,"1,4",139,"194,6"
,2/1/2022,mymeal,Берлин,Восток,Специи,Кориандр,"0,65",106,"68,9"
,2/1/2022,Organica,Гамбург,Север,Сухофрукты,Сушеные яблоки,"1,09",103,"112,27"
,2/1/2022,Organica,Гамбург,Север,Масла,Оливковое масло,"1,7",102,"173,4"
,2/1/2022,Organica,Мюнхен,Юг,Сухофрукты,Сушеные яблоки,"1,09",98,"106,82"
,2/1/2022,Sweetables,Гамбург,Север,Сладости,Зефир,"0,65",95,"61,75"
,2/1/2022,Gold Food,Франкфурт,Запад,Специи,Черный перец,"0,59",120,"70,8"
,2/1/2022,mymeal,Штутгарт,Юг,Напитки,Кофе,"5,5",137,"753,5"
,2/1/2022,Organica,Франкфурт,Запад,Крупы,Гречка,"1,4",114,"159,6"
,2/1/2022,Cooking Corner,Франкфурт,Запад,Сладости,Мармелад,"0,6",113,"67,8"
,2/1/2022,Gold Food,Гамбург,Север,Сладости,Зефир,"0,65",84,"54,6"
,2/1/2022,Organica,Мюнхен,Юг,Сухофрукты,Сушеные яблоки,"1,09",84,"91,56"
,2/1/2022,mymeal,Кёльн,Запад,Сладости,Зефир,"0,65",83,"53,95"
,2/1/2022,foodbite,Кёльн,Запад,Сухофрукты,Курага,"1,19",72,"85,68"
,2/1/2022,Organica,Кёльн,Запад,Сухофрукты,Курага,"1,19",67,"79,73"
,2/1/2022,Sweetables,Бремен,Север,Консервы,Килька в томате,"0,89",55,"48,95"
,2/1/2022,NutriFix,Штутгарт,Юг,Сухофрукты,Изюм,"0,99",83,"82,17"
,2/1/2022,Gold Food,Кёльн,Запад,Сухофрукты,Курага,"1,19",54,"64,26"
,2/1/2022,mymeal,Кёльн,Запад,Специи,Кориандр,"0,65",44,"28,6"
,2/1/2022,Organica,Кёльн,Запад,Консервы,Шпроты,"1,15",41,"47,15"
,2/1/2022,Organica,Кёльн,Запад,Сухофрукты,Сушеные яблоки,"1,09",41,"44,69"
,2/1/2022,foodbite,Мюнхен,Юг,Специи,Кориандр,"0,65",39,"25,35"
,2/1/2022,Gold Food,Штутгарт,Юг,Консервы,Шпроты,"1,15",50,"57,5"
,2/1/2022,Gold Food,Гамбург,Север,Специи,Кориандр,"0,65",32,"20,8"
,2/1/2022,NutriFix,Штутгарт,Юг,Сладости,Зефир,"0,65",45,"29,25"
,2/1/2022,Organica,Штутгарт,Юг,Сухофрукты,Курага,"1,19",44,"52,36"
,2/1/2022,Go Bio,Франкфурт,Запад,Специи,Базилик,"0,7",30,21
,2/1/2022,foodbite,Дрезден,Восток,Консервы,Шпроты,"1,15",29,"33,35"
,2/1/2022,Organica,Штутгарт,Юг,Напитки,Кофе,"5,5",26,143
,2/1/2022,Go Bio,Штутгарт,Юг,Специи,Кориандр,"0,65",20,13
,2/2/2022,mymeal,Гамбург,Север,Крупы,Рис,"0,96",616,"591,36"
,2/2/2022,NutriFix,Берлин,Восток,Крупы,Рис,"0,96",509,"488,64"
,2/2/2022,Cooking Corner,Мюнхен,Юг,Напитки,Зеленый чай,"0,95",420,399
,2/2/2022,NutriFix,Мюнхен,Юг,Напитки,Черный чай,"0,99",416,"411,84"
,2/2/2022,NutriFix,Мюнхен,Юг,Напитки,Черный чай,"0,99",374,"370,26"
,2/2/2022,foodbite,Мюнхен,Юг,Сыры,Гауда,"1,59",356,"566,04"
,2/2/2022,NutriFix,Гамбург,Север,Масла,Сливочное масло,"1,5",355,"532,5"
,2/2/2022,Go Bio,Кёльн,Запад,Крупы,Рис,"0,96",264,"253,44"
,2/2/2022,mymeal,Штутгарт,Юг,Масла,Сливочное масло,"1,5",339,"508,5"
,2/2/2022,Sweetables,Мюнхен,Юг,Крупы,Гречка,"1,4",223,"312,2"
,2/2/2022,Go Bio,Гамбург,Север,Специи,Черный перец,"0,59",220,"129,8"
,2/2/2022,foodbite,Кёльн,Запад,Сыры,Моцарелла,"0,59",217,"128,03"
,2/2/2022,foodbite,Гамбург,Север,Сыры,Филадельфия ,"0,89",206,"183,34"
,2/2/2022,foodbite,Кёльн,Запад,Напитки,Зеленый чай,"0,95",202,"191,9"
,2/2/2022,Cooking Corner,Кёльн,Запад,Крупы,Гречка,"1,4",197,"275,8"
,2/2/2022,Sweetables,Берлин,Восток,Консервы,Говядина тушеная,"1,19",174,"207,06"
,2/2/2022,mymeal,Берлин,Восток,Специи,Базилик,"0,7",174,"121,8"
,2/2/2022,Go Bio,Кёльн,Запад,Специи,Черный перец,"0,59",170,"100,3"
,2/2/2022,Go Bio,Кёльн,Запад,Сыры,Гауда,"1,59",170,"270,3"
,2/2/2022,Go Bio,Гамбург,Север,Сыры,Филадельфия ,"0,89",164,"145,96"
,2/2/2022,Go Bio,Кёльн,Запад,Сыры,Моцарелла,"0,59",156,"92,04"
,2/2/2022,NutriFix,Мюнхен,Юг,Консервы,Килька в томате,"0,89",150,"133,5"
,2/2/2022,Go Bio,Дрезден,Восток,Сыры,Гауда,"1,59",187,"297,33"
,2/2/2022,foodbite,Франкфурт,Запад,Масла,Сливочное масло,"1,5",179,"268,5"
,2/2/2022,Cooking Corner,Франкфурт,Запад,Сухофрукты,Изюм,"0,99",178,"176,22"
,2/2/2022,foodbite,Мюнхен,Юг,Консервы,Шпроты,"1,15",135,"155,25"
,2/2/2022,Gold Food,Франкфурт,Запад,Масла,Подсолнечное масло,"1,19",140,"166,6"
,2/2/2022,Cooking Corner,Франкфурт,Запад,Консервы,Килька в томате,"0,89",138,"122,82"
,2/2/2022,mymeal,Дрезден,Восток,Крупы,Гречка,"1,4",130,182
,2/2/2022,Go Bio,Штутгарт,Юг,Сыры,Моцарелла,"0,59",144,"84,96"
,2/2/2022,foodbite,Кёльн,Запад,Консервы,Килька в томате,"0,89",88,"78,32"
,2/2/2022,Gold Food,Франкфурт,Запад,Специи,Черный перец,"0,59",113,"66,67"
,2/2/2022,mymeal,Кёльн,Запад,Напитки,Кофе,"5,5",82,451
,2/2/2022,mymeal,Дрезден,Восток,Сухофрукты,Сушеные яблоки,"1,09",107,"116,63"
,2/2/2022,NutriFix,Франкфурт,Запад,Консервы,Килька в томате,"0,89",101,"89,89"
,2/2/2022,mymeal,Мюнхен,Юг,Консервы,Говядина тушеная,"1,19",74,"88,06"
,2/2/2022,NutriFix,Мюнхен,Юг,Сладости,Зефир,"0,65",70,"45,5"
,2/2/2022,Cooking Corner,Штутгарт,Юг,Консервы,Говядина тушеная,"1,19",81,"96,39"
,2/2/2022,NutriFix,Штутгарт,Юг,Консервы,Шпроты,"1,15",78,"89,7"
,2/2/2022,Go Bio,Кёльн,Запад,Сухофрукты,Курага,"1,19",50,"59,5"
,2/2/2022,Gold Food,Штутгарт,Юг,Сыры,Филадельфия ,"0,89",75,"66,75"
,2/2/2022,Sweetables,Франкфурт,Запад,Масла,Оливковое масло,"1,7",64,"108,8"
,2/2/2022,Organica,Франкфурт,Запад,Сладости,Зефир,"0,65",47,"30,55"
,2/2/2022,NutriFix,Кёльн,Запад,Специи,Кориандр,"0,65",30,"19,5"
,2/2/2022,Go Bio,Штутгарт,Юг,Сухофрукты,Сушеные яблоки,"1,09",39,"42,51"
,2/2/2022,Organica,Штутгарт,Юг,Специи,Базилик,"0,7",30,21
,2/3/2022,foodbite,Берлин,Восток,Сыры,Гауда,"1,59",1119,"1779,21"
,2/3/2022,mymeal,Гамбург,Север,Сыры,Гауда,"1,59",844,"1341,96"
,2/3/2022,foodbite,Берлин,Восток,Напитки,Зеленый чай,"0,95",756,"718,2"
,2/3/2022,NutriFix,Берлин,Восток,Масла,Подсолнечное масло,"1,19",751,"893,69"
,2/3/2022,Cooking Corner,Франкфурт,Запад,Масла,Сливочное масло,"1,5",512,768
,2/3/2022,Cooking Corner,Берлин,Восток,Сухофрукты,Изюм,"0,99",376,"372,24"
,2/3/2022,Cooking Corner,Франкфурт,Запад,Масла,Подсолнечное масло,"1,19",464,"552,16"
,2/3/2022,Organica,Берлин,Восток,Крупы,Гречка,"1,4",334,"467,6"
,2/3/2022,Cooking Corner,Штутгарт,Юг,Масла,Сливочное масло,"1,5",434,651
,2/3/2022,foodbite,Кёльн,Запад,Напитки,Черный чай,"0,99",278,"275,22"
,2/3/2022,Sweetables,Кёльн,Запад,Крупы,Перловка,"1,2",264,"316,8"
,2/3/2022,foodbite,Франкфурт,Запад,Сыры,Моцарелла,"0,59",255,"150,45"
,2/3/2022,mymeal,Гамбург,Север,Сухофрукты,Курага,"1,19",194,"230,86"
,2/3/2022,foodbite,Бремен,Север,Специи,Черный перец,"0,59",176,"103,84"
,2/3/2022,Cooking Corner,Кёльн,Запад,Напитки,Кофе,"5,5",172,946
,2/3/2022,Sweetables,Гамбург,Север,Сухофрукты,Сушеные яблоки,"1,09",167,"182,03"
,2/3/2022,mymeal,Кёльн,Запад,Консервы,Килька в томате,"0,89",159,"141,51"
,2/3/2022,Organica,Франкфурт,Запад,Масла,Сливочное масло,"1,5",196,294
,2/3/2022,Cooking Corner,Франкфурт,Запад,Крупы,Гречка,"1,4",166,"232,4"
,2/3/2022,Organica,Штутгарт,Юг,Сыры,Гауда,"1,59",179,"284,61"
,2/3/2022,Organica,Кёльн,Запад,Крупы,Перловка,"1,2",115,138
,2/3/2022,Go Bio,Дрезден,Восток,Напитки,Зеленый чай,"0,95",147,"139,65"
,2/3/2022,Gold Food,Мюнхен,Юг,Сладости,Мармелад,"0,6",109,"65,4"
,2/3/2022,Go Bio,Кёльн,Запад,Крупы,Гречка,"1,4",108,"151,2"
,2/3/2022,Sweetables,Кёльн,Запад,Сладости,Мармелад,"0,6",107,"64,2"
,2/3/2022,mymeal,Дрезден,Восток,Сладости,Мармелад,"0,6",134,"80,4"
,2/3/2022,mymeal,Дрезден,Восток,Крупы,Гречка,"1,4",124,"173,6"
,2/3/2022,NutriFix,Бремен,Север,Сыры,Моцарелла,"0,59",93,"54,87"
,2/3/2022,Go Bio,Берлин,Восток,Консервы,Говядина тушеная,"1,19",92,"109,48"
,2/3/2022,Go Bio,Франкфурт,Запад,Специи,Черный перец,"0,59",118,"69,62"
,2/3/2022,NutriFix,Гамбург,Север,Консервы,Говядина тушеная,"1,19",89,"105,91"
,2/3/2022,mymeal,Франкфурт,Запад,Сладости,Мармелад,"0,6",116,"69,6"
,2/3/2022,Go Bio,Штутгарт,Юг,Сыры,Моцарелла,"0,59",131,"77,29"
,2/3/2022,NutriFix,Кёльн,Запад,Сыры,Филадельфия ,"0,89",84,"74,76"
,2/3/2022,Cooking Corner,Франкфурт,Запад,Сладости,Зефир,"0,65",109,"70,85"
,2/3/2022,Organica,Франкфурт,Запад,Крупы,Гречка,"1,4",108,"151,2"
,2/3/2022,Organica,Дрезден,Восток,Масла,Сливочное масло,"1,5",107,"160,5"
,2/3/2022,mymeal,Франкфурт,Запад,Специи,Базилик,"0,7",107,"74,9"
,2/3/2022,foodbite,Франкфурт,Запад,Крупы,Гречка,"1,4",99,"138,6"
,2/3/2022,Organica,Гамбург,Север,Сладости,Зефир,"0,65",70,"45,5"
,2/3/2022,foodbite,Франкфурт,Запад,Сухофрукты,Курага,"1,19",91,"108,29"
,2/3/2022,Cooking Corner,Штутгарт,Юг,Консервы,Шпроты,"1,15",99,"113,85"
,2/3/2022,Organica,Штутгарт,Юг,Напитки,Зеленый чай,"0,95",96,"91,2"
,2/3/2022,Sweetables,Франкфурт,Запад,Сладости,Мармелад,"0,6",81,"48,6"
,2/3/2022,Cooking Corner,Бремен,Север,Сладости,Мармелад,"0,6",62,"37,2"
,2/3/2022,Sweetables,Штутгарт,Юг,Сладости,Мармелад,"0,6",92,"55,2"
,2/3/2022,Go Bio,Штутгарт,Юг,Крупы,Гречка,"1,4",90,126
,2/3/2022,Sweetables,Берлин,Восток,Специи,Кориандр,"0,65",59,"38,35"
,2/3/2022,foodbite,Бремен,Север,Консервы,Шпроты,"1,15",53,"60,95"
,2/3/2022,foodbite,Кёльн,Запад,Специи,Базилик,"0,7",52,"36,4"
,2/3/2022,Organica,Франкфурт,Запад,Масла,Оливковое масло,"1,7",68,"115,6"
,2/3/2022,Go Bio,Дрезден,Восток,Крупы,Гречка,"1,4",64,"89,6"
,2/3/2022,Go Bio,Дрезден,Восток,Напитки,Черный чай,"0,99",64,"63,36"
,2/3/2022,Gold Food,Франкфурт,Запад,Напитки,Кофе,"5,5",64,352
,2/3/2022,NutriFix,Кёльн,Запад,Сухофрукты,Сушеные яблоки,"1,09",48,"52,32"
,2/3/2022,Organica,Франкфурт,Запад,Масла,Оливковое масло,"1,7",61,"103,7"
,2/3/2022,Sweetables,Гамбург,Север,Специи,Кориандр,"0,65",46,"29,9"
,2/3/2022,Go Bio,Франкфурт,Запад,Масла,Оливковое масло,"1,7",35,"59,5"
,2/3/2022,NutriFix,Штутгарт,Юг,Консервы,Шпроты,"1,15",38,"43,7"
,2/3/2022,Go Bio,Дрезден,Восток,Консервы,Говядина тушеная,"1,19",17,"20,23"
,2/4/2022,foodbite,Берлин,Восток,Масла,Сливочное масло,"1,5",940,1410
,2/4/2022,foodbite,Берлин,Восток,Сыры,Гауда,"1,59",874,"1389,66"
,2/4/2022,Sweetables,Берлин,Восток,Сыры,Моцарелла,"0,59",743,"438,37"
,2/4/2022,Sweetables,Берлин,Восток,Сыры,Моцарелла,"0,59",690,"407,1"
,2/4/2022,Sweetables,Берлин,Восток,Напитки,Черный чай,"0,99",641,"634,59"
,2/4/2022,foodbite,Берлин,Восток,Напитки,Зеленый чай,"0,95",600,570
,2/4/2022,foodbite,Берлин,Восток,Масла,Подсолнечное масло,"1,19",520,"618,8"
,2/4/2022,Go Bio,Берлин,Восток,Специи,Черный перец,"0,59",484,"285,56"
,2/4/2022,Sweetables,Берлин,Восток,Напитки,Зеленый чай,"0,95",467,"443,65"
,2/4/2022,mymeal,Франкфурт,Запад,Сыры,Гауда,"1,59",584,"928,56"
,2/4/2022,foodbite,Берлин,Восток,Специи,Черный перец,"0,59",405,"238,95"
,2/4/2022,mymeal,Кёльн,Запад,Специи,Черный перец,"0,59",405,"238,95"
,2/4/2022,Cooking Corner,Кёльн,Запад,Крупы,Рис,"0,96",393,"377,28"
,2/4/2022,foodbite,Кёльн,Запад,Специи,Черный перец,"0,59",328,"193,52"
,2/4/2022,Cooking Corner,Берлин,Восток,Специи,Базилик,"0,7",292,"204,4"
,2/4/2022,mymeal,Штутгарт,Юг,Крупы,Рис,"0,96",402,"385,92"
,2/4/2022,foodbite,Кёльн,Запад,Крупы,Перловка,"1,2",243,"291,6"
,2/4/2022,foodbite,Гамбург,Север,Сухофрукты,Изюм,"0,99",237,"234,63"
,2/4/2022,Sweetables,Франкфурт,Запад,Сладости,Шоколад,"0,55",289,"158,95"
,2/4/2022,mymeal,Дрезден,Восток,Крупы,Рис,"0,96",273,"262,08"
,2/4/2022,mymeal,Дрезден,Восток,Крупы,Рис,"0,96",269,"258,24"
,2/4/2022,foodbite,Франкфурт,Запад,Напитки,Зеленый чай,"0,95",246,"233,7"
,2/4/2022,Organica,Дрезден,Восток,Сыры,Гауда,"1,59",195,"310,05"
,2/4/2022,Organica,Франкфурт,Запад,Сыры,Гауда,"1,59",170,"270,3"
,2/4/2022,Organica,Бремен,Север,Масла,Подсолнечное масло,"1,19",129,"153,51"
,2/4/2022,Sweetables,Франкфурт,Запад,Крупы,Перловка,"1,2",161,"193,2"
,2/4/2022,Organica,Штутгарт,Юг,Сыры,Моцарелла,"0,59",168,"99,12"
,2/4/2022,Go Bio,Штутгарт,Юг,Сыры,Гауда,"1,59",155,"246,45"
,2/4/2022,mymeal,Франкфурт,Запад,Сухофрукты,Изюм,"0,99",129,"127,71"
,2/4/2022,Go Bio,Кёльн,Запад,Сыры,Филадельфия ,"0,89",97,"86,33"
,2/4/2022,Organica,Дрезден,Восток,Напитки,Черный чай,"0,99",121,"119,79"
,2/4/2022,mymeal,Дрезден,Восток,Напитки,Кофе,"5,5",118,649
,2/4/2022,Sweetables,Штутгарт,Юг,Крупы,Гречка,"1,4",135,189
,2/4/2022,NutriFix,Гамбург,Север,Консервы,Говядина тушеная,"1,19",85,"101,15"
,2/4/2022,mymeal,Штутгарт,Юг,Специи,Черный перец,"0,59",126,"74,34"
,2/4/2022,mymeal,Дрезден,Восток,Сыры,Филадельфия ,"0,89",105,"93,45"
,2/4/2022,Organica,Кёльн,Запад,Сыры,Филадельфия ,"0,89",60,"53,4"
,2/4/2022,Go Bio,Штутгарт,Юг,Специи,Черный перец,"0,59",89,"52,51"
,2/4/2022,Cooking Corner,Франкфурт,Запад,Специи,Базилик,"0,7",75,"52,5"
,2/4/2022,foodbite,Франкфурт,Запад,Напитки,Кофе,"5,5",72,396
,2/4/2022,Organica,Франкфурт,Запад,Напитки,Черный чай,"0,99",69,"68,31"
,2/4/2022,NutriFix,Дрезден,Восток,Сухофрукты,Изюм,"0,99",68,"67,32"
,2/4/2022,foodbite,Франкфурт,Запад,Специи,Базилик,"0,7",59,"41,3"
,2/4/2022,NutriFix,Гамбург,Север,Специи,Кориандр,"0,65",40,26
,2/4/2022,Organica,Кёльн,Запад,Масла,Оливковое масло,"1,7",40,68
,2/4/2022,Go Bio,Франкфурт,Запад,Сладости,Мармелад,"0,6",51,"30,6"
,2/4/2022,Organica,Франкфурт,Запад,Сладости,Мармелад,"0,6",47,"28,2"
,2/4/2022,Go Bio,Франкфурт,Запад,Консервы,Говядина тушеная,"1,19",42,"49,98"
,2/4/2022,Organica,Франкфурт,Запад,Сладости,Зефир,"0,65",39,"25,35"
,2/4/2022,foodbite,Франкфурт,Запад,Консервы,Шпроты,"1,15",36,"41,4"
,2/4/2022,Gold Food,Штутгарт,Юг,Сладости,Зефир,"0,65",41,"26,65"
,2/4/2022,Organica,Дрезден,Восток,Сладости,Зефир,"0,65",17,"11,05"
,2/5/2022,mymeal,Кёльн,Запад,Сладости,Шоколад,"0,55",495,"272,25"
,2/5/2022,foodbite,Берлин,Восток,Сыры,Моцарелла,"0,59",482,"284,38"
,2/5/2022,mymeal,Франкфурт,Запад,Сладости,Шоколад,"0,55",599,"329,45"
,2/5/2022,mymeal,Франкфурт,Запад,Крупы,Рис,"0,96",592,"568,32"
,2/5/2022,mymeal,Мюнхен,Юг,Масла,Подсолнечное масло,"1,19",425,"505,75"
,2/5/2022,foodbite,Берлин,Восток,Крупы,Перловка,"1,2",407,"488,4"
,2/5/2022,Cooking Corner,Дрезден,Восток,Крупы,Рис,"0,96",433,"415,68"
,2/5/2022,mymeal,Франкфурт,Запад,Крупы,Рис,"0,96",432,"414,72"
,2/5/2022,mymeal,Штутгарт,Юг,Крупы,Рис,"0,96",492,"472,32"
,2/5/2022,Gold Food,Берлин,Восток,Сухофрукты,Изюм,"0,99",321,"317,79"
,2/5/2022,Go Bio,Мюнхен,Юг,Масла,Сливочное масло,"1,5",320,480
,2/5/2022,foodbite,Берлин,Восток,Сладости,Мармелад,"0,6",288,"172,8"
,2/5/2022,Gold Food,Мюнхен,Юг,Сыры,Моцарелла,"0,59",260,"153,4"
,2/5/2022,mymeal,Штутгарт,Юг,Сыры,Гауда,"1,59",354,"562,86"
,2/5/2022,NutriFix,Берлин,Восток,Напитки,Кофе,"5,5",224,1232
,2/5/2022,mymeal,Франкфурт,Запад,Сыры,Моцарелла,"0,59",276,"162,84"
,2/5/2022,Cooking Corner,Дрезден,Восток,Крупы,Перловка,"1,2",261,"313,2"
,2/5/2022,Organica,Кёльн,Запад,Специи,Черный перец,"0,59",200,118
,2/5/2022,Gold Food,Кёльн,Запад,Сыры,Гауда,"1,59",188,"298,92"
,2/5/2022,NutriFix,Кёльн,Запад,Напитки,Зеленый чай,"0,95",166,"157,7"
,2/5/2022,NutriFix,Бремен,Север,Крупы,Рис,"0,96",145,"139,2"
,2/5/2022,foodbite,Штутгарт,Юг,Масла,Подсолнечное масло,"1,19",212,"252,28"
,2/5/2022,NutriFix,Берлин,Восток,Специи,Базилик,"0,7",128,"89,6"
,2/5/2022,Sweetables,Штутгарт,Юг,Специи,Черный перец,"0,59",180,"106,2"
,2/5/2022,mymeal,Штутгарт,Юг,Напитки,Зеленый чай,"0,95",153,"145,35"
,2/5/2022,Organica,Бремен,Север,Сыры,Моцарелла,"0,59",95,"56,05"
,2/5/2022,Organica,Бремен,Север,Крупы,Рис,"0,96",94,"90,24"
,2/5/2022,mymeal,Дрезден,Восток,Сладости,Мармелад,"0,6",121,"72,6"
,2/5/2022,Go Bio,Франкфурт,Запад,Напитки,Черный чай,"0,99",116,"114,84"
,2/5/2022,Organica,Кёльн,Запад,Консервы,Килька в томате,"0,89",85,"75,65"
,2/5/2022,Go Bio,Штутгарт,Юг,Напитки,Черный чай,"0,99",113,"111,87"
,2/5/2022,Go Bio,Кёльн,Запад,Сухофрукты,Сушеные яблоки,"1,09",73,"79,57"
,2/5/2022,Gold Food,Кёльн,Запад,Сладости,Мармелад,"0,6",69,"41,4"
,2/5/2022,Organica,Франкфурт,Запад,Напитки,Зеленый чай,"0,95",87,"82,65"
,2/5/2022,Cooking Corner,Бремен,Север,Консервы,Килька в томате,"0,89",67,"59,63"
,2/5/2022,Gold Food,Кёльн,Запад,Сладости,Зефир,"0,65",55,"35,75"
,2/5/2022,Organica,Дрезден,Восток,Напитки,Черный чай,"0,99",68,"67,32"
,2/5/2022,NutriFix,Дрезден,Восток,Напитки,Зеленый чай,"0,95",64,"60,8"
,2/5/2022,foodbite,Берлин,Восток,Специи,Кориандр,"0,65",48,"31,2"
,2/5/2022,foodbite,Франкфурт,Запад,Масла,Оливковое масло,"1,7",55,"93,5"
,2/5/2022,foodbite,Кёльн,Запад,Напитки,Кофе,"5,5",42,231
,2/5/2022,Gold Food,Франкфурт,Запад,Консервы,Говядина тушеная,"1,19",49,"58,31"
,2/5/2022,foodbite,Гамбург,Север,Специи,Кориандр,"0,65",37,"24,05"
,2/5/2022,Gold Food,Штутгарт,Юг,Сухофрукты,Изюм,"0,99",54,"53,46"
,2/5/2022,Organica,Штутгарт,Юг,Масла,Оливковое масло,"1,7",45,"76,5"
,2/5/2022,Go Bio,Франкфурт,Запад,Консервы,Шпроты,"1,15",38,"43,7"
,2/5/2022,Organica,Франкфурт,Запад,Консервы,Шпроты,"1,15",31,"35,65"
,2/5/2022,Organica,Дрезден,Восток,Специи,Базилик,"0,7",30,21
,2/6/2022,Cooking Corner,Берлин,Восток,Сыры,Гауда,"1,59",1160,"1844,4"
,2/6/2022,Cooking Corner,Берлин,Восток,Масла,Подсолнечное масло,"1,19",1147,"1364,93"
,2/6/2022,mymeal,Мюнхен,Юг,Масла,Сливочное масло,"1,5",667,"1000,5"
,2/6/2022,foodbite,Берлин,Восток,Напитки,Черный чай,"0,99",611,"604,89"
,2/6/2022,Cooking Corner,Берлин,Восток,Сладости,Мармелад,"0,6",600,360
,2/6/2022,Gold Food,Берлин,Восток,Крупы,Рис,"0,96",580,"556,8"
,2/6/2022,Go Bio,Берлин,Восток,Напитки,Зеленый чай,"0,95",534,"507,3"
,2/6/2022,Cooking Corner,Франкфурт,Запад,Сладости,Шоколад,"0,55",584,"321,2"
,2/6/2022,Gold Food,Берлин,Восток,Масла,Подсолнечное масло,"1,19",428,"509,32"
,2/6/2022,Cooking Corner,Кёльн,Запад,Масла,Сливочное масло,"1,5",424,636
,2/6/2022,Cooking Corner,Гамбург,Север,Напитки,Кофе,"5,5",384,2112
,2/6/2022,Cooking Corner,Берлин,Восток,Сухофрукты,Изюм,"0,99",376,"372,24"
,2/6/2022,mymeal,Франкфурт,Запад,Напитки,Черный чай,"0,99",456,"451,44"
,2/6/2022,Cooking Corner,Гамбург,Север,Специи,Черный перец,"0,59",330,"194,7"
,2/6/2022,Sweetables,Кёльн,Запад,Масла,Сливочное масло,"1,5",314,471
,2/6/2022,mymeal,Франкфурт,Запад,Сыры,Гауда,"1,59",407,"647,13"
,2/6/2022,mymeal,Штутгарт,Юг,Сыры,Моцарелла,"0,59",410,"241,9"
,2/6/2022,NutriFix,Кёльн,Запад,Сладости,Шоколад,"0,55",269,"147,95"
,2/6/2022,mymeal,Франкфурт,Запад,Масла,Сливочное масло,"1,5",332,498
,2/6/2022,NutriFix,Берлин,Восток,Сухофрукты,Курага,"1,19",188,"223,72"
,2/6/2022,Go Bio,Берлин,Восток,Сухофрукты,Изюм,"0,99",185,"183,15"
,2/6/2022,Sweetables,Берлин,Восток,Специи,Базилик,"0,7",165,"115,5"
,2/6/2022,Gold Food,Франкфурт,Запад,Сыры,Гауда,"1,59",212,"337,08"
,2/6/2022,Sweetables,Штутгарт,Юг,Масла,Сливочное масло,"1,5",213,"319,5"
,2/6/2022,Cooking Corner,Франкфурт,Запад,Сладости,Мармелад,"0,6",173,"103,8"
,2/6/2022,foodbite,Штутгарт,Юг,Масла,Сливочное масло,"1,5",197,"295,5"
,2/6/2022,Gold Food,Берлин,Восток,Сухофрукты,Сушеные яблоки,"1,09",124,"135,16"
,2/6/2022,NutriFix,Кёльн,Запад,Напитки,Черный чай,"0,99",123,"121,77"
,2/6/2022,Gold Food,Берлин,Восток,Специи,Базилик,"0,7",122,"85,4"
,2/6/2022,Go Bio,Мюнхен,Юг,Сухофрукты,Изюм,"0,99",118,"116,82"
,2/6/2022,Gold Food,Кёльн,Запад,Напитки,Кофе,"5,5",115,"632,5"
,2/6/2022,Go Bio,Кёльн,Запад,Крупы,Перловка,"1,2",105,126
,2/6/2022,foodbite,Гамбург,Север,Специи,Базилик,"0,7",89,"62,3"
,2/6/2022,NutriFix,Кёльн,Запад,Специи,Черный перец,"0,59",88,"51,92"
,2/6/2022,Sweetables,Дрезден,Восток,Напитки,Черный чай,"0,99",113,"111,87"
,2/6/2022,NutriFix,Бремен,Север,Крупы,Перловка,"1,2",84,"100,8"
,2/6/2022,Organica,Бремен,Север,Сыры,Моцарелла,"0,59",80,"47,2"
,2/6/2022,Go Bio,Кёльн,Запад,Сухофрукты,Курага,"1,19",74,"88,06"
,2/6/2022,Sweetables,Дрезден,Восток,Напитки,Кофе,"5,5",92,506
,2/6/2022,NutriFix,Кёльн,Запад,Сухофрукты,Сушеные яблоки,"1,09",66,"71,94"
,2/6/2022,NutriFix,Штутгарт,Юг,Крупы,Гречка,"1,4",98,"137,2"
,2/6/2022,Gold Food,Кёльн,Запад,Сладости,Мармелад,"0,6",60,36
,2/6/2022,Gold Food,Кёльн,Запад,Сухофрукты,Сушеные яблоки,"1,09",60,"65,4"
,2/6/2022,Go Bio,Кёльн,Запад,Консервы,Килька в томате,"0,89",54,"48,06"
,2/6/2022,Cooking Corner,Бремен,Север,Консервы,Говядина тушеная,"1,19",52,"61,88"
,2/6/2022,Organica,Дрезден,Восток,Крупы,Гречка,"1,4",59,"82,6"
,2/6/2022,Sweetables,Штутгарт,Юг,Сладости,Мармелад,"0,6",66,"39,6"
,2/6/2022,Organica,Штутгарт,Юг,Сухофрукты,Курага,"1,19",62,"73,78"
,2/6/2022,foodbite,Штутгарт,Юг,Сладости,Зефир,"0,65",59,"38,35"
,2/6/2022,Sweetables,Бремен,Север,Сухофрукты,Сушеные яблоки,"1,09",39,"42,51"
,2/6/2022,NutriFix,Франкфурт,Запад,Консервы,Говядина тушеная,"1,19",48,"57,12"
,2/6/2022,NutriFix,Штутгарт,Юг,Консервы,Говядина тушеная,"1,19",48,"57,12"
,2/6/2022,mymeal,Штутгарт,Юг,Консервы,Говядина тушеная,"1,19",41,"48,79"
,2/6/2022,NutriFix,Кёльн,Запад,Консервы,Говядина тушеная,"1,19",25,"29,75"
,2/6/2022,NutriFix,Бремен,Север,Сладости,Зефир,"0,65",22,"14,3"
,2/6/2022,Organica,Бремен,Север,Сладости,Зефир,"0,65",21,"13,65"
,2/6/2022,Go Bio,Франкфурт,Запад,Консервы,Шпроты,"1,15",26,"29,9"
,2/6/2022,Organica,Франкфурт,Запад,Консервы,Говядина тушеная,"1,19",17,"20,23"
,2/7/2022,Cooking Corner,Берлин,Восток,Сыры,Гауда,"1,59",1569,"2494,71"
,2/7/2022,mymeal,Берлин,Восток,Масла,Сливочное масло,"1,5",929,"1393,5"
,2/7/2022,mymeal,Гамбург,Север,Масла,Подсолнечное масло,"1,19",902,"1073,38"
,2/7/2022,mymeal,Гамбург,Север,Крупы,Рис,"0,96",826,"792,96"
,2/7/2022,Sweetables,Берлин,Восток,Масла,Сливочное масло,"1,5",798,1197
,2/7/2022,Cooking Corner,Берлин,Восток,Специи,Черный перец,"0,59",710,"418,9"
,2/7/2022,Cooking Corner,Берлин,Восток,Напитки,Зеленый чай,"0,95",606,"575,7"
,2/7/2022,mymeal,Берлин,Восток,Сухофрукты,Изюм,"0,99",569,"563,31"
,2/7/2022,foodbite,Гамбург,Север,Сладости,Шоколад,"0,55",523,"287,65"
,2/7/2022,NutriFix,Мюнхен,Юг,Крупы,Рис,"0,96",467,"448,32"
,2/7/2022,mymeal,Кёльн,Запад,Напитки,Зеленый чай,"0,95",429,"407,55"
,2/7/2022,Sweetables,Берлин,Восток,Напитки,Зеленый чай,"0,95",424,"402,8"
,2/7/2022,Sweetables,Берлин,Восток,Крупы,Перловка,"1,2",392,"470,4"
,2/7/2022,Cooking Corner,Франкфурт,Запад,Специи,Черный перец,"0,59",442,"260,78"
,2/7/2022,mymeal,Франкфурт,Запад,Напитки,Черный чай,"0,99",359,"355,41"
,2/7/2022,NutriFix,Мюнхен,Юг,Крупы,Перловка,"1,2",264,"316,8"
,2/7/2022,NutriFix,Берлин,Восток,Напитки,Кофе,"5,5",258,1419
,2/7/2022,foodbite,Штутгарт,Юг,Сладости,Шоколад,"0,55",368,"202,4"
,2/7/2022,mymeal,Штутгарт,Юг,Сыры,Гауда,"1,59",333,"529,47"
,2/7/2022,foodbite,Дрезден,Восток,Крупы,Рис,"0,96",270,"259,2"
,2/7/2022,Cooking Corner,Штутгарт,Юг,Масла,Подсолнечное масло,"1,19",302,"359,38"
,2/7/2022,Sweetables,Берлин,Восток,Напитки,Кофе,"5,5",199,"1094,5"
,2/7/2022,Gold Food,Берлин,Восток,Консервы,Шпроты,"1,15",197,"226,55"
,2/7/2022,Sweetables,Штутгарт,Юг,Напитки,Зеленый чай,"0,95",288,"273,6"
,2/7/2022,Cooking Corner,Гамбург,Север,Сухофрукты,Курага,"1,19",184,"218,96"
,2/7/2022,Gold Food,Франкфурт,Запад,Масла,Подсолнечное масло,"1,19",234,"278,46"
,2/7/2022,Cooking Corner,Кёльн,Запад,Масла,Оливковое масло,"1,7",173,"294,1"
,2/7/2022,foodbite,Франкфурт,Запад,Масла,Сливочное масло,"1,5",215,"322,5"
,2/7/2022,Go Bio,Штутгарт,Юг,Крупы,Рис,"0,96",245,"235,2"
,2/7/2022,Go Bio,Штутгарт,Юг,Сыры,Гауда,"1,59",243,"386,37"
,2/7/2022,mymeal,Гамбург,Север,Сладости,Зефир,"0,65",150,"97,5"
,2/7/2022,foodbite,Бремен,Север,Сладости,Шоколад,"0,55",135,"74,25"
,2/7/2022,foodbite,Бремен,Север,Напитки,Зеленый чай,"0,95",116,"110,2"
,2/7/2022,mymeal,Штутгарт,Юг,Напитки,Кофе,"5,5",168,924
,2/7/2022,Sweetables,Бремен,Север,Сыры,Филадельфия ,"0,89",67,"59,63"
,2/7/2022,mymeal,Дрезден,Восток,Сладости,Мармелад,"0,6",85,51
,2/7/2022,foodbite,Бремен,Север,Сыры,Филадельфия ,"0,89",65,"57,85"
,2/7/2022,foodbite,Дрезден,Восток,Напитки,Зеленый чай,"0,95",81,"76,95"
,2/7/2022,NutriFix,Бремен,Север,Сыры,Филадельфия ,"0,89",60,"53,4"
,2/7/2022,NutriFix,Кёльн,Запад,Масла,Оливковое масло,"1,7",54,"91,8"
,2/7/2022,NutriFix,Дрезден,Восток,Напитки,Кофе,"5,5",69,"379,5"
,2/7/2022,NutriFix,Штутгарт,Юг,Консервы,Шпроты,"1,15",80,92
,2/7/2022,NutriFix,Дрезден,Восток,Сыры,Филадельфия ,"0,89",68,"60,52"
,2/7/2022,Go Bio,Бремен,Север,Консервы,Килька в томате,"0,89",43,"38,27"
,2/7/2022,mymeal,Дрезден,Восток,Консервы,Говядина тушеная,"1,19",51,"60,69"
,2/7/2022,Go Bio,Штутгарт,Юг,Консервы,Шпроты,"1,15",57,"65,55"
,2/7/2022,foodbite,Штутгарт,Юг,Специи,Базилик,"0,7",47,"32,9"
,2/7/2022,Sweetables,Бремен,Север,Консервы,Говядина тушеная,"1,19",28,"33,32"
,2/7/2022,foodbite,Штутгарт,Юг,Консервы,Говядина тушеная,"1,19",26,"30,94"
,2/7/2022,Gold Food,Франкфурт,Запад,Специи,Кориандр,"0,65",17,"11,05"
,2/8/2022,mymeal,Гамбург,Север,Специи,Черный перец,"0,59",684,"403,56"
,2/8/2022,Go Bio,Берлин,Восток,Сладости,Шоколад,"0,55",665,"365,75"
,2/8/2022,Sweetables,Берлин,Восток,Напитки,Зеленый чай,"0,95",431,"409,45"
,2/8/2022,mymeal,Берлин,Восток,Сухофрукты,Курага,"1,19",395,"470,05"
,2/8/2022,mymeal,Франкфурт,Запад,Сыры,Моцарелла,"0,59",389,"229,51"
,2/8/2022,Gold Food,Берлин,Восток,Сухофрукты,Изюм,"0,99",287,"284,13"
,2/8/2022,foodbite,Мюнхен,Юг,Напитки,Черный чай,"0,99",281,"278,19"
,2/8/2022,NutriFix,Берлин,Восток,Консервы,Килька в томате,"0,89",271,"241,19"
,2/8/2022,mymeal,Дрезден,Восток,Специи,Черный перец,"0,59",350,"206,5"
,2/8/2022,mymeal,Гамбург,Север,Сладости,Мармелад,"0,6",216,"129,6"
,2/8/2022,Cooking Corner,Кёльн,Запад,Консервы,Килька в томате,"0,89",213,"189,57"
,2/8/2022,Cooking Corner,Штутгарт,Юг,Специи,Черный перец,"0,59",317,"187,03"
,2/8/2022,Cooking Corner,Штутгарт,Юг,Сыры,Моцарелла,"0,59",317,"187,03"
,2/8/2022,NutriFix,Бремен,Север,Крупы,Рис,"0,96",178,"170,88"
,2/8/2022,Cooking Corner,Штутгарт,Юг,Крупы,Гречка,"1,4",170,238
,2/8/2022,Go Bio,Мюнхен,Юг,Сладости,Мармелад,"0,6",105,63
,2/8/2022,Gold Food,Берлин,Восток,Сладости,Зефир,"0,65",90,"58,5"
,2/8/2022,foodbite,Мюнхен,Юг,Консервы,Говядина тушеная,"1,19",82,"97,58"
,2/8/2022,Sweetables,Бремен,Север,Напитки,Кофе,"5,5",63,"346,5"
,2/8/2022,mymeal,Штутгарт,Юг,Специи,Базилик,"0,7",93,"65,1"
,2/8/2022,Cooking Corner,Дрезден,Восток,Масла,Оливковое масло,"1,7",78,"132,6"
,2/8/2022,Cooking Corner,Дрезден,Восток,Специи,Базилик,"0,7",78,"54,6"
,2/8/2022,Organica,Дрезден,Восток,Крупы,Перловка,"1,2",73,"87,6"
,2/8/2022,mymeal,Дрезден,Восток,Масла,Оливковое масло,"1,7",66,"112,2"
,2/8/2022,Go Bio,Дрезден,Восток,Консервы,Килька в томате,"0,89",57,"50,73"
,2/8/2022,mymeal,Штутгарт,Юг,Консервы,Шпроты,"1,15",59,"67,85"
,2/8/2022,Go Bio,Штутгарт,Юг,Сладости,Мармелад,"0,6",57,"34,2"
,2/8/2022,Organica,Бремен,Север,Сухофрукты,Сушеные яблоки,"1,09",29,"31,61"
,2/8/2022,Go Bio,Штутгарт,Юг,Сладости,Зефир,"0,65",41,"26,65"
,2/8/2022,Sweetables,Бремен,Север,Специи,Базилик,"0,7",24,"16,8"
,2/8/2022,Organica,Бремен,Север,Сухофрукты,Курага,"1,19",24,"28,56"
,2/8/2022,foodbite,Дрезден,Восток,Консервы,Шпроты,"1,15",30,"34,5"
,2/8/2022,foodbite,Бремен,Север,Специи,Базилик,"0,7",21,"14,7"
,2/8/2022,NutriFix,Дрезден,Восток,Консервы,Говядина тушеная,"1,19",27,"32,13"
,2/9/2022,Cooking Corner,Дрезден,Восток,Крупы,Рис,"0,96",367,"352,32"
,2/9/2022,NutriFix,Берлин,Восток,Сухофрукты,Сушеные яблоки,"1,09",239,"260,51"
,2/9/2022,Go Bio,Мюнхен,Юг,Масла,Подсолнечное масло,"1,19",225,"267,75"
,2/9/2022,Organica,Берлин,Восток,Сыры,Филадельфия ,"0,89",150,"133,5"
,2/9/2022,Sweetables,Дрезден,Восток,Напитки,Черный чай,"0,99",192,"190,08"
,2/9/2022,Cooking Corner,Кёльн,Запад,Консервы,Говядина тушеная,"1,19",116,"138,04"
,2/9/2022,mymeal,Бремен,Север,Напитки,Зеленый чай,"0,95",101,"95,95"
,2/9/2022,NutriFix,Дрезден,Восток,Сыры,Гауда,"1,59",124,"197,16"
,2/9/2022,NutriFix,Бремен,Север,Крупы,Гречка,"1,4",62,"86,8"
,2/9/2022,Sweetables,Кёльн,Запад,Сухофрукты,Курага,"1,19",61,"72,59"
,2/9/2022,Cooking Corner,Штутгарт,Юг,Сладости,Зефир,"0,65",89,"57,85"
,2/9/2022,Go Bio,Бремен,Север,Крупы,Гречка,"1,4",59,"82,6"
,2/9/2022,Cooking Corner,Штутгарт,Юг,Сладости,Зефир,"0,65",87,"56,55"
,2/9/2022,Cooking Corner,Бремен,Север,Специи,Базилик,"0,7",56,"39,2"
,2/9/2022,Gold Food,Мюнхен,Юг,Специи,Базилик,"0,7",53,"37,1"
,2/9/2022,Cooking Corner,Штутгарт,Юг,Сладости,Зефир,"0,65",77,"50,05"
,2/9/2022,Organica,Штутгарт,Юг,Крупы,Гречка,"1,4",74,"103,6"
,2/9/2022,NutriFix,Дрезден,Восток,Сладости,Мармелад,"0,6",59,"35,4"
,2/9/2022,Go Bio,Мюнхен,Юг,Консервы,Говядина тушеная,"1,19",43,"51,17"
,2/9/2022,foodbite,Франкфурт,Запад,Сладости,Зефир,"0,65",56,"36,4"
,2/9/2022,Organica,Штутгарт,Юг,Сухофрукты,Сушеные яблоки,"1,09",63,"68,67"
,2/9/2022,Go Bio,Мюнхен,Юг,Сладости,Зефир,"0,65",41,"26,65"
,2/9/2022,Organica,Бремен,Север,Масла,Оливковое масло,"1,7",39,"66,3"
,2/9/2022,Gold Food,Дрезден,Восток,Сыры,Филадельфия ,"0,89",46,"40,94"
,2/9/2022,Organica,Штутгарт,Юг,Сладости,Мармелад,"0,6",48,"28,8"
,2/9/2022,Sweetables,Дрезден,Восток,Напитки,Кофе,"5,5",40,220
,2/9/2022,Sweetables,Бремен,Север,Сухофрукты,Сушеные яблоки,"1,09",31,"33,79"
,2/9/2022,Go Bio,Дрезден,Восток,Сыры,Филадельфия ,"0,89",40,"35,6"
,2/9/2022,Cooking Corner,Дрезден,Восток,Консервы,Говядина тушеная,"1,19",23,"27,37"
,2/10/2022,mymeal,Берлин,Восток,Сладости,Шоколад,"0,55",1177,"647,35"
,2/10/2022,mymeal,Берлин,Восток,Масла,Сливочное масло,"1,5",885,"1327,5"
,2/10/2022,Go Bio,Берлин,Восток,Масла,Сливочное масло,"1,5",364,546
,2/10/2022,Cooking Corner,Франкфурт,Запад,Крупы,Рис,"0,96",456,"437,76"
,2/10/2022,Cooking Corner,Дрезден,Восток,Сыры,Гауда,"1,59",454,"721,86"
,2/10/2022,mymeal,Франкфурт,Запад,Крупы,Рис,"0,96",384,"368,64"
,2/10/2022,mymeal,Дрезден,Восток,Масла,Подсолнечное масло,"1,19",334,"397,46"
,2/10/2022,Sweetables,Дрезден,Восток,Сладости,Шоколад,"0,55",283,"155,65"
,2/10/2022,Cooking Corner,Франкфурт,Запад,Сыры,Моцарелла,"0,59",234,"138,06"
,2/10/2022,Sweetables,Бремен,Север,Масла,Сливочное масло,"1,5",111,"166,5"
,2/10/2022,Cooking Corner,Бремен,Север,Консервы,Килька в томате,"0,89",96,"85,44"
,2/10/2022,Gold Food,Мюнхен,Юг,Консервы,Шпроты,"1,15",83,"95,45"
,2/10/2022,foodbite,Кёльн,Запад,Напитки,Черный чай,"0,99",82,"81,18"
,2/10/2022,Gold Food,Мюнхен,Юг,Специи,Базилик,"0,7",77,"53,9"
,2/10/2022,foodbite,Кёльн,Запад,Специи,Базилик,"0,7",60,42
,2/10/2022,Gold Food,Бремен,Север,Напитки,Кофе,"5,5",57,"313,5"
,2/10/2022,Sweetables,Дрезден,Восток,Крупы,Гречка,"1,4",73,"102,2"
,2/10/2022,foodbite,Дрезден,Восток,Консервы,Шпроты,"1,15",70,"80,5"
,2/10/2022,Organica,Франкфурт,Запад,Масла,Оливковое масло,"1,7",69,"117,3"
,2/10/2022,NutriFix,Бремен,Север,Консервы,Килька в томате,"0,89",44,"39,16"
,2/10/2022,Go Bio,Штутгарт,Юг,Сухофрукты,Изюм,"0,99",63,"62,37"
,2/10/2022,Sweetables,Бремен,Север,Сухофрукты,Изюм,"0,99",37,"36,63"
,2/10/2022,Go Bio,Штутгарт,Юг,Консервы,Шпроты,"1,15",44,"50,6"
,2/10/2022,Go Bio,Бремен,Север,Сухофрукты,Курага,"1,19",25,"29,75"
,2/10/2022,NutriFix,Дрезден,Восток,Специи,Базилик,"0,7",31,"21,7"
,2/10/2022,Go Bio,Штутгарт,Юг,Консервы,Говядина тушеная,"1,19",32,"38,08"
,2/10/2022,Sweetables,Дрезден,Восток,Специи,Кориандр,"0,65",22,"14,3"
,2/11/2022,Gold Food,Берлин,Восток,Масла,Подсолнечное масло,"1,19",636,"756,84"
,2/11/2022,Cooking Corner,Кёльн,Запад,Сладости,Шоколад,"0,55",444,"244,2"
,2/11/2022,Cooking Corner,Франкфурт,Запад,Сыры,Гауда,"1,59",494,"785,46"
,2/11/2022,Gold Food,Гамбург,Север,Масла,Подсолнечное масло,"1,19",329,"391,51"
,2/11/2022,Sweetables,Берлин,Восток,Сладости,Мармелад,"0,6",297,"178,2"
,2/11/2022,Cooking Corner,Бремен,Север,Сладости,Шоколад,"0,55",264,"145,2"
,2/11/2022,Cooking Corner,Бремен,Север,Сыры,Моцарелла,"0,59",207,"122,13"
,2/11/2022,Cooking Corner,Дрезден,Восток,Сладости,Шоколад,"0,55",256,"140,8"
,2/11/2022,Go Bio,Кёльн,Запад,Масла,Сливочное масло,"1,5",191,"286,5"
,2/11/2022,mymeal,Дрезден,Восток,Крупы,Рис,"0,96",237,"227,52"
,2/11/2022,foodbite,Дрезден,Восток,Специи,Черный перец,"0,59",215,"126,85"
,2/11/2022,foodbite,Кёльн,Запад,Специи,Черный перец,"0,59",131,"77,29"
,2/11/2022,NutriFix,Берлин,Восток,Сухофрукты,Сушеные яблоки,"1,09",130,"141,7"
,2/11/2022,Go Bio,Франкфурт,Запад,Сладости,Шоколад,"0,55",152,"83,6"
,2/11/2022,mymeal,Бремен,Север,Консервы,Килька в томате,"0,89",101,"89,89"
,2/11/2022,Organica,Мюнхен,Юг,Сухофрукты,Сушеные яблоки,"1,09",73,"79,57"
,2/11/2022,Sweetables,Дрезден,Восток,Сладости,Мармелад,"0,6",82,"49,2"
,2/11/2022,Go Bio,Кёльн,Запад,Сухофрукты,Изюм,"0,99",57,"56,43"
,2/11/2022,foodbite,Дрезден,Восток,Сыры,Филадельфия ,"0,89",64,"56,96"
,2/11/2022,Go Bio,Мюнхен,Юг,Напитки,Кофе,"5,5",48,264
,2/11/2022,Cooking Corner,Бремен,Север,Консервы,Шпроты,"1,15",41,"47,15"
,2/11/2022,Sweetables,Франкфурт,Запад,Сладости,Зефир,"0,65",52,"33,8"
,2/11/2022,Organica,Бремен,Север,Сыры,Филадельфия ,"0,89",40,"35,6"
,2/11/2022,Organica,Бремен,Север,Сыры,Филадельфия ,"0,89",35,"31,15"
,2/11/2022,NutriFix,Дрезден,Восток,Консервы,Килька в томате,"0,89",44,"39,16"
,2/11/2022,Go Bio,Франкфурт,Запад,Масла,Оливковое масло,"1,7",42,"71,4"
,2/11/2022,Gold Food,Бремен,Север,Сухофрукты,Курага,"1,19",32,"38,08"
,2/11/2022,Cooking Corner,Франкфурт,Запад,Специи,Кориандр,"0,65",40,26
,2/11/2022,Organica,Дрезден,Восток,Специи,Кориандр,"0,65",10,"6,5"
,2/12/2022,Sweetables,Берлин,Восток,Масла,Подсолнечное масло,"1,19",649,"772,31"
,2/12/2022,mymeal,Берлин,Восток,Сыры,Филадельфия ,"0,89",584,"519,76"
,2/12/2022,Cooking Corner,Кёльн,Запад,Напитки,Зеленый чай,"0,95",510,"484,5"
,2/12/2022,Gold Food,Мюнхен,Юг,Сыры,Гауда,"1,59",498,"791,82"
,2/12/2022,Cooking Corner,Штутгарт,Юг,Сыры,Гауда,"1,59",632,"1004,88"
,2/12/2022,NutriFix,Гамбург,Север,Напитки,Зеленый чай,"0,95",405,"384,75"
,2/12/2022,NutriFix,Гамбург,Север,Масла,Сливочное масло,"1,5",401,"601,5"
,2/12/2022,Sweetables,Берлин,Восток,Сыры,Моцарелла,"0,59",399,"235,41"
,2/12/2022,NutriFix,Берлин,Восток,Напитки,Зеленый чай,"0,95",389,"369,55"
,2/12/2022,Cooking Corner,Берлин,Восток,Сухофрукты,Сушеные яблоки,"1,09",386,"420,74"
,2/12/2022,NutriFix,Гамбург,Север,Сладости,Шоколад,"0,55",385,"211,75"
,2/12/2022,Gold Food,Мюнхен,Юг,Напитки,Зеленый чай,"0,95",362,"343,9"
,2/12/2022,Sweetables,Мюнхен,Юг,Сыры,Гауда,"1,59",341,"542,19"
,2/12/2022,mymeal,Бремен,Север,Сыры,Гауда,"1,59",340,"540,6"
,2/12/2022,Cooking Corner,Бремен,Север,Масла,Сливочное масло,"1,5",295,"442,5"
,2/12/2022,NutriFix,Берлин,Восток,Сладости,Мармелад,"0,6",256,"153,6"
,2/12/2022,Go Bio,Кёльн,Запад,Сладости,Шоколад,"0,55",250,"137,5"
,2/12/2022,Go Bio,Франкфурт,Запад,Сладости,Шоколад,"0,55",264,"145,2"
,2/12/2022,Cooking Corner,Бремен,Север,Сыры,Моцарелла,"0,59",191,"112,69"
,2/12/2022,NutriFix,Дрезден,Восток,Сладости,Шоколад,"0,55",215,"118,25"
,2/12/2022,foodbite,Мюнхен,Юг,Напитки,Черный чай,"0,99",165,"163,35"
,2/12/2022,Cooking Corner,Кёльн,Запад,Сыры,Филадельфия ,"0,89",164,"145,96"
,2/12/2022,Organica,Бремен,Север,Сыры,Гауда,"1,59",153,"243,27"
,2/12/2022,Cooking Corner,Кёльн,Запад,Масла,Оливковое масло,"1,7",148,"251,6"
,2/12/2022,foodbite,Дрезден,Восток,Сыры,Гауда,"1,59",191,"303,69"
,2/12/2022,mymeal,Дрезден,Восток,Крупы,Гречка,"1,4",172,"240,8"
,2/12/2022,foodbite,Дрезден,Восток,Сыры,Моцарелла,"0,59",156,"92,04"
,2/12/2022,Cooking Corner,Мюнхен,Юг,Напитки,Кофе,"5,5",104,572
,2/12/2022,Sweetables,Мюнхен,Юг,Сухофрукты,Курага,"1,19",102,"121,38"
,2/12/2022,mymeal,Дрезден,Восток,Консервы,Килька в томате,"0,89",100,89
,2/12/2022,Sweetables,Франкфурт,Запад,Сладости,Мармелад,"0,6",99,"59,4"
,2/12/2022,Go Bio,Кёльн,Запад,Сухофрукты,Сушеные яблоки,"1,09",69,"75,21"
,2/12/2022,Sweetables,Франкфурт,Запад,Напитки,Кофе,"5,5",79,"434,5"
,2/12/2022,Go Bio,Кёльн,Запад,Масла,Оливковое масло,"1,7",56,"95,2"
,2/12/2022,Organica,Бремен,Север,Крупы,Гречка,"1,4",55,77
,2/12/2022,foodbite,Дрезден,Восток,Масла,Оливковое масло,"1,7",69,"117,3"
,2/12/2022,foodbite,Бремен,Север,Сухофрукты,Изюм,"0,99",48,"47,52"
,2/12/2022,NutriFix,Мюнхен,Юг,Специи,Кориандр,"0,65",35,"22,75"
,2/13/2022,Cooking Corner,Берлин,Восток,Масла,Подсолнечное масло,"1,19",1348,"1604,12"
,2/13/2022,Sweetables,Берлин,Восток,Сладости,Шоколад,"0,55",959,"527,45"
,2/13/2022,foodbite,Берлин,Восток,Напитки,Зеленый чай,"0,95",745,"707,75"
,2/13/2022,Cooking Corner,Берлин,Восток,Сухофрукты,Изюм,"0,99",613,"606,87"
,2/13/2022,Gold Food,Мюнхен,Юг,Масла,Подсолнечное масло,"1,19",285,"339,15"
,2/13/2022,Gold Food,Штутгарт,Юг,Напитки,Зеленый чай,"0,95",243,"230,85"
,2/13/2022,Gold Food,Мюнхен,Юг,Консервы,Килька в томате,"0,89",145,"129,05"
,2/13/2022,mymeal,Бремен,Север,Крупы,Перловка,"1,2",142,"170,4"
,2/13/2022,Gold Food,Штутгарт,Юг,Сыры,Моцарелла,"0,59",189,"111,51"
,2/13/2022,Sweetables,Мюнхен,Юг,Масла,Оливковое масло,"1,7",110,187
,2/13/2022,mymeal,Дрезден,Восток,Напитки,Кофе,"5,5",104,572
,2/13/2022,Gold Food,Штутгарт,Юг,Крупы,Гречка,"1,4",107,"149,8"
,2/13/2022,foodbite,Мюнхен,Юг,Напитки,Кофе,"5,5",53,"291,5"
,2/13/2022,Gold Food,Мюнхен,Юг,Специи,Базилик,"0,7",50,35
,2/13/2022,Gold Food,Дрезден,Восток,Сладости,Мармелад,"0,6",62,"37,2"
,2/13/2022,Sweetables,Штутгарт,Юг,Масла,Оливковое масло,"1,7",65,"110,5"
,2/13/2022,Gold Food,Дрезден,Восток,Сухофрукты,Изюм,"0,99",42,"41,58"
,2/13/2022,NutriFix,Бремен,Север,Сухофрукты,Курага,"1,19",32,"38,08"
,2/14/2022,foodbite,Берлин,Восток,Сладости,Шоколад,"0,55",626,"344,3"
,2/14/2022,mymeal,Мюнхен,Юг,Напитки,Черный чай,"0,99",466,"461,34"
,2/14/2022,Sweetables,Бремен,Север,Масла,Сливочное масло,"1,5",150,225
,2/14/2022,Go Bio,Гамбург,Север,Сладости,Мармелад,"0,6",149,"89,4"
,2/14/2022,foodbite,Мюнхен,Юг,Напитки,Зеленый чай,"0,95",125,"118,75"
,2/14/2022,mymeal,Берлин,Восток,Специи,Кориандр,"0,65",115,"74,75"
,2/14/2022,Sweetables,Бремен,Север,Напитки,Зеленый чай,"0,95",97,"92,15"
,2/14/2022,Gold Food,Мюнхен,Юг,Сладости,Мармелад,"0,6",96,"57,6"
,2/14/2022,Sweetables,Бремен,Север,Напитки,Кофе,"5,5",58,319
,2/14/2022,Go Bio,Гамбург,Север,Консервы,Говядина тушеная,"1,19",53,"63,07"
,2/14/2022,NutriFix,Бремен,Север,Сладости,Мармелад,"0,6",42,"25,2"
,2/15/2022,Cooking Corner,Берлин,Восток,Масла,Подсолнечное масло,"1,19",1562,"1858,78"
,2/15/2022,mymeal,Берлин,Восток,Масла,Подсолнечное масло,"1,19",975,"1160,25"
,2/15/2022,foodbite,Берлин,Восток,Сладости,Шоколад,"0,55",624,"343,2"
,2/15/2022,Organica,Дрезден,Восток,Сладости,Шоколад,"0,55",166,"91,3"
,2/15/2022,Sweetables,Гамбург,Север,Сладости,Зефир,"0,65",63,"40,95"
,2/15/2022,Gold Food,Дрезден,Восток,Сухофрукты,Изюм,"0,99",70,"69,3"
,2/15/2022,Gold Food,Бремен,Север,Сухофрукты,Сушеные яблоки,"1,09",36,"39,24"
,2/15/2022,Sweetables,Дрезден,Восток,Сухофрукты,Сушеные яблоки,"1,09",47,"51,23"
,2/15/2022,Go Bio,Дрезден,Восток,Сладости,Зефир,"0,65",30,"19,5"
,2/15/2022,Gold Food,Бремен,Север,Специи,Кориандр,"0,65",13,"8,45"
,2/16/2022,Cooking Corner,Берлин,Восток,Масла,Сливочное масло,"1,5",1219,"1828,5"
,2/16/2022,foodbite,Берлин,Восток,Напитки,Черный чай,"0,99",913,"903,87"
,2/16/2022,foodbite,Берлин,Восток,Масла,Подсолнечное масло,"1,19",904,"1075,76"
,2/16/2022,Sweetables,Берлин,Восток,Сыры,Гауда,"1,59",792,"1259,28"
,2/16/2022,Go Bio,Берлин,Восток,Сыры,Гауда,"1,59",724,"1151,16"
,2/16/2022,mymeal,Гамбург,Север,Масла,Подсолнечное масло,"1,19",704,"837,76"
,2/16/2022,Cooking Corner,Гамбург,Север,Крупы,Перловка,"1,2",641,"769,2"
,2/16/2022,NutriFix,Берлин,Восток,Крупы,Перловка,"1,2",629,"754,8"
,2/16/2022,NutriFix,Берлин,Восток,Масла,Сливочное масло,"1,5",600,900
,2/16/2022,Gold Food,Берлин,Восток,Напитки,Зеленый чай,"0,95",451,"428,45"
,2/16/2022,mymeal,Кёльн,Запад,Масла,Подсолнечное масло,"1,19",444,"528,36"
,2/16/2022,NutriFix,Берлин,Восток,Сыры,Моцарелла,"0,59",410,"241,9"
,2/16/2022,Organica,Гамбург,Север,Крупы,Рис,"0,96",374,"359,04"
,2/16/2022,Organica,Гамбург,Север,Крупы,Рис,"0,96",349,"335,04"
,2/16/2022,Gold Food,Гамбург,Север,Масла,Сливочное масло,"1,5",345,"517,5"
,2/16/2022,Go Bio,Гамбург,Север,Масла,Сливочное масло,"1,5",345,"517,5"
,2/16/2022,Cooking Corner,Гамбург,Север,Консервы,Килька в томате,"0,89",245,"218,05"
,2/16/2022,foodbite,Берлин,Восток,Сухофрукты,Изюм,"0,99",242,"239,58"
,2/16/2022,Organica,Берлин,Восток,Масла,Оливковое масло,"1,7",175,"297,5"
,2/16/2022,foodbite,Бремен,Север,Крупы,Перловка,"1,2",137,"164,4"
,2/16/2022,Sweetables,Дрезден,Восток,Масла,Сливочное масло,"1,5",176,264
,2/16/2022,Cooking Corner,Гамбург,Север,Специи,Базилик,"0,7",122,"85,4"
,2/16/2022,Sweetables,Гамбург,Север,Сладости,Зефир,"0,65",95,"61,75"
,2/16/2022,foodbite,Франкфурт,Запад,Сухофрукты,Сушеные яблоки,"1,09",96,"104,64"
,2/16/2022,Go Bio,Дрезден,Восток,Крупы,Гречка,"1,4",56,"78,4"
,2/17/2022,mymeal,Берлин,Восток,Сыры,Гауда,"1,59",1643,"2612,37"
,2/17/2022,Cooking Corner,Гамбург,Север,Масла,Сливочное масло,"1,5",889,"1333,5"
,2/17/2022,mymeal,Берлин,Восток,Сыры,Моцарелла,"0,59",836,"493,24"
,2/17/2022,Sweetables,Берлин,Восток,Масла,Сливочное масло,"1,5",622,933
,2/17/2022,Go Bio,Берлин,Восток,Крупы,Перловка,"1,2",512,"614,4"
,2/17/2022,Cooking Corner,Гамбург,Север,Крупы,Гречка,"1,4",499,"698,6"
,2/17/2022,Gold Food,Гамбург,Север,Сыры,Гауда,"1,59",494,"785,46"
,2/17/2022,Gold Food,Гамбург,Север,Напитки,Черный чай,"0,99",481,"476,19"
,2/17/2022,Go Bio,Гамбург,Север,Крупы,Рис,"0,96",271,"260,16"
,2/17/2022,foodbite,Гамбург,Север,Консервы,Килька в томате,"0,89",218,"194,02"
,2/17/2022,Sweetables,Бремен,Север,Масла,Подсолнечное масло,"1,19",133,"158,27"
,2/17/2022,Go Bio,Берлин,Восток,Сухофрукты,Сушеные яблоки,"1,09",118,"128,62"
,2/17/2022,Sweetables,Бремен,Север,Напитки,Зеленый чай,"0,95",71,"67,45"
,2/17/2022,foodbite,Гамбург,Север,Специи,Кориандр,"0,65",55,"35,75"
,2/17/2022,Sweetables,Бремен,Север,Консервы,Говядина тушеная,"1,19",21,"24,99"
,2/17/2022,foodbite,Франкфурт,Запад,Специи,Кориандр,"0,65",23,"14,95"
,2/18/2022,mymeal,Берлин,Восток,Крупы,Перловка,"1,2",910,1092
,2/18/2022,mymeal,Берлин,Восток,Напитки,Черный чай,"0,99",718,"710,82"
,2/18/2022,foodbite,Гамбург,Север,Масла,Подсолнечное масло,"1,19",607,"722,33"
,2/18/2022,Cooking Corner,Франкфурт,Запад,Сыры,Гауда,"1,59",641,"1019,19"
,2/18/2022,mymeal,Берлин,Восток,Консервы,Килька в томате,"0,89",466,"414,74"
,2/18/2022,Go Bio,Берлин,Восток,Сыры,Гауда,"1,59",435,"691,65"
,2/18/2022,mymeal,Берлин,Восток,Сухофрукты,Сушеные яблоки,"1,09",432,"470,88"
,2/18/2022,Cooking Corner,Франкфурт,Запад,Напитки,Черный чай,"0,99",545,"539,55"
,2/18/2022,Cooking Corner,Кёльн,Запад,Крупы,Рис,"0,96",378,"362,88"
,2/18/2022,mymeal,Берлин,Восток,Специи,Черный перец,"0,59",358,"211,22"
,2/18/2022,Cooking Corner,Франкфурт,Запад,Напитки,Зеленый чай,"0,95",224,"212,8"
,2/18/2022,foodbite,Берлин,Восток,Консервы,Шпроты,"1,15",131,"150,65"
,2/18/2022,foodbite,Гамбург,Север,Специи,Базилик,"0,7",119,"83,3"
,2/18/2022,Go Bio,Бремен,Север,Сыры,Моцарелла,"0,59",101,"59,59"
,2/18/2022,Cooking Corner,Франкфурт,Запад,Сухофрукты,Изюм,"0,99",125,"123,75"
,2/18/2022,Sweetables,Бремен,Север,Сухофрукты,Изюм,"0,99",68,"67,32"
,2/18/2022,foodbite,Франкфурт,Запад,Сухофрукты,Изюм,"0,99",70,"69,3"
,2/18/2022,foodbite,Франкфурт,Запад,Напитки,Кофе,"5,5",40,220
,2/18/2022,NutriFix,Франкфурт,Запад,Консервы,Шпроты,"1,15",33,"37,95"
,2/18/2022,Sweetables,Бремен,Север,Специи,Базилик,"0,7",21,"14,7"
,2/19/2022,Sweetables,Берлин,Восток,Сладости,Шоколад,"0,55",1219,"670,45"
,2/19/2022,Gold Food,Берлин,Восток,Сладости,Шоколад,"0,55",1096,"602,8"
,2/19/2022,Cooking Corner,Гамбург,Север,Напитки,Зеленый чай,"0,95",998,"948,1"
,2/19/2022,Sweetables,Берлин,Восток,Сыры,Гауда,"1,59",811,"1289,49"
,2/19/2022,Gold Food,Берлин,Восток,Крупы,Перловка,"1,2",527,"632,4"
,2/19/2022,mymeal,Франкфурт,Запад,Сыры,Гауда,"1,59",524,"833,16"
,2/19/2022,foodbite,Берлин,Восток,Крупы,Гречка,"1,4",384,"537,6"
,2/19/2022,Cooking Corner,Штутгарт,Юг,Крупы,Рис,"0,96",530,"508,8"
,2/19/2022,Go Bio,Гамбург,Север,Сыры,Моцарелла,"0,59",335,"197,65"
,2/19/2022,foodbite,Мюнхен,Юг,Масла,Подсолнечное масло,"1,19",322,"383,18"
,2/19/2022,Gold Food,Берлин,Восток,Сухофрукты,Изюм,"0,99",297,"294,03"
,2/19/2022,Organica,Кёльн,Запад,Сыры,Гауда,"1,59",294,"467,46"
,2/19/2022,NutriFix,Берлин,Восток,Крупы,Гречка,"1,4",276,"386,4"
,2/19/2022,mymeal,Берлин,Восток,Сладости,Зефир,"0,65",271,"176,15"
,2/19/2022,Organica,Кёльн,Запад,Масла,Сливочное масло,"1,5",184,276
,2/19/2022,Organica,Франкфурт,Запад,Сладости,Шоколад,"0,55",199,"109,45"
,2/19/2022,Go Bio,Берлин,Восток,Напитки,Кофе,"5,5",148,814
,2/19/2022,foodbite,Гамбург,Север,Сухофрукты,Курага,"1,19",140,"166,6"
,2/19/2022,Gold Food,Франкфурт,Запад,Специи,Черный перец,"0,59",130,"76,7"
,2/19/2022,Cooking Corner,Бремен,Север,Сыры,Филадельфия ,"0,89",69,"61,41"
,2/19/2022,Sweetables,Франкфурт,Запад,Масла,Оливковое масло,"1,7",88,"149,6"
,2/19/2022,Cooking Corner,Франкфурт,Запад,Масла,Оливковое масло,"1,7",86,"146,2"
,2/19/2022,Sweetables,Берлин,Восток,Консервы,Говядина тушеная,"1,19",50,"59,5"
,2/19/2022,Go Bio,Бремен,Север,Сыры,Филадельфия ,"0,89",48,"42,72"
,2/19/2022,Cooking Corner,Бремен,Север,Специи,Кориандр,"0,65",22,"14,3"
,2/20/2022,Cooking Corner,Берлин,Восток,Специи,Черный перец,"0,59",1138,"671,42"
,2/20/2022,mymeal,Гамбург,Север,Масла,Подсолнечное масло,"1,19",794,"944,86"
,2/20/2022,Gold Food,Берлин,Восток,Сладости,Шоколад,"0,55",678,"372,9"
,2/20/2022,mymeal,Кёльн,Запад,Сыры,Гауда,"1,59",644,"1023,96"
,2/20/2022,foodbite,Берлин,Восток,Напитки,Зеленый чай,"0,95",541,"513,95"
,2/20/2022,Cooking Corner,Гамбург,Север,Напитки,Черный чай,"0,99",524,"518,76"
,2/20/2022,foodbite,Мюнхен,Юг,Напитки,Зеленый чай,"0,95",475,"451,25"
,2/20/2022,Cooking Corner,Бремен,Север,Сладости,Шоколад,"0,55",390,"214,5"
,2/20/2022,Go Bio,Берлин,Восток,Масла,Сливочное масло,"1,5",374,561
,2/20/2022,Sweetables,Берлин,Восток,Специи,Черный перец,"0,59",363,"214,17"
,2/20/2022,Sweetables,Берлин,Восток,Специи,Черный перец,"0,59",348,"205,32"
,2/20/2022,foodbite,Берлин,Восток,Напитки,Кофе,"5,5",333,"1831,5"
,2/20/2022,Cooking Corner,Берлин,Восток,Масла,Оливковое масло,"1,7",331,"562,7"
,2/20/2022,Gold Food,Берлин,Восток,Консервы,Килька в томате,"0,89",295,"262,55"
,2/20/2022,foodbite,Штутгарт,Юг,Крупы,Рис,"0,96",278,"266,88"
,2/20/2022,Cooking Corner,Берлин,Восток,Консервы,Шпроты,"1,15",182,"209,3"
,2/20/2022,Organica,Штутгарт,Юг,Крупы,Рис,"0,96",264,"253,44"
,2/20/2022,Organica,Франкфурт,Запад,Специи,Черный перец,"0,59",186,"109,74"
,2/20/2022,Gold Food,Франкфурт,Запад,Сыры,Моцарелла,"0,59",185,"109,15"
,2/20/2022,Go Bio,Берлин,Восток,Сухофрукты,Изюм,"0,99",135,"133,65"
,2/20/2022,Gold Food,Берлин,Восток,Специи,Базилик,"0,7",125,"87,5"
,2/20/2022,foodbite,Гамбург,Север,Сухофрукты,Курага,"1,19",117,"139,23"
,2/20/2022,Gold Food,Берлин,Восток,Консервы,Шпроты,"1,15",107,"123,05"
,2/20/2022,Cooking Corner,Гамбург,Север,Специи,Кориандр,"0,65",96,"62,4"
,2/20/2022,Sweetables,Франкфурт,Запад,Сухофрукты,Сушеные яблоки,"1,09",94,"102,46"
,2/20/2022,Sweetables,Берлин,Восток,Специи,Кориандр,"0,65",52,"33,8"
,2/20/2022,Organica,Франкфурт,Запад,Сыры,Филадельфия ,"0,89",49,"43,61"
,2/20/2022,Sweetables,Франкфурт,Запад,Консервы,Шпроты,"1,15",39,"44,85"
,2/20/2022,Organica,Дрезден,Восток,Специи,Базилик,"0,7",21,"14,7"
,2/21/2022,mymeal,Берлин,Восток,Крупы,Рис,"0,96",1264,"1213,44"
,2/21/2022,Sweetables,Берлин,Восток,Напитки,Зеленый чай,"0,95",945,"897,75"
,2/21/2022,Gold Food,Берлин,Восток,Масла,Подсолнечное масло,"1,19",791,"941,29"
,2/21/2022,Sweetables,Берлин,Восток,Масла,Сливочное масло,"1,5",670,1005
,2/21/2022,mymeal,Берлин,Восток,Крупы,Гречка,"1,4",634,"887,6"
,2/21/2022,mymeal,Мюнхен,Юг,Масла,Подсолнечное масло,"1,19",616,"733,04"
,2/21/2022,mymeal,Кёльн,Запад,Крупы,Рис,"0,96",554,"531,84"
,2/21/2022,mymeal,Мюнхен,Юг,Крупы,Рис,"0,96",540,"518,4"
,2/21/2022,mymeal,Берлин,Восток,Напитки,Кофе,"5,5",538,2959
,2/21/2022,foodbite,Мюнхен,Юг,Крупы,Рис,"0,96",535,"513,6"
,2/21/2022,Gold Food,Гамбург,Север,Специи,Черный перец,"0,59",511,"301,49"
,2/21/2022,NutriFix,Берлин,Восток,Напитки,Зеленый чай,"0,95",469,"445,55"
,2/21/2022,mymeal,Берлин,Восток,Сыры,Филадельфия ,"0,89",463,"412,07"
,2/21/2022,Go Bio,Берлин,Восток,Сыры,Гауда,"1,59",459,"729,81"
,2/21/2022,foodbite,Мюнхен,Юг,Специи,Черный перец,"0,59",386,"227,74"
,2/21/2022,Gold Food,Мюнхен,Юг,Сладости,Шоколад,"0,55",317,"174,35"
,2/21/2022,mymeal,Берлин,Восток,Специи,Базилик,"0,7",209,"146,3"
,2/21/2022,NutriFix,Берлин,Восток,Сладости,Мармелад,"0,6",192,"115,2"
,2/21/2022,NutriFix,Кёльн,Запад,Крупы,Рис,"0,96",185,"177,6"
,2/21/2022,NutriFix,Берлин,Восток,Консервы,Шпроты,"1,15",179,"205,85"
,2/21/2022,Gold Food,Берлин,Восток,Консервы,Говядина тушеная,"1,19",158,"188,02"
,2/21/2022,NutriFix,Штутгарт,Юг,Масла,Сливочное масло,"1,5",225,"337,5"
,2/21/2022,Go Bio,Кёльн,Запад,Масла,Подсолнечное масло,"1,19",149,"177,31"
,2/21/2022,Gold Food,Берлин,Восток,Сладости,Зефир,"0,65",122,"79,3"
,2/21/2022,Go Bio,Берлин,Восток,Сухофрукты,Курага,"1,19",121,"143,99"
,2/21/2022,Gold Food,Берлин,Восток,Сладости,Зефир,"0,65",117,"76,05"
,2/21/2022,foodbite,Штутгарт,Юг,Сухофрукты,Изюм,"0,99",105,"103,95"
,2/21/2022,Organica,Штутгарт,Юг,Сыры,Моцарелла,"0,59",92,"54,28"
,2/21/2022,Go Bio,Дрезден,Восток,Напитки,Зеленый чай,"0,95",65,"61,75"
,2/21/2022,NutriFix,Штутгарт,Юг,Сухофрукты,Изюм,"0,99",75,"74,25"
,2/21/2022,NutriFix,Штутгарт,Юг,Сухофрукты,Сушеные яблоки,"1,09",54,"58,86"
,2/21/2022,Go Bio,Штутгарт,Юг,Консервы,Килька в томате,"0,89",53,"47,17"
,2/21/2022,foodbite,Бремен,Север,Специи,Базилик,"0,7",31,"21,7"
,2/21/2022,Organica,Штутгарт,Юг,Консервы,Говядина тушеная,"1,19",42,"49,98"
,2/22/2022,Cooking Corner,Берлин,Восток,Напитки,Кофе,"5,5",1248,6864
,2/22/2022,Cooking Corner,Гамбург,Север,Сладости,Шоколад,"0,55",1167,"641,85"
,2/22/2022,Cooking Corner,Берлин,Восток,Крупы,Перловка,"1,2",1060,1272
,2/22/2022,Organica,Берлин,Восток,Крупы,Рис,"0,96",667,"640,32"
,2/22/2022,Gold Food,Гамбург,Север,Крупы,Рис,"0,96",535,"513,6"
,2/22/2022,Organica,Берлин,Восток,Масла,Подсолнечное масло,"1,19",495,"589,05"
,2/22/2022,Sweetables,Берлин,Восток,Крупы,Гречка,"1,4",433,"606,2"
,2/22/2022,Gold Food,Дрезден,Восток,Крупы,Рис,"0,96",211,"202,56"
,2/22/2022,NutriFix,Берлин,Восток,Сладости,Зефир,"0,65",150,"97,5"
,2/22/2022,Organica,Берлин,Восток,Масла,Оливковое масло,"1,7",107,"181,9"
,2/22/2022,Gold Food,Гамбург,Север,Масла,Оливковое масло,"1,7",101,"171,7"
,2/22/2022,foodbite,Гамбург,Север,Специи,Базилик,"0,7",94,"65,8"
,2/22/2022,Go Bio,Штутгарт,Юг,Сладости,Мармелад,"0,6",89,"53,4"
,2/22/2022,Organica,Дрезден,Восток,Сыры,Филадельфия ,"0,89",46,"40,94"
,2/22/2022,Go Bio,Кёльн,Запад,Специи,Кориандр,"0,65",19,"12,35"
,2/22/2022,Go Bio,Штутгарт,Юг,Напитки,Кофе,"5,5",27,"148,5"
,2/22/2022,Go Bio,Кёльн,Запад,Специи,Кориандр,"0,65",13,"8,45"
,2/23/2022,Organica,Берлин,Восток,Напитки,кофе,"5,5",694,3817
,2/23/2022,mymeal,Гамбург,Север,Специи,Черный перец,"0,59",474,"279,66"
,2/23/2022,mymeal,Гамбург,Север,Сладости,Мармелад,"0,6",334,"200,4"
,2/23/2022,Organica,Берлин,Восток,Крупы,Гречка,"1,4",310,434
,2/23/2022,Organica,Берлин,Восток,Сухофрукты,Изюм,"0,99",234,"231,66"
,2/23/2022,Sweetables,Кёльн,Запад,Сыры,Моцарелла,"0,59",214,"126,26"
,2/23/2022,foodbite,Гамбург,Север,Напитки,Зеленый чай,"0,95",153,"145,35"
,2/23/2022,Sweetables,Дрезден,Восток,Масла,Сливочное масло,"1,5",198,297
,2/23/2022,Organica,Дрезден,Восток,Сладости,Шоколад,"0,55",140,77
,2/23/2022,Sweetables,Кёльн,Запад,Сыры,Филадельфия ,"0,89",103,"91,67"
,2/23/2022,NutriFix,Берлин,Восток,Напитки,Кофе,"5,5",96,528
,2/23/2022,Gold Food,Дрезден,Восток,Масла,Подсолнечное масло,"1,19",105,"124,95"
,2/23/2022,Organica,Дрезден,Восток,Сыры,Моцарелла,"0,59",75,"44,25"
,2/23/2022,Cooking Corner,Дрезден,Восток,Специи,Базилик,"0,7",73,"51,1"
,2/23/2022,Sweetables,Дрезден,Восток,Консервы,Килька в томате,"0,89",72,"64,08"
,2/23/2022,Cooking Corner,Дрезден,Восток,Напитки,Кофе,"5,5",62,341
,2/23/2022,Gold Food,Дрезден,Восток,Масла,Оливковое масло,"1,7",31,"52,7"
,2/23/2022,Cooking Corner,Дрезден,Восток,Консервы,Говядина тушеная,"1,19",30,"35,7"
,2/24/2022,Cooking Corner,Гамбург,Север,Сыры,Гауда,"1,59",1019,"1620,21"
,2/24/2022,mymeal,Гамбург,Север,Сыры,Филадельфия ,"0,89",326,"290,14"
,2/24/2022,mymeal,Гамбург,Север,Сухофрукты,Изюм,"0,99",252,"249,48"
,2/24/2022,foodbite,Гамбург,Север,Сыры,Филадельфия ,"0,89",168,"149,52"
,2/24/2022,mymeal,Франкфурт,Запад,Сыры,Филадельфия ,"0,89",185,"164,65"
,2/24/2022,Organica,Дрезден,Восток,Специи,Черный перец,"0,59",139,"82,01"
,2/24/2022,Gold Food,Мюнхен,Юг,Масла,Оливковое масло,"1,7",92,"156,4"
,2/24/2022,Go Bio,Мюнхен,Юг,Масла,Оливковое масло,"1,7",71,"120,7"
,2/24/2022,Gold Food,Штутгарт,Юг,Напитки,Кофе,"5,5",63,"346,5"
,2/24/2022,Gold Food,Штутгарт,Юг,Масла,Оливковое масло,"1,7",63,"107,1"
,2/24/2022,foodbite,Франкфурт,Запад,Сладости,Зефир,"0,65",53,"34,45"
,2/24/2022,Go Bio,Франкфурт,Запад,Консервы,Говядина тушеная,"1,19",46,"54,74"
,2/24/2022,Sweetables,Дрезден,Восток,Сухофрукты,Курага,"1,19",43,"51,17"
,2/24/2022,Organica,Дрезден,Восток,Напитки,Кофе,"5,5",25,"137,5"
,2/25/2022,mymeal,Гамбург,Север,Специи,Черный перец,"0,59",932,"549,88"
,2/25/2022,Sweetables,Мюнхен,Юг,Масла,Подсолнечное масло,"1,19",418,"497,42"
,2/25/2022,Sweetables,Мюнхен,Юг,Сыры,Гауда,"1,59",402,"639,18"
,2/25/2022,foodbite,Франкфурт,Запад,Сладости,Шоколад,"0,55",407,"223,85"
,2/25/2022,Sweetables,Мюнхен,Юг,Сладости,Шоколад,"0,55",304,"167,2"
,2/25/2022,Go Bio,Берлин,Восток,Консервы,Килька в томате,"0,89",265,"235,85"
,2/25/2022,foodbite,Кёльн,Запад,Масла,Сливочное масло,"1,5",176,264
,2/25/2022,Go Bio,Франкфурт,Запад,Специи,Черный перец,"0,59",218,"128,62"
,2/25/2022,Cooking Corner,Бремен,Север,Сыры,Моцарелла,"0,59",153,"90,27"
,2/25/2022,foodbite,Франкфурт,Запад,Крупы,Перловка,"1,2",183,"219,6"
,2/25/2022,Go Bio,Мюнхен,Юг,Сухофрукты,Изюм,"0,99",136,"134,64"
,2/25/2022,Organica,Кёльн,Запад,Напитки,Зеленый чай,"0,95",108,"102,6"
,2/25/2022,foodbite,Кёльн,Запад,Сухофрукты,Курага,"1,19",87,"103,53"
,2/25/2022,Cooking Corner,Бремен,Север,Сладости,Мармелад,"0,6",82,"49,2"
,2/25/2022,Gold Food,Мюнхен,Юг,Сладости,Зефир,"0,65",54,"35,1"
,2/25/2022,foodbite,Франкфурт,Запад,Сухофрукты,Курага,"1,19",64,"76,16"
,2/25/2022,foodbite,Штутгарт,Юг,Масла,Оливковое масло,"1,7",68,"115,6"
,2/25/2022,Gold Food,Штутгарт,Юг,Специи,Кориандр,"0,65",17,"11,05"
,2/26/2022,Go Bio,Берлин,Восток,Сладости,Шоколад,"0,55",747,"410,85"
,2/26/2022,Sweetables,Гамбург,Север,Сладости,Шоколад,"0,55",546,"300,3"
,2/26/2022,Sweetables,Гамбург,Север,Масла,Сливочное масло,"1,5",531,"796,5"
,2/26/2022,NutriFix,Берлин,Восток,Масла,Подсолнечное масло,"1,19",456,"542,64"
,2/26/2022,mymeal,Кёльн,Запад,Крупы,Перловка,"1,2",424,"508,8"
,2/26/2022,foodbite,Гамбург,Север,Масла,Подсолнечное масло,"1,19",391,"465,29"
,2/26/2022,Gold Food,Берлин,Восток,Крупы,Перловка,"1,2",373,"447,6"
,2/26/2022,Sweetables,Берлин,Восток,Сладости,Мармелад,"0,6",373,"223,8"
,2/26/2022,Cooking Corner,Бремен,Север,Крупы,Рис,"0,96",327,"313,92"
,2/26/2022,Organica,Мюнхен,Юг,Масла,Сливочное масло,"1,5",306,459
,2/26/2022,Sweetables,Гамбург,Север,Напитки,Кофе,"5,5",244,1342
,2/26/2022,NutriFix,Гамбург,Север,Напитки,Черный чай,"0,99",197,"195,03"
,2/26/2022,Gold Food,Мюнхен,Юг,Напитки,Черный чай,"0,99",127,"125,73"
,2/26/2022,Organica,Кёльн,Запад,Крупы,Гречка,"1,4",121,"169,4"
,2/26/2022,foodbite,Кёльн,Запад,Сыры,Филадельфия ,"0,89",91,"80,99"
,2/26/2022,mymeal,Дрезден,Восток,Консервы,Шпроты,"1,15",108,"124,2"
,2/26/2022,Gold Food,Бремен,Север,Крупы,Перловка,"1,2",83,"99,6"
,2/26/2022,Cooking Corner,Дрезден,Восток,Консервы,Килька в томате,"0,89",95,"84,55"
,2/26/2022,Cooking Corner,Бремен,Север,Сухофрукты,Сушеные яблоки,"1,09",65,"70,85"
,2/26/2022,foodbite,Дрезден,Восток,Консервы,Шпроты,"1,15",53,"60,95"
,2/26/2022,Gold Food,Штутгарт,Юг,Консервы,Килька в томате,"0,89",60,"53,4"
,2/26/2022,foodbite,Штутгарт,Юг,Специи,Базилик,"0,7",36,"25,2"
,2/26/2022,foodbite,Штутгарт,Юг,Специи,Кориандр,"0,65",30,"19,5"
,2/27/2022,foodbite,Кёльн,Запад,Напитки,Зеленый чай,"0,95",335,"318,25"
,2/27/2022,Organica,Мюнхен,Юг,Масла,Сливочное масло,"1,5",281,"421,5"
,2/27/2022,Go Bio,Берлин,Восток,Крупы,Гречка,"1,4",248,"347,2"
,2/27/2022,NutriFix,Кёльн,Запад,Напитки,Зеленый чай,"0,95",239,"227,05"
,2/27/2022,Cooking Corner,Штутгарт,Юг,Напитки,Черный чай,"0,99",305,"301,95"
,2/27/2022,Organica,Мюнхен,Юг,Масла,Подсолнечное масло,"1,19",190,"226,1"
,2/27/2022,Cooking Corner,Кёльн,Запад,Сухофрукты,Изюм,"0,99",186,"184,14"
,2/27/2022,foodbite,Бремен,Север,Напитки,Черный чай,"0,99",157,"155,43"
,2/27/2022,foodbite,Дрезден,Восток,Крупы,Перловка,"1,2",172,"206,4"
,2/27/2022,Organica,Кёльн,Запад,Крупы,Гречка,"1,4",87,"121,8"
,2/27/2022,Cooking Corner,Дрезден,Восток,Сладости,Мармелад,"0,6",94,"56,4"
,2/27/2022,foodbite,Бремен,Север,Сухофрукты,Изюм,"0,99",67,"66,33"
,2/27/2022,Organica,Гамбург,Север,Специи,Базилик,"0,7",66,"46,2"
,2/27/2022,mymeal,Дрезден,Восток,Сладости,Зефир,"0,65",65,"42,25"
,2/27/2022,NutriFix,Кёльн,Запад,Напитки,Кофе,"5,5",43,"236,5"
,2/27/2022,mymeal,Дрезден,Восток,Напитки,Кофе,"5,5",52,286
,2/27/2022,Organica,Бремен,Север,Сухофрукты,Изюм,"0,99",37,"36,63"
,2/27/2022,Cooking Corner,Кёльн,Запад,Специи,Кориандр,"0,65",35,"22,75"
,2/27/2022,Gold Food,Бремен,Север,Сладости,Зефир,"0,65",18,"11,7"
,2/28/2022,Cooking Corner,Гамбург,Север,Сладости,Шоколад,"0,55",1301,"715,55"
,2/28/2022,Go Bio,Берлин,Восток,Масла,Сливочное масло,"1,5",662,993
,2/28/2022,NutriFix,Кёльн,Запад,Сладости,Шоколад,"0,55",403,"221,65"
,2/28/2022,NutriFix,Гамбург,Север,Сыры,Моцарелла,"0,59",395,"233,05"
,2/28/2022,Organica,Гамбург,Север,Напитки,Зеленый чай,"0,95",380,361
,2/28/2022,NutriFix,Мюнхен,Юг,Масла,Сливочное масло,"1,5",378,567
,2/28/2022,Go Bio,Гамбург,Север,Сыры,Гауда,"1,59",340,"540,6"
,2/28/2022,Organica,Кёльн,Запад,Сыры,Гауда,"1,59",182,"289,38"
,2/28/2022,Go Bio,Штутгарт,Юг,Крупы,Рис,"0,96",258,"247,68"
,2/28/2022,foodbite,Кёльн,Запад,Крупы,Перловка,"1,2",144,"172,8"
,2/28/2022,Cooking Corner,Штутгарт,Юг,Сыры,Филадельфия ,"0,89",156,"138,84"
,2/28/2022,Organica,Кёльн,Запад,Сладости,Мармелад,"0,6",66,"39,6"
,2/28/2022,Organica,Франкфурт,Запад,Напитки,Кофе,"5,5",77,"423,5"
,2/28/2022,foodbite,Бремен,Север,Сухофрукты,Курага,"1,19",33,"39,27"
,3/1/2022,mymeal,Франкфурт,Запад,Масла,Сливочное масло,"1,5",407,"610,5"
,3/1/2022,foodbite,Штутгарт,Юг,Крупы,Рис,"0,96",368,"353,28"
,3/1/2022,mymeal,Кёльн,Запад,Сладости,Мармелад,"0,6",220,132
,3/1/2022,Go Bio,Кёльн,Запад,Крупы,Рис,"0,96",198,"190,08"
,3/1/2022,NutriFix,Гамбург,Север,Консервы,Килька в томате,"0,89",165,"146,85"
,3/1/2022,Gold Food,Франкфурт,Запад,Крупы,Перловка,"1,2",196,"235,2"
,3/1/2022,NutriFix,Штутгарт,Юг,Напитки,Зеленый чай,"0,95",206,"195,7"
,3/1/2022,mymeal,Франкфурт,Запад,Сладости,Мармелад,"0,6",164,"98,4"
,3/1/2022,Organica,Франкфурт,Запад,Сыры,Гауда,"1,59",163,"259,17"
,3/1/2022,Go Bio,Штутгарт,Юг,Напитки,Черный чай,"0,99",144,"142,56"
,3/1/2022,Go Bio,Гамбург,Север,Сладости,Зефир,"0,65",80,52
,3/1/2022,Organica,Гамбург,Север,Консервы,Говядина тушеная,"1,19",79,"94,01"
,3/1/2022,Go Bio,Штутгарт,Юг,Сухофрукты,Курага,"1,19",66,"78,54"
,3/1/2022,Gold Food,Франкфурт,Запад,Напитки,Кофе,"5,5",48,264
,3/2/2022,NutriFix,Гамбург,Север,Масла,Сливочное масло,"1,5",476,714
,3/2/2022,mymeal,Кёльн,Запад,Крупы,Перловка,"1,2",370,444
,3/2/2022,Organica,Гамбург,Север,Специи,Черный перец,"0,59",346,"204,14"
,3/2/2022,mymeal,Мюнхен,Юг,Сладости,Мармелад,"0,6",312,"187,2"
,3/2/2022,NutriFix,Кёльн,Запад,Напитки,Черный чай,"0,99",259,"256,41"
,3/2/2022,Sweetables,Штутгарт,Юг,Напитки,Зеленый чай,"0,95",285,"270,75"
,3/2/2022,Cooking Corner,Франкфурт,Запад,Крупы,Гречка,"1,4",230,322
,3/2/2022,Cooking Corner,Франкфурт,Запад,Сыры,Филадельфия ,"0,89",218,"194,02"
,3/2/2022,Gold Food,Мюнхен,Юг,Консервы,Килька в томате,"0,89",141,"125,49"
,3/2/2022,Gold Food,Штутгарт,Юг,Специи,Черный перец,"0,59",204,"120,36"
,3/2/2022,Gold Food,Кёльн,Запад,Крупы,Гречка,"1,4",118,"165,2"
,3/2/2022,Cooking Corner,Бремен,Север,Сухофрукты,Курага,"1,19",85,"101,15"
,3/2/2022,Cooking Corner,Франкфурт,Запад,Консервы,Говядина тушеная,"1,19",108,"128,52"
,3/2/2022,Gold Food,Кёльн,Запад,Масла,Оливковое масло,"1,7",70,119
,3/2/2022,Gold Food,Штутгарт,Юг,Сухофрукты,Изюм,"0,99",104,"102,96"
,3/2/2022,Go Bio,Франкфурт,Запад,Консервы,Шпроты,"1,15",52,"59,8"
,3/2/2022,Gold Food,Франкфурт,Запад,Консервы,Шпроты,"1,15",52,"59,8"
,3/2/2022,Go Bio,Кёльн,Запад,Консервы,Говядина тушеная,"1,19",39,"46,41"
,3/2/2022,Gold Food,Бремен,Север,Специи,Базилик,"0,7",31,"21,7"
,3/3/2022,foodbite,Берлин,Восток,Масла,Сливочное масло,"1,5",821,"1231,5"
,3/3/2022,Sweetables,Берлин,Восток,Масла,Сливочное масло,"1,5",709,"1063,5"
,3/3/2022,NutriFix,Кёльн,Запад,Сладости,Шоколад,"0,55",418,"229,9"
,3/3/2022,foodbite,Берлин,Восток,Крупы,Гречка,"1,4",367,"513,8"
,3/3/2022,foodbite,Кёльн,Запад,Масла,Подсолнечное масло,"1,19",328,"390,32"
,3/3/2022,mymeal,Штутгарт,Юг,Напитки,Зеленый чай,"0,95",435,"413,25"
,3/3/2022,Gold Food,Кёльн,Запад,Специи,Черный перец,"0,59",267,"157,53"
,3/3/2022,Go Bio,Кёльн,Запад,Масла,Подсолнечное масло,"1,19",234,"278,46"
,3/3/2022,Gold Food,Кёльн,Запад,Крупы,Перловка,"1,2",222,"266,4"
,3/3/2022,Sweetables,Кёльн,Запад,Сыры,Моцарелла,"0,59",197,"116,23"
,3/3/2022,Go Bio,Франкфурт,Запад,Сыры,Гауда,"1,59",256,"407,04"
,3/3/2022,Cooking Corner,Бремен,Север,Масла,Сливочное масло,"1,5",177,"265,5"
,3/3/2022,Sweetables,Бремен,Север,Сладости,Шоколад,"0,55",168,"92,4"
,3/3/2022,NutriFix,Мюнхен,Юг,Крупы,Гречка,"1,4",164,"229,6"
,3/3/2022,Sweetables,Кёльн,Запад,Консервы,Килька в томате,"0,89",122,"108,58"
,3/3/2022,mymeal,Дрезден,Восток,Напитки,Черный чай,"0,99",150,"148,5"
,3/3/2022,mymeal,Штутгарт,Юг,Крупы,Гречка,"1,4",165,231
,3/3/2022,Go Bio,Франкфурт,Запад,Специи,Черный перец,"0,59",131,"77,29"
,3/3/2022,NutriFix,Мюнхен,Юг,Консервы,Шпроты,"1,15",100,115
,3/3/2022,Gold Food,Кёльн,Запад,Консервы,Килька в томате,"0,89",84,"74,76"
,3/3/2022,NutriFix,Франкфурт,Запад,Сухофрукты,Курага,"1,19",83,"98,77"
,3/3/2022,Gold Food,Штутгарт,Юг,Сладости,Мармелад,"0,6",93,"55,8"
,3/3/2022,NutriFix,Кёльн,Запад,Сухофрукты,Сушеные яблоки,"1,09",58,"63,22"
,3/3/2022,Sweetables,Дрезден,Восток,Масла,Оливковое масло,"1,7",62,"105,4"
,3/3/2022,mymeal,Штутгарт,Юг,Специи,Базилик,"0,7",63,"44,1"
,3/3/2022,Gold Food,Штутгарт,Юг,Напитки,Кофе,"5,5",39,"214,5"
,3/3/2022,Gold Food,Мюнхен,Юг,Специи,Кориандр,"0,65",25,"16,25"
,3/3/2022,Gold Food,Бремен,Север,Сладости,Зефир,"0,65",20,13
,3/4/2022,Cooking Corner,Мюнхен,Юг,Напитки,Черный чай,"0,99",590,"584,1"
,3/4/2022,NutriFix,Мюнхен,Юг,Сладости,Шоколад,"0,55",539,"296,45"
,3/4/2022,Sweetables,Берлин,Восток,Масла,Сливочное масло,"1,5",494,741
,3/4/2022,Sweetables,Кёльн,Запад,Напитки,Зеленый чай,"0,95",349,"331,55"
,3/4/2022,Gold Food,Мюнхен,Юг,Масла,Сливочное масло,"1,5",299,"448,5"
,3/4/2022,Gold Food,Франкфурт,Запад,Сладости,Шоколад,"0,55",385,"211,75"
,3/4/2022,foodbite,Штутгарт,Юг,Сладости,Шоколад,"0,55",426,"234,3"
,3/4/2022,Cooking Corner,Мюнхен,Юг,Напитки,Зеленый чай,"0,95",267,"253,65"
,3/4/2022,NutriFix,Мюнхен,Юг,Специи,Черный перец,"0,59",259,"152,81"
,3/4/2022,foodbite,Берлин,Восток,Сладости,Мармелад,"0,6",233,"139,8"
,3/4/2022,Organica,Мюнхен,Юг,Сыры,Моцарелла,"0,59",227,"133,93"
,3/4/2022,Cooking Corner,Бремен,Север,Крупы,Рис,"0,96",200,192
,3/4/2022,foodbite,Кёльн,Запад,Сыры,Моцарелла,"0,59",187,"110,33"
,3/4/2022,NutriFix,Франкфурт,Запад,Масла,Сливочное масло,"1,5",238,357
,3/4/2022,Cooking Corner,Мюнхен,Юг,Консервы,Килька в томате,"0,89",172,"153,08"
,3/4/2022,Go Bio,Кёльн,Запад,Крупы,Рис,"0,96",168,"161,28"
,3/4/2022,Cooking Corner,Штутгарт,Юг,Напитки,Черный чай,"0,99",249,"246,51"
,3/4/2022,Go Bio,Франкфурт,Запад,Масла,Сливочное масло,"1,5",213,"319,5"
,3/4/2022,mymeal,Штутгарт,Юг,Сладости,Мармелад,"0,6",207,"124,2"
,3/4/2022,Cooking Corner,Штутгарт,Юг,Крупы,Гречка,"1,4",192,"268,8"
,3/4/2022,NutriFix,Мюнхен,Юг,Напитки,Кофе,"5,5",126,693
,3/4/2022,Gold Food,Штутгарт,Юг,Сыры,Моцарелла,"0,59",189,"111,51"
,3/4/2022,mymeal,Штутгарт,Юг,Масла,Оливковое масло,"1,7",152,"258,4"
,3/4/2022,foodbite,Бремен,Север,Напитки,Черный чай,"0,99",100,99
,3/4/2022,mymeal,Штутгарт,Юг,Сладости,Мармелад,"0,6",120,72
,3/4/2022,mymeal,Франкфурт,Запад,Сладости,Зефир,"0,65",94,"61,1"
,3/4/2022,Go Bio,Кёльн,Запад,Консервы,Шпроты,"1,15",68,"78,2"
,3/4/2022,Sweetables,Бремен,Север,Напитки,Зеленый чай,"0,95",65,"61,75"
,3/4/2022,Cooking Corner,Бремен,Север,Специи,Базилик,"0,7",61,"42,7"
,3/4/2022,Go Bio,Штутгарт,Юг,Консервы,Килька в томате,"0,89",81,"72,09"
,3/4/2022,Organica,Мюнхен,Юг,Специи,Базилик,"0,7",53,"37,1"
,3/4/2022,Gold Food,Штутгарт,Юг,Сухофрукты,Курага,"1,19",75,"89,25"
,3/4/2022,Sweetables,Франкфурт,Запад,Специи,Базилик,"0,7",62,"43,4"
,3/4/2022,NutriFix,Штутгарт,Юг,Сыры,Филадельфия ,"0,89",69,"61,41"
,3/4/2022,foodbite,Бремен,Север,Сухофрукты,Сушеные яблоки,"1,09",37,"40,33"
,3/4/2022,Gold Food,Мюнхен,Юг,Специи,Кориандр,"0,65",36,"23,4"
,3/4/2022,Sweetables,Бремен,Север,Сладости,Зефир,"0,65",36,"23,4"
,3/4/2022,Gold Food,Бремен,Север,Консервы,Килька в томате,"0,89",31,"27,59"
,3/4/2022,mymeal,Штутгарт,Юг,Специи,Кориандр,"0,65",45,"29,25"
,3/4/2022,Go Bio,Франкфурт,Запад,Сладости,Зефир,"0,65",36,"23,4"
,3/4/2022,NutriFix,Кёльн,Запад,Специи,Кориандр,"0,65",26,"16,9"
,3/4/2022,Go Bio,Франкфурт,Запад,Специи,Базилик,"0,7",31,"21,7"
,3/4/2022,NutriFix,Кёльн,Запад,Специи,Кориандр,"0,65",20,13
,3/5/2022,Cooking Corner,Мюнхен,Юг,Напитки,Зеленый чай,"0,95",753,"715,35"
,3/5/2022,mymeal,Кёльн,Запад,Сыры,Гауда,"1,59",446,"709,14"
,3/5/2022,Go Bio,Мюнхен,Юг,Сыры,Гауда,"1,59",405,"643,95"
,3/5/2022,NutriFix,Мюнхен,Юг,Сыры,Моцарелла,"0,59",300,177
,3/5/2022,mymeal,Кёльн,Запад,Специи,Черный перец,"0,59",213,"125,67"
,3/5/2022,foodbite,Бремен,Север,Сыры,Гауда,"1,59",200,318
,3/5/2022,NutriFix,Кёльн,Запад,Сладости,Шоколад,"0,55",186,"102,3"
,3/5/2022,Sweetables,Мюнхен,Юг,Сладости,Мармелад,"0,6",175,105
,3/5/2022,Cooking Corner,Штутгарт,Юг,Крупы,Гречка,"1,4",242,"338,8"
,3/5/2022,NutriFix,Штутгарт,Юг,Сыры,Гауда,"1,59",236,"375,24"
,3/5/2022,Organica,Франкфурт,Запад,Крупы,Рис,"0,96",192,"184,32"
,3/5/2022,Organica,Мюнхен,Юг,Крупы,Гречка,"1,4",141,"197,4"
,3/5/2022,Sweetables,Мюнхен,Юг,Сыры,Филадельфия ,"0,89",130,"115,7"
,3/5/2022,Cooking Corner,Штутгарт,Юг,Сыры,Филадельфия ,"0,89",179,"159,31"
,3/5/2022,NutriFix,Штутгарт,Юг,Масла,Подсолнечное масло,"1,19",168,"199,92"
,3/5/2022,Cooking Corner,Штутгарт,Юг,Консервы,Килька в томате,"0,89",164,"145,96"
,3/5/2022,Go Bio,Франкфурт,Запад,Масла,Подсолнечное масло,"1,19",129,"153,51"
,3/5/2022,Gold Food,Бремен,Север,Сыры,Моцарелла,"0,59",94,"55,46"
,3/5/2022,NutriFix,Франкфурт,Запад,Напитки,Черный чай,"0,99",117,"115,83"
,3/5/2022,Sweetables,Мюнхен,Юг,Сладости,Зефир,"0,65",85,"55,25"
,3/5/2022,Organica,Мюнхен,Юг,Сухофрукты,Курага,"1,19",80,"95,2"
,3/5/2022,Organica,Мюнхен,Юг,Сладости,Мармелад,"0,6",80,48
,3/5/2022,Organica,Франкфурт,Запад,Сыры,Филадельфия ,"0,89",83,"73,87"
,3/5/2022,mymeal,Кёльн,Запад,Специи,Базилик,"0,7",61,"42,7"
,3/5/2022,Gold Food,Штутгарт,Юг,Консервы,Килька в томате,"0,89",81,"72,09"
,3/5/2022,NutriFix,Мюнхен,Юг,Специи,Базилик,"0,7",49,"34,3"
,3/5/2022,NutriFix,Штутгарт,Юг,Сладости,Мармелад,"0,6",74,"44,4"
,3/5/2022,Gold Food,Штутгарт,Юг,Консервы,Шпроты,"1,15",69,"79,35"
,3/5/2022,Sweetables,Франкфурт,Запад,Специи,Базилик,"0,7",56,"39,2"
,3/5/2022,Gold Food,Мюнхен,Юг,Консервы,Говядина тушеная,"1,19",43,"51,17"
,3/5/2022,Sweetables,Бремен,Север,Масла,Оливковое масло,"1,7",41,"69,7"
,3/5/2022,foodbite,Штутгарт,Юг,Специи,Базилик,"0,7",36,"25,2"
,3/5/2022,NutriFix,Штутгарт,Юг,Специи,Кориандр,"0,65",21,"13,65"
,3/6/2022,mymeal,Берлин,Восток,Масла,Подсолнечное масло,"1,19",823,"979,37"
,3/6/2022,Cooking Corner,Кёльн,Запад,Крупы,Рис,"0,96",615,"590,4"
,3/6/2022,foodbite,Гамбург,Север,Сыры,Гауда,"1,59",517,"822,03"
,3/6/2022,Organica,Берлин,Восток,Сыры,Гауда,"1,59",508,"807,72"
,3/6/2022,Organica,Берлин,Восток,Крупы,Перловка,"1,2",466,"559,2"
,3/6/2022,NutriFix,Мюнхен,Юг,Крупы,Рис,"0,96",353,"338,88"
,3/6/2022,foodbite,Гамбург,Север,Крупы,Перловка,"1,2",244,"292,8"
,3/6/2022,mymeal,Берлин,Восток,Консервы,Шпроты,"1,15",240,276
,3/6/2022,Sweetables,Гамбург,Север,Консервы,Шпроты,"1,15",176,"202,4"
,3/6/2022,Cooking Corner,Кёльн,Запад,Консервы,Килька в томате,"0,89",159,"141,51"
,3/6/2022,NutriFix,Мюнхен,Юг,Сухофрукты,Изюм,"0,99",135,"133,65"
,3/6/2022,NutriFix,Гамбург,Север,Масла,Оливковое масло,"1,7",135,"229,5"
,3/6/2022,Organica,Франкфурт,Запад,Крупы,Перловка,"1,2",159,"190,8"
,3/6/2022,Organica,Кёльн,Запад,Крупы,Гречка,"1,4",120,168
,3/6/2022,Go Bio,Кёльн,Запад,Крупы,Гречка,"1,4",115,161
,3/6/2022,foodbite,Гамбург,Север,Сухофрукты,Курага,"1,19",105,"124,95"
,3/6/2022,foodbite,Франкфурт,Запад,Сладости,Мармелад,"0,6",117,"70,2"
,3/6/2022,foodbite,Гамбург,Север,Сладости,Зефир,"0,65",77,"50,05"
,3/6/2022,Gold Food,Франкфурт,Запад,Сладости,Мармелад,"0,6",94,"56,4"
,3/6/2022,Gold Food,Штутгарт,Юг,Сыры,Филадельфия ,"0,89",104,"92,56"
,3/6/2022,Gold Food,Франкфурт,Запад,Специи,Базилик,"0,7",49,"34,3"
,3/6/2022,Organica,Штутгарт,Юг,Консервы,Говядина тушеная,"1,19",18,"21,42"
,3/6/2022,Gold Food,Бремен,Север,Специи,Кориандр,"0,65",10,"6,5"
,3/7/2022,mymeal,Берлин,Восток,Напитки,Черный чай,"0,99",1199,"1187,01"
,3/7/2022,mymeal,Гамбург,Север,Сыры,Гауда,"1,59",878,"1396,02"
,3/7/2022,mymeal,Гамбург,Север,Сладости,Шоколад,"0,55",868,"477,4"
,3/7/2022,mymeal,Мюнхен,Юг,Масла,Подсолнечное масло,"1,19",675,"803,25"
,3/7/2022,Sweetables,Гамбург,Север,Сыры,Гауда,"1,59",568,"903,12"
,3/7/2022,mymeal,Мюнхен,Юг,Сыры,Моцарелла,"0,59",442,"260,78"
,3/7/2022,Cooking Corner,Штутгарт,Юг,Крупы,Рис,"0,96",507,"486,72"
,3/7/2022,foodbite,Гамбург,Север,Специи,Черный перец,"0,59",293,"172,87"
,3/7/2022,foodbite,Берлин,Восток,Сладости,Мармелад,"0,6",288,"172,8"
,3/7/2022,NutriFix,Берлин,Восток,Напитки,Кофе,"5,5",263,"1446,5"
,3/7/2022,mymeal,Мюнхен,Юг,Сыры,Филадельфия ,"0,89",254,"226,06"
,3/7/2022,NutriFix,Берлин,Восток,Консервы,Шпроты,"1,15",222,"255,3"
,3/7/2022,NutriFix,Франкфурт,Запад,Масла,Сливочное масло,"1,5",260,390
,3/7/2022,mymeal,Дрезден,Восток,Напитки,Зеленый чай,"0,95",192,"182,4"
,3/7/2022,foodbite,Бремен,Север,Крупы,Перловка,"1,2",142,"170,4"
,3/7/2022,Organica,Мюнхен,Юг,Сыры,Филадельфия ,"0,89",135,"120,15"
,3/7/2022,NutriFix,Гамбург,Север,Консервы,Килька в томате,"0,89",130,"115,7"
,3/7/2022,foodbite,Мюнхен,Юг,Сыры,Филадельфия ,"0,89",121,"107,69"
,3/7/2022,mymeal,Кёльн,Запад,Сухофрукты,Сушеные яблоки,"1,09",120,"130,8"
,3/7/2022,foodbite,Берлин,Восток,Напитки,Кофе,"5,5",118,649
,3/7/2022,foodbite,Гамбург,Север,Консервы,Говядина тушеная,"1,19",98,"116,62"
,3/7/2022,Go Bio,Дрезден,Восток,Специи,Черный перец,"0,59",127,"74,93"
,3/7/2022,Organica,Кёльн,Запад,Напитки,Черный чай,"0,99",87,"86,13"
,3/7/2022,Sweetables,Гамбург,Север,Специи,Базилик,"0,7",77,"53,9"
,3/7/2022,Organica,Бремен,Север,Масла,Подсолнечное масло,"1,19",65,"77,35"
,3/7/2022,Go Bio,Франкфурт,Запад,Сухофрукты,Изюм,"0,99",77,"76,23"
,3/7/2022,Gold Food,Штутгарт,Юг,Консервы,Килька в томате,"0,89",69,"61,41"
,3/7/2022,mymeal,Штутгарт,Юг,Сладости,Зефир,"0,65",57,"37,05"
,3/7/2022,Organica,Штутгарт,Юг,Сладости,Мармелад,"0,6",50,30
,3/7/2022,Organica,Мюнхен,Юг,Специи,Кориандр,"0,65",21,"13,65"
,3/8/2022,Sweetables,Кёльн,Запад,Сладости,Шоколад,"0,55",412,"226,6"
,3/8/2022,mymeal,Дрезден,Восток,Крупы,Рис,"0,96",443,"425,28"
,3/8/2022,Cooking Corner,Франкфурт,Запад,Сыры,Моцарелла,"0,59",434,"256,06"
,3/8/2022,Cooking Corner,Бремен,Север,Сладости,Шоколад,"0,55",307,"168,85"
,3/8/2022,Cooking Corner,Мюнхен,Юг,Напитки,Кофе,"5,5",272,1496
,3/8/2022,NutriFix,Берлин,Восток,Сладости,Мармелад,"0,6",242,"145,2"
,3/8/2022,Cooking Corner,Бремен,Север,Масла,Подсолнечное масло,"1,19",218,"259,42"
,3/8/2022,NutriFix,Франкфурт,Запад,Масла,Сливочное масло,"1,5",224,336
,3/8/2022,Cooking Corner,Бремен,Север,Крупы,Перловка,"1,2",136,"163,2"
,3/8/2022,Cooking Corner,Мюнхен,Юг,Сухофрукты,Сушеные яблоки,"1,09",129,"140,61"
,3/8/2022,Sweetables,Кёльн,Запад,Напитки,Кофе,"5,5",108,594
,3/8/2022,Cooking Corner,Кёльн,Запад,Сухофрукты,Сушеные яблоки,"1,09",99,"107,91"
,3/8/2022,foodbite,Кёльн,Запад,Напитки,Кофе,"5,5",82,451
,3/8/2022,Organica,Франкфурт,Запад,Крупы,Гречка,"1,4",100,140
,3/8/2022,Gold Food,Гамбург,Север,Специи,Базилик,"0,7",65,"45,5"
,3/8/2022,NutriFix,Франкфурт,Запад,Консервы,Килька в томате,"0,89",83,"73,87"
,3/8/2022,mymeal,Франкфурт,Запад,Специи,Базилик,"0,7",68,"47,6"
,3/8/2022,Go Bio,Штутгарт,Юг,Масла,Оливковое масло,"1,7",54,"91,8"
,3/8/2022,Go Bio,Дрезден,Восток,Масла,Оливковое масло,"1,7",35,"59,5"
,3/8/2022,Organica,Франкфурт,Запад,Консервы,Говядина тушеная,"1,19",21,"24,99"
,3/9/2022,Cooking Corner,Мюнхен,Юг,Сыры,Гауда,"1,59",755,"1200,45"
,3/9/2022,Cooking Corner,Бремен,Север,Сладости,Шоколад,"0,55",396,"217,8"
,3/9/2022,Organica,Гамбург,Север,Масла,Сливочное масло,"1,5",379,"568,5"
,3/9/2022,foodbite,Мюнхен,Юг,Крупы,Перловка,"1,2",363,"435,6"
,3/9/2022,foodbite,Берлин,Восток,Сухофрукты,Изюм,"0,99",333,"329,67"
,3/9/2022,foodbite,Мюнхен,Юг,Сыры,Моцарелла,"0,59",322,"189,98"
,3/9/2022,Organica,Мюнхен,Юг,Сладости,Шоколад,"0,55",317,"174,35"
,3/9/2022,mymeal,Франкфурт,Запад,Напитки,Зеленый чай,"0,95",326,"309,7"
,3/9/2022,NutriFix,Берлин,Восток,Консервы,Шпроты,"1,15",213,"244,95"
,3/9/2022,NutriFix,Мюнхен,Юг,Сыры,Моцарелла,"0,59",211,"124,49"
,3/9/2022,foodbite,Берлин,Восток,Сухофрукты,Курага,"1,19",199,"236,81"
,3/9/2022,Go Bio,Гамбург,Север,Крупы,Гречка,"1,4",172,"240,8"
,3/9/2022,Go Bio,Бремен,Север,Сыры,Гауда,"1,59",145,"230,55"
,3/9/2022,Cooking Corner,Кёльн,Запад,Сухофрукты,Изюм,"0,99",132,"130,68"
,3/9/2022,NutriFix,Штутгарт,Юг,Сыры,Гауда,"1,59",194,"308,46"
,3/9/2022,Go Bio,Гамбург,Север,Масла,Оливковое масло,"1,7",115,"195,5"
,3/9/2022,Cooking Corner,Штутгарт,Юг,Консервы,Килька в томате,"0,89",156,"138,84"
,3/9/2022,foodbite,Кёльн,Запад,Консервы,Шпроты,"1,15",96,"110,4"
,3/9/2022,mymeal,Франкфурт,Запад,Напитки,Кофе,"5,5",117,"643,5"
,3/9/2022,Go Bio,Гамбург,Север,Консервы,Шпроты,"1,15",74,"85,1"
,3/9/2022,NutriFix,Мюнхен,Юг,Специи,Базилик,"0,7",71,"49,7"
,3/9/2022,mymeal,Дрезден,Восток,Консервы,Килька в томате,"0,89",81,"72,09"
,3/9/2022,NutriFix,Франкфурт,Запад,Сыры,Филадельфия ,"0,89",64,"56,96"
,3/9/2022,Gold Food,Штутгарт,Юг,Специи,Кориандр,"0,65",23,"14,95"
,3/9/2022,Go Bio,Дрезден,Восток,Специи,Кориандр,"0,65",9,"5,85"
,3/10/2022,Cooking Corner,Берлин,Восток,Напитки,Черный чай,"0,99",1245,"1232,55"
,3/10/2022,Sweetables,Берлин,Восток,Сладости,Шоколад,"0,55",791,"435,05"
,3/10/2022,mymeal,Гамбург,Север,Крупы,Перловка,"1,2",638,"765,6"
,3/10/2022,Cooking Corner,Кёльн,Запад,Сыры,Гауда,"1,59",573,"911,07"
,3/10/2022,foodbite,Мюнхен,Юг,Сыры,Гауда,"1,59",542,"861,78"
,3/10/2022,mymeal,Кёльн,Запад,Крупы,Рис,"0,96",450,432
,3/10/2022,NutriFix,Берлин,Восток,Сыры,Моцарелла,"0,59",415,"244,85"
,3/10/2022,mymeal,Кёльн,Запад,Сыры,Гауда,"1,59",383,"608,97"
,3/10/2022,Sweetables,Берлин,Восток,Сладости,Мармелад,"0,6",346,"207,6"
,3/10/2022,mymeal,Берлин,Восток,Сухофрукты,Сушеные яблоки,"1,09",320,"348,8"
,3/10/2022,Organica,Гамбург,Север,Напитки,Зеленый чай,"0,95",314,"298,3"
,3/10/2022,NutriFix,Кёльн,Запад,Масла,Сливочное масло,"1,5",284,426
,3/10/2022,Cooking Corner,Кёльн,Запад,Крупы,Гречка,"1,4",268,"375,2"
,3/10/2022,Cooking Corner,Штутгарт,Юг,Напитки,Зеленый чай,"0,95",389,"369,55"
,3/10/2022,Cooking Corner,Бремен,Север,Масла,Сливочное масло,"1,5",232,348
,3/10/2022,Sweetables,Франкфурт,Запад,Специи,Черный перец,"0,59",251,"148,09"
,3/10/2022,Sweetables,Берлин,Восток,Специи,Базилик,"0,7",189,"132,3"
,3/10/2022,Organica,Штутгарт,Юг,Сладости,Шоколад,"0,55",281,"154,55"
,3/10/2022,Gold Food,Кёльн,Запад,Крупы,Перловка,"1,2",174,"208,8"
,3/10/2022,foodbite,Берлин,Восток,Консервы,Говядина тушеная,"1,19",161,"191,59"
,3/10/2022,Sweetables,Штутгарт,Юг,Масла,Подсолнечное масло,"1,19",216,"257,04"
,3/10/2022,foodbite,Бремен,Север,Сыры,Моцарелла,"0,59",139,"82,01"
,3/10/2022,Sweetables,Гамбург,Север,Масла,Оливковое масло,"1,7",139,"236,3"
,3/10/2022,foodbite,Кёльн,Запад,Напитки,Зеленый чай,"0,95",129,"122,55"
,3/10/2022,foodbite,Гамбург,Север,Консервы,Говядина тушеная,"1,19",120,"142,8"
,3/10/2022,Go Bio,Гамбург,Север,Специи,Черный перец,"0,59",120,"70,8"
,3/10/2022,Gold Food,Мюнхен,Юг,Консервы,Килька в томате,"0,89",120,"106,8"
,3/10/2022,Organica,Штутгарт,Юг,Специи,Черный перец,"0,59",180,"106,2"
,3/10/2022,mymeal,Берлин,Восток,Специи,Кориандр,"0,65",115,"74,75"
,3/10/2022,Gold Food,Мюнхен,Юг,Сыры,Филадельфия ,"0,89",102,"90,78"
,3/10/2022,NutriFix,Франкфурт,Запад,Сухофрукты,Изюм,"0,99",107,"105,93"
,3/10/2022,Gold Food,Кёльн,Запад,Консервы,Шпроты,"1,15",77,"88,55"
,3/10/2022,Go Bio,Штутгарт,Юг,Напитки,Зеленый чай,"0,95",113,"107,35"
,3/10/2022,Go Bio,Берлин,Восток,Сладости,Зефир,"0,65",71,"46,15"
,3/10/2022,foodbite,Кёльн,Запад,Специи,Базилик,"0,7",66,"46,2"
,3/10/2022,Gold Food,Штутгарт,Юг,Крупы,Гречка,"1,4",87,"121,8"
,3/10/2022,NutriFix,Мюнхен,Юг,Консервы,Шпроты,"1,15",51,"58,65"
,3/10/2022,Go Bio,Дрезден,Восток,Сухофрукты,Сушеные яблоки,"1,09",48,"52,32"
,3/10/2022,Gold Food,Штутгарт,Юг,Сладости,Зефир,"0,65",44,"28,6"
,3/11/2022,mymeal,Кёльн,Запад,Напитки,Черный чай,"0,99",505,"499,95"
,3/11/2022,Gold Food,Мюнхен,Юг,Напитки,Черный чай,"0,99",367,"363,33"
,3/11/2022,Cooking Corner,Гамбург,Север,Крупы,Гречка,"1,4",355,497
,3/11/2022,foodbite,Кёльн,Запад,Специи,Черный перец,"0,59",329,"194,11"
,3/11/2022,mymeal,Дрезден,Восток,Специи,Черный перец,"0,59",239,"141,01"
,3/11/2022,Cooking Corner,Гамбург,Север,Масла,Оливковое масло,"1,7",182,"309,4"
,3/11/2022,Sweetables,Гамбург,Север,Напитки,Зеленый чай,"0,95",130,"123,5"
,3/11/2022,Organica,Бремен,Север,Сладости,Шоколад,"0,55",127,"69,85"
,3/11/2022,Gold Food,Мюнхен,Юг,Консервы,Килька в томате,"0,89",127,"113,03"
,3/11/2022,Sweetables,Гамбург,Север,Сухофрукты,Изюм,"0,99",125,"123,75"
,3/11/2022,mymeal,Берлин,Восток,Специи,Кориандр,"0,65",109,"70,85"
,3/11/2022,Sweetables,Кёльн,Запад,Сухофрукты,Курага,"1,19",96,"114,24"
,3/11/2022,NutriFix,Берлин,Восток,Специи,Базилик,"0,7",90,63
,3/11/2022,foodbite,Штутгарт,Юг,Крупы,Гречка,"1,4",108,"151,2"
,3/11/2022,Sweetables,Штутгарт,Юг,Напитки,Черный чай,"0,99",104,"102,96"
,3/11/2022,foodbite,Дрезден,Восток,Напитки,Кофе,"5,5",75,"412,5"
,3/11/2022,foodbite,Штутгарт,Юг,Консервы,Килька в томате,"0,89",81,"72,09"
,3/11/2022,NutriFix,Франкфурт,Запад,Сыры,Филадельфия ,"0,89",70,"62,3"
,3/11/2022,Gold Food,Штутгарт,Юг,Сухофрукты,Курага,"1,19",71,"84,49"
,3/11/2022,Organica,Штутгарт,Юг,Специи,Базилик,"0,7",39,"27,3"
,3/12/2022,Gold Food,Кёльн,Запад,Сыры,Гауда,"1,59",302,"480,18"
,3/12/2022,NutriFix,Франкфурт,Запад,Сыры,Гауда,"1,59",293,"465,87"
,3/12/2022,mymeal,Штутгарт,Юг,Крупы,Перловка,"1,2",288,"345,6"
,3/12/2022,Sweetables,Дрезден,Восток,Масла,Сливочное масло,"1,5",231,"346,5"
,3/12/2022,Gold Food,Штутгарт,Юг,Крупы,Рис,"0,96",219,"210,24"
,3/12/2022,Go Bio,Дрезден,Восток,Сыры,Гауда,"1,59",166,"263,94"
,3/12/2022,Sweetables,Мюнхен,Юг,Сыры,Филадельфия ,"0,89",128,"113,92"
,3/12/2022,Organica,Бремен,Север,Специи,Черный перец,"0,59",124,"73,16"
,3/12/2022,foodbite,Штутгарт,Юг,Крупы,Гречка,"1,4",155,217
,3/12/2022,foodbite,Кёльн,Запад,Консервы,Килька в томате,"0,89",76,"67,64"
,3/12/2022,Sweetables,Дрезден,Восток,Крупы,Гречка,"1,4",79,"110,6"
,3/12/2022,Organica,Бремен,Север,Крупы,Гречка,"1,4",57,"79,8"
,3/12/2022,mymeal,Дрезден,Восток,Специи,Базилик,"0,7",57,"39,9"
,3/12/2022,Organica,Бремен,Север,Консервы,Шпроты,"1,15",38,"43,7"
,3/12/2022,Sweetables,Дрезден,Восток,Масла,Оливковое масло,"1,7",49,"83,3"
,3/12/2022,Sweetables,Дрезден,Восток,Специи,Базилик,"0,7",33,"23,1"
,3/13/2022,mymeal,Мюнхен,Юг,Сыры,Моцарелла,"0,59",578,"341,02"
,3/13/2022,Gold Food,Гамбург,Север,Крупы,Рис,"0,96",551,"528,96"
,3/13/2022,Cooking Corner,Мюнхен,Юг,Консервы,Килька в томате,"0,89",330,"293,7"
,3/13/2022,Sweetables,Франкфурт,Запад,Сыры,Гауда,"1,59",291,"462,69"
,3/13/2022,mymeal,Штутгарт,Юг,Крупы,Перловка,"1,2",272,"326,4"
,3/13/2022,Cooking Corner,Франкфурт,Запад,Сыры,Филадельфия ,"0,89",170,"151,3"
,3/13/2022,Organica,Дрезден,Восток,Напитки,Зеленый чай,"0,95",161,"152,95"
,3/13/2022,Cooking Corner,Дрезден,Восток,Сладости,Мармелад,"0,6",155,93
,3/13/2022,NutriFix,Кёльн,Запад,Напитки,Кофе,"5,5",114,627
,3/13/2022,NutriFix,Кёльн,Запад,Напитки,Кофе,"5,5",103,"566,5"
,3/13/2022,NutriFix,Кёльн,Запад,Напитки,Черный чай,"0,99",92,"91,08"
,3/13/2022,Cooking Corner,Франкфурт,Запад,Консервы,Шпроты,"1,15",104,"119,6"
,3/13/2022,foodbite,Кёльн,Запад,Консервы,Шпроты,"1,15",79,"90,85"
,3/13/2022,foodbite,Штутгарт,Юг,Напитки,Кофе,"5,5",101,"555,5"
,3/13/2022,Go Bio,Дрезден,Восток,Крупы,Гречка,"1,4",75,105
,3/13/2022,Sweetables,Дрезден,Восток,Сухофрукты,Курага,"1,19",70,"83,3"
,3/13/2022,Sweetables,Франкфурт,Запад,Сыры,Филадельфия ,"0,89",66,"58,74"
,3/13/2022,mymeal,Мюнхен,Юг,Специи,Кориандр,"0,65",50,"32,5"
,3/13/2022,Gold Food,Кёльн,Запад,Сладости,Зефир,"0,65",38,"24,7"
,3/13/2022,foodbite,Кёльн,Запад,Консервы,Говядина тушеная,"1,19",35,"41,65"
,3/13/2022,foodbite,Дрезден,Восток,Масла,Оливковое масло,"1,7",36,"61,2"
,3/13/2022,foodbite,Бремен,Север,Специи,Кориандр,"0,65",10,"6,5"
,3/14/2022,Cooking Corner,Мюнхен,Юг,Масла,Подсолнечное масло,"1,19",770,"916,3"
,3/14/2022,Gold Food,Берлин,Восток,Напитки,Зеленый чай,"0,95",650,"617,5"
,3/14/2022,Gold Food,Гамбург,Север,Сыры,Гауда,"1,59",570,"906,3"
,3/14/2022,Cooking Corner,Кёльн,Запад,Сыры,Гауда,"1,59",474,"753,66"
,3/14/2022,Cooking Corner,Франкфурт,Запад,Масла,Подсолнечное масло,"1,19",449,"534,31"
,3/14/2022,Gold Food,Берлин,Восток,Крупы,Гречка,"1,4",333,"466,2"
,3/14/2022,Sweetables,Франкфурт,Запад,Сыры,Гауда,"1,59",208,"330,72"
,3/14/2022,Cooking Corner,Франкфурт,Запад,Сладости,Мармелад,"0,6",147,"88,2"
,3/14/2022,NutriFix,Гамбург,Север,Консервы,Шпроты,"1,15",109,"125,35"
,3/14/2022,foodbite,Дрезден,Восток,Консервы,Килька в томате,"0,89",81,"72,09"
,3/14/2022,Organica,Кёльн,Запад,Консервы,Шпроты,"1,15",54,"62,1"
,3/14/2022,Sweetables,Кёльн,Запад,Консервы,Говядина тушеная,"1,19",52,"61,88"
,3/14/2022,foodbite,Бремен,Север,Консервы,Шпроты,"1,15",51,"58,65"
,3/14/2022,foodbite,Дрезден,Восток,Консервы,Шпроты,"1,15",53,"60,95"
,3/14/2022,Gold Food,Франкфурт,Запад,Специи,Кориандр,"0,65",26,"16,9"
,3/15/2022,Cooking Corner,Мюнхен,Юг,Масла,Подсолнечное масло,"1,19",430,"511,7"
,3/15/2022,Organica,Кёльн,Запад,Напитки,Зеленый чай,"0,95",240,228
,3/15/2022,Organica,Кёльн,Запад,Специи,Черный перец,"0,59",157,"92,63"
,3/15/2022,Cooking Corner,Франкфурт,Запад,Сладости,Мармелад,"0,6",198,"118,8"
,3/15/2022,foodbite,Бремен,Север,Напитки,Зеленый чай,"0,95",150,"142,5"
,3/15/2022,foodbite,Мюнхен,Юг,Сладости,Зефир,"0,65",90,"58,5"
,3/15/2022,Cooking Corner,Франкфурт,Запад,Сладости,Зефир,"0,65",94,"61,1"
,3/16/2022,mymeal,Гамбург,Север,Напитки,Зеленый чай,"0,95",684,"649,8"
,3/16/2022,NutriFix,Франкфурт,Запад,Масла,Сливочное масло,"1,5",278,417
,3/16/2022,Go Bio,Гамбург,Север,Крупы,Гречка,"1,4",208,"291,2"
,3/16/2022,Organica,Гамбург,Север,Масла,Оливковое масло,"1,7",100,170
,3/16/2022,Organica,Кёльн,Запад,Сыры,Филадельфия ,"0,89",73,"64,97"
,3/17/2022,mymeal,Гамбург,Север,Специи,Черный перец,"0,59",508,"299,72"
,3/17/2022,Organica,Берлин,Восток,Масла,Сливочное масло,"1,5",495,"742,5"
,3/17/2022,Organica,Гамбург,Север,Крупы,Перловка,"1,2",299,"358,8"
,3/17/2022,mymeal,Франкфурт,Запад,Масла,Подсолнечное масло,"1,19",347,"412,93"
,3/17/2022,Organica,Берлин,Восток,Сыры,Филадельфия ,"0,89",253,"225,17"
,3/17/2022,Go Bio,Гамбург,Север,Масла,Сливочное масло,"1,5",248,372
,3/17/2022,Organica,Кёльн,Запад,Сыры,Гауда,"1,59",190,"302,1"
,3/17/2022,mymeal,Франкфурт,Запад,Консервы,Килька в томате,"0,89",127,"113,03"
,3/17/2022,NutriFix,Кёльн,Запад,Напитки,Кофе,"5,5",90,495
,3/17/2022,Organica,Гамбург,Север,Консервы,Говядина тушеная,"1,19",87,"103,53"
,3/17/2022,Organica,Гамбург,Север,Консервы,Шпроты,"1,15",46,"52,9"
,3/17/2022,Organica,Гамбург,Север,Сладости,Зефир,"0,65",46,"29,9"
,3/18/2022,Cooking Corner,Берлин,Восток,Масла,Подсолнечное масло,"1,19",1011,"1203,09"
,3/18/2022,mymeal,Гамбург,Север,Сыры,Моцарелла,"0,59",778,"459,02"
,3/18/2022,Cooking Corner,Берлин,Восток,Сухофрукты,Изюм,"0,99",418,"413,82"
,3/18/2022,Organica,Гамбург,Север,Крупы,Гречка,"1,4",172,"240,8"
,3/18/2022,NutriFix,Франкфурт,Запад,Крупы,Рис,"0,96",203,"194,88"
,3/18/2022,Organica,Берлин,Восток,Масла,Оливковое масло,"1,7",140,238
,3/18/2022,Organica,Берлин,Восток,Сладости,Зефир,"0,65",77,"50,05"
,3/18/2022,NutriFix,Кёльн,Запад,Специи,Черный перец,"0,59",67,"39,53"
,3/18/2022,foodbite,Франкфурт,Запад,Специи,Базилик,"0,7",64,"44,8"
,3/18/2022,foodbite,Франкфурт,Запад,Специи,Базилик,"0,7",61,"42,7"
,3/18/2022,Go Bio,Франкфурт,Запад,Специи,Базилик,"0,7",38,"26,6"
,3/18/2022,NutriFix,Штутгарт,Юг,Напитки,Кофе,"5,5",33,"181,5"
,3/19/2022,mymeal,Берлин,Восток,Масла,Подсолнечное масло,"1,19",1190,"1416,1"
,3/19/2022,foodbite,Гамбург,Север,Напитки,Черный чай,"0,99",548,"542,52"
,3/19/2022,Organica,Берлин,Восток,Крупы,Рис,"0,96",509,"488,64"
,3/19/2022,NutriFix,Гамбург,Север,Сыры,Моцарелла,"0,59",308,"181,72"
,3/19/2022,Cooking Corner,Берлин,Восток,Сладости,Зефир,"0,65",253,"164,45"
,3/19/2022,Organica,Берлин,Восток,Консервы,Килька в томате,"0,89",218,"194,02"
,3/19/2022,NutriFix,Берлин,Восток,Консервы,Шпроты,"1,15",208,"239,2"
,3/19/2022,foodbite,Бремен,Север,Крупы,Рис,"0,96",195,"187,2"
,3/19/2022,Organica,Берлин,Восток,Сухофрукты,Изюм,"0,99",183,"181,17"
,3/19/2022,Organica,Бремен,Север,Сладости,Шоколад,"0,55",176,"96,8"
,3/19/2022,Sweetables,Бремен,Север,Масла,Сливочное масло,"1,5",149,"223,5"
,3/19/2022,Gold Food,Берлин,Восток,Сухофрукты,Сушеные яблоки,"1,09",143,"155,87"
,3/19/2022,Go Bio,Дрезден,Восток,Сладости,Шоколад,"0,55",131,"72,05"
,3/19/2022,Go Bio,Дрезден,Восток,Масла,Сливочное масло,"1,5",88,132
,3/19/2022,foodbite,Франкфурт,Запад,Консервы,Шпроты,"1,15",83,"95,45"
,3/19/2022,mymeal,Гамбург,Север,Специи,Кориандр,"0,65",62,"40,3"
,3/19/2022,Gold Food,Берлин,Восток,Специи,Кориандр,"0,65",57,"37,05"
,3/19/2022,NutriFix,Кёльн,Запад,Специи,Базилик,"0,7",54,"37,8"
,3/19/2022,NutriFix,Штутгарт,Юг,Сухофрукты,Сушеные яблоки,"1,09",77,"83,93"
,3/19/2022,foodbite,Франкфурт,Запад,Специи,Базилик,"0,7",64,"44,8"
,3/19/2022,Go Bio,Франкфурт,Запад,Сухофрукты,Курага,"1,19",57,"67,83"
,3/19/2022,Sweetables,Бремен,Север,Напитки,Кофе,"5,5",25,"137,5"
,3/20/2022,Organica,Берлин,Восток,Масла,Сливочное масло,"1,5",387,"580,5"
,3/20/2022,Cooking Corner,Гамбург,Север,Напитки,Кофе,"5,5",190,1045
,3/20/2022,Gold Food,Берлин,Восток,Сухофрукты,Изюм,"0,99",182,"180,18"
,3/20/2022,NutriFix,Гамбург,Север,Крупы,Гречка,"1,4",166,"232,4"
,3/20/2022,foodbite,Бремен,Север,Масла,Подсолнечное масло,"1,19",158,"188,02"
,3/20/2022,Go Bio,Франкфурт,Запад,Масла,Оливковое масло,"1,7",55,"93,5"
,3/20/2022,Organica,Бремен,Север,Сухофрукты,Курага,"1,19",28,"33,32"
,3/20/2022,Go Bio,Дрезден,Восток,Сыры,Филадельфия ,"0,89",35,"31,15"
,3/20/2022,Organica,Дрезден,Восток,Специи,Базилик,"0,7",34,"23,8"
,3/20/2022,Sweetables,Бремен,Север,Специи,Кориандр,"0,65",15,"9,75"
,3/21/2022,Cooking Corner,Берлин,Восток,Масла,Сливочное масло,"1,5",1089,"1633,5"
,3/21/2022,Sweetables,Штутгарт,Юг,Консервы,Говядина тушеная,"1,19",59,"70,21"
,3/21/2022,foodbite,Бремен,Север,Специи,Базилик,"0,7",29,"20,3"
,3/22/2022,Sweetables,Штутгарт,Юг,Сладости,Мармелад,"0,6",72,"43,2"
,3/22/2022,Organica,Гамбург,Север,Специи,Кориандр,"0,65",35,"22,75"
,3/23/2022,Cooking Corner,Мюнхен,Юг,Масла,Подсолнечное масло,"1,19",453,"539,07"
,3/23/2022,mymeal,Берлин,Восток,Сухофрукты,Сушеные яблоки,"1,09",448,"488,32"
,3/23/2022,foodbite,Гамбург,Север,Напитки,Черный чай,"0,99",447,"442,53"
,3/23/2022,Cooking Corner,Франкфурт,Запад,Сыры,Гауда,"1,59",503,"799,77"
,3/23/2022,Sweetables,Берлин,Восток,Специи,Черный перец,"0,59",384,"226,56"
,3/23/2022,Organica,Мюнхен,Юг,Напитки,Зеленый чай,"0,95",289,"274,55"
,3/23/2022,mymeal,Франкфурт,Запад,Сыры,Гауда,"1,59",372,"591,48"
,3/23/2022,Organica,Гамбург,Север,Сыры,Филадельфия ,"0,89",134,"119,26"
,3/23/2022,Go Bio,Франкфурт,Запад,Масла,Подсолнечное масло,"1,19",124,"147,56"
,3/24/2022,Cooking Corner,Гамбург,Север,Напитки,Зеленый чай,"0,95",925,"878,75"
,3/24/2022,Go Bio,Берлин,Восток,Масла,Сливочное масло,"1,5",589,"883,5"
,3/24/2022,Sweetables,Берлин,Восток,Крупы,Рис,"0,96",581,"557,76"
,3/24/2022,Sweetables,Берлин,Восток,Специи,Черный перец,"0,59",526,"310,34"
,3/24/2022,foodbite,Гамбург,Север,Крупы,Гречка,"1,4",296,"414,4"
,3/24/2022,mymeal,Штутгарт,Юг,Сладости,Шоколад,"0,55",374,"205,7"
,3/24/2022,Cooking Corner,Дрезден,Восток,Масла,Сливочное масло,"1,5",303,"454,5"
,3/24/2022,Go Bio,Франкфурт,Запад,Сыры,Гауда,"1,59",272,"432,48"
,3/24/2022,Go Bio,Франкфурт,Запад,Крупы,Рис,"0,96",257,"246,72"
,3/24/2022,NutriFix,Берлин,Восток,Консервы,Говядина тушеная,"1,19",91,"108,29"
,3/24/2022,Go Bio,Кёльн,Запад,Консервы,Килька в томате,"0,89",71,"63,19"
,3/24/2022,mymeal,Штутгарт,Юг,Масла,Оливковое масло,"1,7",83,"141,1"
,3/24/2022,Go Bio,Кёльн,Запад,Специи,Базилик,"0,7",49,"34,3"
,3/24/2022,Sweetables,Гамбург,Север,Консервы,Говядина тушеная,"1,19",49,"58,31"
,3/24/2022,Go Bio,Франкфурт,Запад,Сладости,Мармелад,"0,6",53,"31,8"
,3/24/2022,Gold Food,Дрезден,Восток,Консервы,Килька в томате,"0,89",42,"37,38"
,3/25/2022,Cooking Corner,Гамбург,Север,Сыры,Гауда,"1,59",1240,"1971,6"
,3/25/2022,mymeal,Кёльн,Запад,Масла,Подсолнечное масло,"1,19",541,"643,79"
,3/25/2022,NutriFix,Гамбург,Север,Масла,Подсолнечное масло,"1,19",510,"606,9"
,3/25/2022,NutriFix,Гамбург,Север,Специи,Черный перец,"0,59",509,"300,31"
,3/25/2022,foodbite,Гамбург,Север,Масла,Подсолнечное масло,"1,19",485,"577,15"
,3/25/2022,Go Bio,Берлин,Восток,Масла,Подсолнечное масло,"1,19",437,"520,03"
,3/25/2022,foodbite,Гамбург,Север,Напитки,Черный чай,"0,99",395,"391,05"
,3/25/2022,mymeal,Штутгарт,Юг,Сыры,Гауда,"1,59",318,"505,62"
,3/25/2022,Gold Food,Дрезден,Восток,Сыры,Гауда,"1,59",155,"246,45"
,3/25/2022,Gold Food,Дрезден,Восток,Сухофрукты,Изюм,"0,99",59,"58,41"
,3/26/2022,mymeal,Франкфурт,Запад,Сыры,Гауда,"1,59",532,"845,88"
,3/26/2022,mymeal,Франкфурт,Запад,Масла,Сливочное масло,"1,5",378,567
,3/26/2022,Organica,Кёльн,Запад,Специи,Черный перец,"0,59",149,"87,91"
,3/26/2022,Cooking Corner,Штутгарт,Юг,Напитки,Кофе,"5,5",126,693
,3/26/2022,mymeal,Франкфурт,Запад,Масла,Оливковое масло,"1,7",95,"161,5"
,3/26/2022,Gold Food,Штутгарт,Юг,Напитки,Кофе,"5,5",104,572
,3/26/2022,foodbite,Дрезден,Восток,Сухофрукты,Изюм,"0,99",60,"59,4"
,3/26/2022,foodbite,Дрезден,Восток,Специи,Черный перец,"0,59",56,"33,04"
,3/26/2022,foodbite,Дрезден,Восток,Консервы,Шпроты,"1,15",53,"60,95"
,3/27/2022,Organica,Берлин,Восток,Сладости,Шоколад,"0,55",601,"330,55"
,3/27/2022,Gold Food,Берлин,Восток,Масла,Сливочное масло,"1,5",584,876
,3/27/2022,foodbite,Гамбург,Север,Крупы,Перловка,"1,2",396,"475,2"
,3/27/2022,Cooking Corner,Штутгарт,Юг,Масла,Подсолнечное масло,"1,19",480,"571,2"
,3/27/2022,Go Bio,Берлин,Восток,Сыры,Филадельфия ,"0,89",223,"198,47"
,3/27/2022,Gold Food,Кёльн,Запад,Масла,Сливочное масло,"1,5",194,291
,3/27/2022,Gold Food,Штутгарт,Юг,Сладости,Шоколад,"0,55",216,"118,8"
,3/27/2022,Cooking Corner,Штутгарт,Юг,Специи,Базилик,"0,7",86,"60,2"
,3/27/2022,Organica,Кёльн,Запад,Сладости,Мармелад,"0,6",53,"31,8"
,3/27/2022,Gold Food,Кёльн,Запад,Консервы,Говядина тушеная,"1,19",45,"53,55"
,3/27/2022,Gold Food,Кёльн,Запад,Сладости,Зефир,"0,65",41,"26,65"
,3/27/2022,foodbite,Кёльн,Запад,Консервы,Говядина тушеная,"1,19",26,"30,94"
,3/28/2022,Cooking Corner,Берлин,Восток,Напитки,Кофе,"5,5",1232,6776
,3/28/2022,Organica,Штутгарт,Юг,Сладости,Шоколад,"0,55",311,"171,05"
,3/28/2022,Sweetables,Франкфурт,Запад,Крупы,Гречка,"1,4",140,196
,3/28/2022,foodbite,Кёльн,Запад,Сухофрукты,Курага,"1,19",88,"104,72"
,3/28/2022,Organica,Кёльн,Запад,Специи,Кориандр,"0,65",21,"13,65"
,3/29/2022,Organica,Штутгарт,Юг,Сыры,Моцарелла,"0,59",173,"102,07"
,3/29/2022,Sweetables,Франкфурт,Запад,Сухофрукты,Изюм,"0,99",107,"105,93"
,3/29/2022,NutriFix,Франкфурт,Запад,Сухофрукты,Курага,"1,19",75,"89,25"
,3/30/2022,mymeal,Берлин,Восток,Масла,Оливковое масло,"1,7",1451,"2466,7"
,3/30/2022,Cooking Corner,Мюнхен,Юг,Крупы,Рис,"0,96",611,"586,56"
,3/30/2022,Organica,Берлин,Восток,Напитки,Черный чай,"0,99",539,"533,61"
,3/30/2022,foodbite,Мюнхен,Юг,Крупы,Рис,"0,96",460,"441,6"
,3/30/2022,Cooking Corner,Франкфурт,Запад,Крупы,Рис,"0,96",571,"548,16"
,3/30/2022,NutriFix,Мюнхен,Юг,Сладости,Шоколад,"0,55",424,"233,2"
,3/30/2022,NutriFix,Франкфурт,Запад,Масла,Подсолнечное масло,"1,19",246,"292,74"
,3/30/2022,Go Bio,Штутгарт,Юг,Масла,Подсолнечное масло,"1,19",219,"260,61"
,3/30/2022,foodbite,Мюнхен,Юг,Консервы,Килька в томате,"0,89",136,"121,04"
,3/30/2022,Go Bio,Дрезден,Восток,Сухофрукты,Курага,"1,19",43,"51,17"
,3/30/2022,Organica,Штутгарт,Юг,Сладости,Зефир,"0,65",30,"19,5"
,3/31/2022,Organica,Бремен,Север,Масла,Сливочное масло,"1,5",96,144
,3/31/2022,NutriFix,Франкфурт,Запад,Напитки,Кофе,"5,5",91,"500,5"
,3/31/2022,Go Bio,Дрезден,Восток,Сухофрукты,Сушеные яблоки,"1,09",30,"32,7"
,4/1/2022,Gold Food,Мюнхен,Юг,Сыры,Моцарелла,"0,59",322,"189,98"
,4/1/2022,Gold Food,Мюнхен,Юг,Специи,Базилик,"0,7",60,42
,4/2/2022,Go Bio,Бремен,Север,Масла,Подсолнечное масло,"1,19",126,"149,94"
,4/2/2022,Go Bio,Бремен,Север,Сыры,Моцарелла,"0,59",85,"50,15"
,4/2/2022,Go Bio,Бремен,Север,Крупы,Рис,"0,96",119,"114,24"
,4/2/2022,Organica,Дрезден,Восток,Крупы,Перловка,"1,2",91,"109,2"
,4/2/2022,Sweetables,Берлин,Восток,Крупы,Гречка,"1,4",428,"599,2"
,4/3/2022,foodbite,Бремен,Север,Напитки,Кофе,"5,5",20,110
,4/3/2022,Sweetables,Бремен,Север,Масла,Подсолнечное масло,"1,19",103,"122,57"
,4/3/2022,Organica,Дрезден,Восток,Сухофрукты,Изюм,"0,99",49,"48,51"
,4/3/2022,Organica,Берлин,Восток,Сыры,Гауда,"1,59",655,"1041,45"
,4/5/2022,Cooking Corner,Берлин,Восток,Напитки,Зеленый чай,"0,95",755,"717,25"
,4/5/2022,Go Bio,Берлин,Восток,Сухофрукты,Изюм,"0,99",176,"174,24"
,4/5/2022,Go Bio,Берлин,Восток,Сухофрукты,Сушеные яблоки,"1,09",185,"201,65"
,4/6/2022,Gold Food,Гамбург,Север,Специи,Черный перец,"0,59",424,"250,16"
,4/7/2022,Gold Food,Гамбург,Север,Специи,Базилик,"0,7",78,"54,6"
,4/7/2022,NutriFix,Гамбург,Север,Напитки,Черный чай,"0,99",372,"368,28"
,4/10/2022,Go Bio,Гамбург,Север,Специи,Кориандр,"0,65",44,"28,6"
,4/10/2022,Go Bio,Гамбург,Север,Сладости,Шоколад,"0,55",468,"257,4"
,4/10/2022,foodbite,Мюнхен,Юг,Сладости,Зефир,"0,65",58,"37,7"
,4/10/2022,Cooking Corner,Кёльн,Запад,Масла,Сливочное масло,"1,5",516,774
,4/10/2022,mymeal,Берлин,Восток,Специи,Кориандр,"0,65",131,"85,15"
,4/11/2022,foodbite,Мюнхен,Юг,Масла,Оливковое масло,"1,7",125,"212,5"
,4/11/2022,Gold Food,Мюнхен,Юг,Сухофрукты,Сушеные яблоки,"1,09",68,"74,12"
,4/11/2022,Gold Food,Мюнхен,Юг,Специи,Черный перец,"0,59",338,"199,42"
,4/11/2022,Cooking Corner,Кёльн,Запад,Сыры,Филадельфия ,"0,89",219,"194,91"
,4/11/2022,Organica,Бремен,Север,Масла,Оливковое масло,"1,7",27,"45,9"
,4/11/2022,mymeal,Берлин,Восток,Масла,Сливочное масло,"1,5",1525,"2287,5"
,4/11/2022,mymeal,Берлин,Восток,Сыры,Гауда,"1,59",1187,"1887,33"
,4/11/2022,foodbite,Кёльн,Запад,Сыры,Гауда,"1,59",404,"642,36"
,4/12/2022,Gold Food,Мюнхен,Юг,Напитки,Зеленый чай,"0,95",294,"279,3"
,4/12/2022,Go Bio,Мюнхен,Юг,Консервы,Шпроты,"1,15",71,"81,65"
,4/12/2022,foodbite,Кёльн,Запад,Сладости,Мармелад,"0,6",103,"61,8"
,4/12/2022,NutriFix,Кёльн,Запад,Сыры,Филадельфия ,"0,89",109,"97,01"
,4/12/2022,Organica,Бремен,Север,Масла,Оливковое масло,"1,7",32,"54,4"
,4/12/2022,Organica,Дрезден,Восток,Сладости,Зефир,"0,65",25,"16,25"
,4/12/2022,foodbite,Кёльн,Запад,Консервы,Говядина тушеная,"1,19",45,"53,55"
,4/12/2022,Sweetables,Кёльн,Запад,Сухофрукты,Сушеные яблоки,"1,09",55,"59,95"
,4/13/2022,Go Bio,Мюнхен,Юг,Сладости,Шоколад,"0,55",356,"195,8"
,4/13/2022,foodbite,Кёльн,Запад,Специи,Кориандр,"0,65",25,"16,25"
,4/13/2022,foodbite,Кёльн,Запад,Сухофрукты,Изюм,"0,99",136,"134,64"
,4/13/2022,NutriFix,Кёльн,Запад,Сыры,Моцарелла,"0,59",143,"84,37"
,4/13/2022,NutriFix,Кёльн,Запад,Консервы,Говядина тушеная,"1,19",21,"24,99"
,4/13/2022,Go Bio,Кёльн,Запад,Крупы,Рис,"0,96",247,"237,12"
,4/13/2022,Organica,Штутгарт,Юг,Специи,Кориандр,"0,65",23,"14,95"
,4/13/2022,Organica,Бремен,Север,Специи,Базилик,"0,7",14,"9,8"
,4/13/2022,NutriFix,Гамбург,Север,Крупы,Гречка,"1,4",192,"268,8"
,4/13/2022,NutriFix,Гамбург,Север,Консервы,Говядина тушеная,"1,19",98,"116,62"
,4/13/2022,Organica,Дрезден,Восток,Масла,Подсолнечное масло,"1,19",130,"154,7"
,4/13/2022,Sweetables,Кёльн,Запад,Крупы,Гречка,"1,4",152,"212,8"
,4/13/2022,Sweetables,Кёльн,Запад,Специи,Базилик,"0,7",70,49
,4/13/2022,foodbite,Франкфурт,Запад,Масла,Оливковое масло,"1,7",88,"149,6"
,4/13/2022,Gold Food,Франкфурт,Запад,Консервы,Килька в томате,"0,89",66,"58,74"
,4/14/2022,Go Bio,Кёльн,Запад,Крупы,Рис,"0,96",224,"215,04"
,4/14/2022,foodbite,Штутгарт,Юг,Крупы,Рис,"0,96",197,"189,12"
,4/14/2022,Organica,Штутгарт,Юг,Консервы,Килька в томате,"0,89",62,"55,18"
,4/14/2022,Organica,Штутгарт,Юг,Специи,Базилик,"0,7",32,"22,4"
,4/14/2022,mymeal,Дрезден,Восток,Сыры,Моцарелла,"0,59",295,"174,05"
,4/14/2022,mymeal,Дрезден,Восток,Специи,Базилик,"0,7",49,"34,3"
,4/14/2022,mymeal,Берлин,Восток,Напитки,Зеленый чай,"0,95",1317,"1251,15"
,4/14/2022,Sweetables,Гамбург,Север,Напитки,Кофе,"5,5",206,1133
,4/14/2022,Sweetables,Гамбург,Север,Масла,Подсолнечное масло,"1,19",388,"461,72"
,4/14/2022,NutriFix,Гамбург,Север,Сухофрукты,Изюм,"0,99",182,"180,18"
,4/14/2022,mymeal,Мюнхен,Юг,Консервы,Килька в томате,"0,89",217,"193,13"
,4/14/2022,Gold Food,Мюнхен,Юг,Сладости,Зефир,"0,65",76,"49,4"
,4/14/2022,mymeal,Дрезден,Восток,Специи,Базилик,"0,7",57,"39,9"
,4/14/2022,Sweetables,Берлин,Восток,Сухофрукты,Сушеные яблоки,"1,09",208,"226,72"
,4/14/2022,Sweetables,Берлин,Восток,Сладости,Шоколад,"0,55",1318,"724,9"
,4/14/2022,mymeal,Франкфурт,Запад,Сыры,Гауда,"1,59",568,"903,12"
,4/14/2022,Gold Food,Франкфурт,Запад,Напитки,Кофе,"5,5",59,"324,5"
,4/14/2022,Organica,Франкфурт,Запад,Консервы,Шпроты,"1,15",38,"43,7"
,4/15/2022,Sweetables,Кёльн,Запад,Специи,Базилик,"0,7",52,"36,4"
,4/15/2022,Sweetables,Кёльн,Запад,Напитки,Зеленый чай,"0,95",208,"197,6"
,4/15/2022,foodbite,Бремен,Север,Напитки,Кофе,"5,5",67,"368,5"
,4/15/2022,Organica,Берлин,Восток,Сыры,Моцарелла,"0,59",327,"192,93"
,4/15/2022,Organica,Берлин,Восток,Сыры,Моцарелла,"0,59",451,"266,09"
,4/15/2022,Cooking Corner,Мюнхен,Юг,Сыры,Моцарелла,"0,59",473,"279,07"
,4/15/2022,Gold Food,Мюнхен,Юг,Крупы,Перловка,"1,2",197,"236,4"
,4/15/2022,Cooking Corner,Кёльн,Запад,Крупы,Перловка,"1,2",444,"532,8"
,4/15/2022,mymeal,Дрезден,Восток,Специи,Кориандр,"0,65",39,"25,35"
,4/15/2022,mymeal,Дрезден,Восток,Консервы,Шпроты,"1,15",74,"85,1"
,4/15/2022,Sweetables,Берлин,Восток,Сухофрукты,Изюм,"0,99",331,"327,69"
,4/15/2022,NutriFix,Берлин,Восток,Сухофрукты,Курага,"1,19",174,"207,06"
,4/15/2022,mymeal,Франкфурт,Запад,Специи,Черный перец,"0,59",169,"99,71"
,4/16/2022,Sweetables,Кёльн,Запад,Консервы,Шпроты,"1,15",38,"43,7"
,4/16/2022,Go Bio,Штутгарт,Юг,Специи,Черный перец,"0,59",155,"91,45"
,4/16/2022,Organica,Дрезден,Восток,Сладости,Мармелад,"0,6",68,"40,8"
,4/16/2022,Organica,Берлин,Восток,Сухофрукты,Сушеные яблоки,"1,09",129,"140,61"
,4/16/2022,Go Bio,Мюнхен,Юг,Масла,Подсолнечное масло,"1,19",225,"267,75"
,4/16/2022,Cooking Corner,Кёльн,Запад,Масла,Подсолнечное масло,"1,19",377,"448,63"
,4/16/2022,mymeal,Кёльн,Запад,Консервы,Говядина тушеная,"1,19",78,"92,82"
,4/16/2022,Cooking Corner,Штутгарт,Юг,Сыры,Филадельфия ,"0,89",159,"141,51"
,4/16/2022,Cooking Corner,Штутгарт,Юг,Сухофрукты,Сушеные яблоки,"1,09",99,"107,91"
,4/16/2022,Cooking Corner,Бремен,Север,Сладости,Зефир,"0,65",50,"32,5"
,4/16/2022,Sweetables,Бремен,Север,Сыры,Гауда,"1,59",142,"225,78"
,4/16/2022,Cooking Corner,Мюнхен,Юг,Крупы,Рис,"0,96",758,"727,68"
,4/16/2022,NutriFix,Мюнхен,Юг,Масла,Оливковое масло,"1,7",120,204
,4/16/2022,NutriFix,Франкфурт,Запад,Масла,Оливковое масло,"1,7",83,"141,1"
,4/16/2022,foodbite,Штутгарт,Юг,Сухофрукты,Курага,"1,19",48,"57,12"
,4/16/2022,foodbite,Штутгарт,Юг,Напитки,Черный чай,"0,99",231,"228,69"
,4/16/2022,Organica,Штутгарт,Юг,Крупы,Перловка,"1,2",90,108
,4/16/2022,Organica,Штутгарт,Юг,Масла,Сливочное масло,"1,5",213,"319,5"
,4/17/2022,Sweetables,Дрезден,Восток,Сухофрукты,Изюм,"0,99",83,"82,17"
,4/17/2022,Sweetables,Дрезден,Восток,Консервы,Говядина тушеная,"1,19",38,"45,22"
,4/17/2022,Gold Food,Дрезден,Восток,Напитки,Кофе,"5,5",61,"335,5"
,4/17/2022,NutriFix,Дрезден,Восток,Специи,Черный перец,"0,59",60,"35,4"
,4/17/2022,Go Bio,Берлин,Восток,Сухофрукты,Сушеные яблоки,"1,09",106,"115,54"
,4/17/2022,NutriFix,Кёльн,Запад,Крупы,Перловка,"1,2",133,"159,6"
,4/17/2022,Cooking Corner,Бремен,Север,Масла,Сливочное масло,"1,5",289,"433,5"
,4/17/2022,Gold Food,Бремен,Север,Сыры,Гауда,"1,59",100,159
,4/17/2022,Organica,Бремен,Север,Масла,Оливковое масло,"1,7",37,"62,9"
,4/17/2022,Cooking Corner,Мюнхен,Юг,Специи,Кориандр,"0,65",54,"35,1"
,4/17/2022,Organica,Мюнхен,Юг,Сухофрукты,Курага,"1,19",79,"94,01"
,4/17/2022,NutriFix,Франкфурт,Запад,Сухофрукты,Изюм,"0,99",61,"60,39"
,4/17/2022,Gold Food,Штутгарт,Юг,Специи,Черный перец,"0,59",216,"127,44"
,4/17/2022,Organica,Штутгарт,Юг,Консервы,Шпроты,"1,15",44,"50,6"
,4/18/2022,Cooking Corner,Штутгарт,Юг,Напитки,Кофе,"5,5",69,"379,5"
,4/18/2022,Go Bio,Берлин,Восток,Сладости,Шоколад,"0,55",805,"442,75"
,4/18/2022,NutriFix,Кёльн,Запад,Консервы,Говядина тушеная,"1,19",49,"58,31"
,4/18/2022,Gold Food,Бремен,Север,Консервы,Килька в томате,"0,89",50,"44,5"
,4/18/2022,Organica,Бремен,Север,Специи,Кориандр,"0,65",12,"7,8"
,4/18/2022,Organica,Бремен,Север,Сухофрукты,Изюм,"0,99",38,"37,62"
,4/18/2022,Sweetables,Дрезден,Восток,Сухофрукты,Курага,"1,19",62,"73,78"
,4/18/2022,Gold Food,Гамбург,Север,Масла,Оливковое масло,"1,7",82,"139,4"
,4/18/2022,Gold Food,Гамбург,Север,Сухофрукты,Курага,"1,19",79,"94,01"
,4/18/2022,Gold Food,Гамбург,Север,Крупы,Гречка,"1,4",184,"257,6"
,4/18/2022,Cooking Corner,Мюнхен,Юг,Напитки,Черный чай,"0,99",710,"702,9"
,4/18/2022,Gold Food,Штутгарт,Юг,Масла,Оливковое масло,"1,7",56,"95,2"
,4/19/2022,foodbite,Кёльн,Запад,Сладости,Зефир,"0,65",68,"44,2"
,4/19/2022,foodbite,Кёльн,Запад,Масла,Сливочное масло,"1,5",296,444
,4/19/2022,Gold Food,Кёльн,Запад,Сухофрукты,Изюм,"0,99",83,"82,17"
,4/19/2022,Sweetables,Дрезден,Восток,Сыры,Филадельфия ,"0,89",73,"64,97"
,4/19/2022,Sweetables,Дрезден,Восток,Масла,Оливковое масло,"1,7",44,"74,8"
,4/20/2022,foodbite,Кёльн,Запад,Крупы,Гречка,"1,4",169,"236,6"
,4/20/2022,Sweetables,Кёльн,Запад,Сухофрукты,Сушеные яблоки,"1,09",105,"114,45"
,4/20/2022,Sweetables,Кёльн,Запад,Специи,Базилик,"0,7",42,"29,4"
,4/20/2022,Gold Food,Кёльн,Запад,Сладости,Шоколад,"0,55",401,"220,55"
,4/20/2022,Gold Food,Кёльн,Запад,Крупы,Перловка,"1,2",186,"223,2"
,4/20/2022,Cooking Corner,Франкфурт,Запад,Сыры,Гауда,"1,59",551,"876,09"
,4/20/2022,Sweetables,Франкфурт,Запад,Масла,Подсолнечное масло,"1,19",315,"374,85"
,4/20/2022,Sweetables,Франкфурт,Запад,Сладости,Мармелад,"0,6",108,"64,8"
,4/20/2022,foodbite,Гамбург,Север,Сухофрукты,Курага,"1,19",150,"178,5"
,4/20/2022,foodbite,Гамбург,Север,Консервы,Говядина тушеная,"1,19",83,"98,77"
,4/20/2022,Sweetables,Гамбург,Север,Сухофрукты,Курага,"1,19",127,"151,13"
,4/20/2022,Organica,Бремен,Север,Напитки,Черный чай,"0,99",123,"121,77"
,4/20/2022,Gold Food,Дрезден,Восток,Масла,Подсолнечное масло,"1,19",153,"182,07"
,4/21/2022,Gold Food,Франкфурт,Запад,Сыры,Филадельфия ,"0,89",65,"57,85"
,4/21/2022,Cooking Corner,Франкфурт,Запад,Крупы,Гречка,"1,4",218,"305,2"
,4/21/2022,Cooking Corner,Франкфурт,Запад,Сыры,Гауда,"1,59",359,"570,81"
,4/21/2022,Sweetables,Франкфурт,Запад,Масла,Сливочное масло,"1,5",229,"343,5"
,4/21/2022,Sweetables,Штутгарт,Юг,Консервы,Килька в томате,"0,89",116,"103,24"
,4/21/2022,Organica,Бремен,Север,Специи,Кориандр,"0,65",8,"5,2"
,4/21/2022,Organica,Бремен,Север,Сыры,Гауда,"1,59",116,"184,44"
,4/21/2022,Go Bio,Бремен,Север,Масла,Подсолнечное масло,"1,19",125,"148,75"
,4/21/2022,Gold Food,Дрезден,Восток,Сыры,Гауда,"1,59",166,"263,94"
,4/21/2022,NutriFix,Дрезден,Восток,Крупы,Перловка,"1,2",101,"121,2"
,4/21/2022,NutriFix,Дрезден,Восток,Напитки,Зеленый чай,"0,95",159,"151,05"
,4/21/2022,NutriFix,Дрезден,Восток,Сыры,Гауда,"1,59",176,"279,84"
,4/21/2022,Gold Food,Дрезден,Восток,Крупы,Гречка,"1,4",64,"89,6"
,4/22/2022,mymeal,Франкфурт,Запад,Консервы,Килька в томате,"0,89",144,"128,16"
,4/22/2022,mymeal,Франкфурт,Запад,Напитки,Кофе,"5,5",168,924
,4/22/2022,Go Bio,Бремен,Север,Сладости,Шоколад,"0,55",154,"84,7"
,4/22/2022,Organica,Дрезден,Восток,Масла,Сливочное масло,"1,5",112,168
,4/22/2022,Go Bio,Гамбург,Север,Специи,Базилик,"0,7",75,"52,5"
,4/22/2022,Cooking Corner,Франкфурт,Запад,Напитки,Черный чай,"0,99",228,"225,72"
,4/22/2022,Gold Food,Дрезден,Восток,Крупы,Рис,"0,96",200,192
,4/22/2022,Gold Food,Дрезден,Восток,Напитки,Зеленый чай,"0,95",78,"74,1"
,4/22/2022,NutriFix,Дрезден,Восток,Сладости,Зефир,"0,65",36,"23,4"
,4/23/2022,Gold Food,Берлин,Восток,Специи,Черный перец,"0,59",420,"247,8"
,4/23/2022,Gold Food,Берлин,Восток,Крупы,Перловка,"1,2",555,666
,4/23/2022,Organica,Берлин,Восток,Напитки,Черный чай,"0,99",302,"298,98"
,4/23/2022,Go Bio,Гамбург,Север,Крупы,Гречка,"1,4",209,"292,6"
,4/23/2022,foodbite,Мюнхен,Юг,Напитки,Зеленый чай,"0,95",358,"340,1"
,4/23/2022,Cooking Corner,Франкфурт,Запад,Сладости,Мармелад,"0,6",164,"98,4"
,4/23/2022,foodbite,Дрезден,Восток,Сладости,Зефир,"0,65",39,"25,35"
,4/23/2022,NutriFix,Дрезден,Восток,Сладости,Шоколад,"0,55",222,"122,1"
,4/24/2022,foodbite,Бремен,Север,Сладости,Шоколад,"0,55",149,"81,95"
,4/24/2022,Gold Food,Берлин,Восток,Сухофрукты,Сушеные яблоки,"1,09",226,"246,34"
,4/24/2022,Organica,Берлин,Восток,Консервы,Шпроты,"1,15",114,"131,1"
,4/24/2022,mymeal,Гамбург,Север,Сладости,Зефир,"0,65",140,91
,4/24/2022,mymeal,Гамбург,Север,Масла,Оливковое масло,"1,7",180,306
,4/24/2022,foodbite,Гамбург,Север,Напитки,Черный чай,"0,99",194,"192,06"
,4/24/2022,Organica,Гамбург,Север,Специи,Кориандр,"0,65",29,"18,85"
,4/24/2022,foodbite,Мюнхен,Юг,Сыры,Гауда,"1,59",511,"812,49"
,4/24/2022,foodbite,Мюнхен,Юг,Сладости,Зефир,"0,65",94,"61,1"
,4/24/2022,Gold Food,Мюнхен,Юг,Специи,Кориандр,"0,65",21,"13,65"
,4/24/2022,Go Bio,Кёльн,Запад,Сыры,Моцарелла,"0,59",116,"68,44"
,4/24/2022,Gold Food,Бремен,Север,Крупы,Гречка,"1,4",47,"65,8"
,4/24/2022,Gold Food,Бремен,Север,Сыры,Моцарелла,"0,59",100,59
,4/24/2022,foodbite,Дрезден,Восток,Напитки,Кофе,"5,5",77,"423,5"
,4/24/2022,Sweetables,Дрезден,Восток,Специи,Кориандр,"0,65",23,"14,95"
,4/24/2022,Sweetables,Дрезден,Восток,Консервы,Килька в томате,"0,89",68,"60,52"
,4/24/2022,Sweetables,Дрезден,Восток,Крупы,Рис,"0,96",267,"256,32"
,4/25/2022,foodbite,Бремен,Север,Специи,Черный перец,"0,59",56,"33,04"
,4/25/2022,foodbite,Бремен,Север,Консервы,Килька в томате,"0,89",54,"48,06"
,4/25/2022,mymeal,Гамбург,Север,Напитки,Зеленый чай,"0,95",698,"663,1"
,4/25/2022,Organica,Гамбург,Север,Сладости,Шоколад,"0,55",329,"180,95"
,4/25/2022,Organica,Гамбург,Север,Масла,Сливочное масло,"1,5",388,582
,4/25/2022,Go Bio,Кёльн,Запад,Сладости,Мармелад,"0,6",97,"58,2"
,4/25/2022,Go Bio,Кёльн,Запад,Напитки,Черный чай,"0,99",151,"149,49"
,4/25/2022,mymeal,Франкфурт,Запад,Сыры,Гауда,"1,59",476,"756,84"
,4/25/2022,Sweetables,Бремен,Север,Сладости,Мармелад,"0,6",72,"43,2"
,4/26/2022,Sweetables,Мюнхен,Юг,Напитки,Черный чай,"0,99",469,"464,31"
,4/26/2022,Sweetables,Мюнхен,Юг,Сыры,Моцарелла,"0,59",325,"191,75"
,4/26/2022,Cooking Corner,Кёльн,Запад,Сладости,Шоколад,"0,55",527,"289,85"
,4/26/2022,foodbite,Бремен,Север,Масла,Подсолнечное масло,"1,19",118,"140,42"
,4/27/2022,Organica,Франкфурт,Запад,Специи,Базилик,"0,7",35,"24,5"
,4/27/2022,Go Bio,Франкфурт,Запад,Сухофрукты,Сушеные яблоки,"1,09",36,"39,24"
,4/27/2022,foodbite,Бремен,Север,Напитки,Кофе,"5,5",71,"390,5"
,4/27/2022,Organica,Кёльн,Запад,Сухофрукты,Сушеные яблоки,"1,09",40,"43,6"
,4/27/2022,Go Bio,Франкфурт,Запад,Масла,Оливковое масло,"1,7",60,102
,4/28/2022,Organica,Франкфурт,Запад,Консервы,Шпроты,"1,15",69,"79,35"
,4/28/2022,Organica,Франкфурт,Запад,Специи,Кориандр,"0,65",16,"10,4"
,4/28/2022,NutriFix,Кёльн,Запад,Напитки,Кофе,"5,5",92,506
,4/28/2022,Organica,Кёльн,Запад,Специи,Кориандр,"0,65",13,"8,45"
,4/28/2022,Go Bio,Франкфурт,Запад,Напитки,Зеленый чай,"0,95",98,"93,1"
,4/29/2022,foodbite,Штутгарт,Юг,Специи,Черный перец,"0,59",180,"106,2"
,4/29/2022,foodbite,Штутгарт,Юг,Напитки,Кофе,"5,5",98,539
,4/29/2022,Gold Food,Кёльн,Запад,Крупы,Гречка,"1,4",91,"127,4"
,4/29/2022,Gold Food,Кёльн,Запад,Масла,Подсолнечное масло,"1,19",170,"202,3"
,4/29/2022,Organica,Кёльн,Запад,Сыры,Гауда,"1,59",286,"454,74"
,4/29/2022,Go Bio,Франкфурт,Запад,Консервы,Килька в томате,"0,89",74,"65,86"
,4/29/2022,foodbite,Штутгарт,Юг,Консервы,Говядина тушеная,"1,19",36,"42,84"
,4/29/2022,Sweetables,Штутгарт,Юг,Сладости,Мармелад,"0,6",108,"64,8"
,4/29/2022,foodbite,Дрезден,Восток,Напитки,Зеленый чай,"0,95",138,"131,1"
,4/29/2022,foodbite,Дрезден,Восток,Сыры,Филадельфия ,"0,89",59,"52,51"
,4/30/2022,foodbite,Штутгарт,Юг,Сухофрукты,Изюм,"0,99",123,"121,77"
,4/30/2022,Gold Food,Берлин,Восток,Напитки,Черный чай,"0,99",376,"372,24"
,4/30/2022,Sweetables,Кёльн,Запад,Сладости,Мармелад,"0,6",100,60
,4/30/2022,Gold Food,Кёльн,Запад,Напитки,Кофе,"5,5",96,528
,4/30/2022,foodbite,Штутгарт,Юг,Масла,Оливковое масло,"1,7",59,"100,3"
,4/30/2022,foodbite,Штутгарт,Юг,Сыры,Филадельфия ,"0,89",126,"112,14"
,4/30/2022,foodbite,Дрезден,Восток,Напитки,Черный чай,"0,99",229,"226,71"
,4/30/2022,Go Bio,Дрезден,Восток,Сыры,Моцарелла,"0,59",83,"48,97"
,5/1/2022,Organica,Штутгарт,Юг,Крупы,Гречка,"1,4",113,"158,2"
,5/1/2022,Organica,Штутгарт,Юг,Крупы,Перловка,"1,2",122,"146,4"
,5/1/2022,NutriFix,Берлин,Восток,Напитки,Черный чай,"0,99",809,"800,91"
,5/1/2022,Sweetables,Кёльн,Запад,Крупы,Перловка,"1,2",157,"188,4"
,5/1/2022,Sweetables,Кёльн,Запад,Сладости,Мармелад,"0,6",94,"56,4"
,5/1/2022,NutriFix,Франкфурт,Запад,Сухофрукты,Сушеные яблоки,"1,09",74,"80,66"
,5/2/2022,NutriFix,Берлин,Восток,Сыры,Моцарелла,"0,59",328,"193,52"
,5/2/2022,mymeal,Гамбург,Север,Консервы,Килька в томате,"0,89",234,"208,26"
,5/2/2022,foodbite,Гамбург,Север,Сухофрукты,Курага,"1,19",114,"135,66"
,5/2/2022,foodbite,Гамбург,Север,Специи,Кориандр,"0,65",37,"24,05"
,5/2/2022,NutriFix,Франкфурт,Запад,Консервы,Килька в томате,"0,89",59,"52,51"
,5/2/2022,NutriFix,Бремен,Север,Крупы,Перловка,"1,2",108,"129,6"
,5/2/2022,foodbite,Берлин,Восток,Масла,Сливочное масло,"1,5",876,1314
,5/3/2022,Go Bio,Штутгарт,Юг,Масла,Сливочное масло,"1,5",171,"256,5"
,5/3/2022,NutriFix,Франкфурт,Запад,Сыры,Филадельфия ,"0,89",103,"91,67"
,5/3/2022,mymeal,Бремен,Север,Сухофрукты,Изюм,"0,99",62,"61,38"
,5/3/2022,NutriFix,Бремен,Север,Сыры,Гауда,"1,59",103,"163,77"
,5/3/2022,Cooking Corner,Берлин,Восток,Сладости,Зефир,"0,65",286,"185,9"
,5/4/2022,NutriFix,Франкфурт,Запад,Крупы,Гречка,"1,4",111,"155,4"
,5/4/2022,NutriFix,Франкфурт,Запад,Консервы,Килька в томате,"0,89",69,"61,41"
,5/4/2022,mymeal,Бремен,Север,Сыры,Гауда,"1,59",244,"387,96"
,5/4/2022,mymeal,Бремен,Север,Крупы,Рис,"0,96",276,"264,96"
,5/4/2022,Cooking Corner,Берлин,Восток,Консервы,Килька в томате,"0,89",354,"315,06"
,5/4/2022,Sweetables,Берлин,Восток,Специи,Кориандр,"0,65",63,"40,95"
,5/4/2022,Sweetables,Берлин,Восток,Сухофрукты,Изюм,"0,99",348,"344,52"
,5/5/2022,NutriFix,Франкфурт,Запад,Крупы,Перловка,"1,2",122,"146,4"
,5/5/2022,foodbite,Мюнхен,Юг,Специи,Черный перец,"0,59",425,"250,75"
,5/5/2022,foodbite,Мюнхен,Юг,Крупы,Рис,"0,96",339,"325,44"
,5/5/2022,Gold Food,Мюнхен,Юг,Консервы,Килька в томате,"0,89",150,"133,5"
,5/5/2022,NutriFix,Берлин,Восток,Консервы,Килька в томате,"0,89",323,"287,47"
,5/5/2022,Organica,Берлин,Восток,Специи,Кориандр,"0,65",52,"33,8"
,5/5/2022,Go Bio,Берлин,Восток,Специи,Кориандр,"0,65",56,"36,4"
,5/6/2022,Organica,Франкфурт,Запад,Крупы,Рис,"0,96",215,"206,4"
,5/6/2022,Organica,Франкфурт,Запад,Напитки,Зеленый чай,"0,95",174,"165,3"
,5/6/2022,Cooking Corner,Мюнхен,Юг,Консервы,Шпроты,"1,15",110,"126,5"
,5/6/2022,Organica,Берлин,Восток,Сыры,Филадельфия ,"0,89",237,"210,93"
,5/6/2022,Organica,Берлин,Восток,Напитки,Кофе,"5,5",122,671
,5/7/2022,Sweetables,Франкфурт,Запад,Консервы,Говядина тушеная,"1,19",40,"47,6"
,5/7/2022,Go Bio,Франкфурт,Запад,Масла,Подсолнечное масло,"1,19",134,"159,46"
,5/7/2022,Cooking Corner,Штутгарт,Юг,Специи,Черный перец,"0,59",497,"293,23"
,5/7/2022,NutriFix,Гамбург,Север,Крупы,Гречка,"1,4",222,"310,8"
,5/7/2022,Go Bio,Гамбург,Север,Специи,Базилик,"0,7",80,56
,5/7/2022,Go Bio,Гамбург,Север,Масла,Оливковое масло,"1,7",96,"163,2"
,5/7/2022,Cooking Corner,Мюнхен,Юг,Сухофрукты,Изюм,"0,99",177,"175,23"
,5/7/2022,mymeal,Гамбург,Север,Специи,Базилик,"0,7",142,"99,4"
,5/7/2022,mymeal,Гамбург,Север,Крупы,Рис,"0,96",1008,"967,68"
,5/8/2022,Sweetables,Франкфурт,Запад,Крупы,Гречка,"1,4",122,"170,8"
,5/8/2022,Go Bio,Франкфурт,Запад,Сыры,Гауда,"1,59",251,"399,09"
,5/8/2022,mymeal,Штутгарт,Юг,Напитки,Зеленый чай,"0,95",303,"287,85"
,5/8/2022,Sweetables,Гамбург,Север,Сладости,Зефир,"0,65",74,"48,1"
,5/8/2022,Go Bio,Гамбург,Север,Специи,Кориандр,"0,65",36,"23,4"
,5/8/2022,mymeal,Гамбург,Север,Консервы,Килька в томате,"0,89",262,"233,18"
,5/9/2022,NutriFix,Гамбург,Север,Сладости,Мармелад,"0,6",119,"71,4"
,5/9/2022,NutriFix,Гамбург,Север,Сухофрукты,Изюм,"0,99",194,"192,06"
,5/9/2022,mymeal,Мюнхен,Юг,Сладости,Шоколад,"0,55",1079,"593,45"
,5/9/2022,foodbite,Бремен,Север,Масла,Оливковое масло,"1,7",33,"56,1"
,5/9/2022,NutriFix,Штутгарт,Юг,Сухофрукты,Сушеные яблоки,"1,09",66,"71,94"
,5/9/2022,NutriFix,Штутгарт,Юг,Консервы,Шпроты,"1,15",39,"44,85"
,5/9/2022,Cooking Corner,Франкфурт,Запад,Напитки,Черный чай,"0,99",159,"157,41"
,5/9/2022,foodbite,Франкфурт,Запад,Сухофрукты,Сушеные яблоки,"1,09",61,"66,49"
,5/9/2022,foodbite,Франкфурт,Запад,Масла,Оливковое масло,"1,7",52,"88,4"
,5/9/2022,Go Bio,Франкфурт,Запад,Крупы,Гречка,"1,4",77,"107,8"
,5/9/2022,Go Bio,Франкфурт,Запад,Напитки,Кофе,"5,5",69,"379,5"
,5/9/2022,Go Bio,Штутгарт,Юг,Сладости,Мармелад,"0,6",63,"37,8"
,5/9/2022,Sweetables,Гамбург,Север,Сухофрукты,Курага,"1,19",95,"113,05"
,5/10/2022,NutriFix,Гамбург,Север,Масла,Подсолнечное масло,"1,19",428,"509,32"
,5/10/2022,mymeal,Мюнхен,Юг,Консервы,Говядина тушеная,"1,19",130,"154,7"
,5/10/2022,Go Bio,Дрезден,Восток,Масла,Подсолнечное масло,"1,19",87,"103,53"
,5/10/2022,Cooking Corner,Берлин,Восток,Специи,Кориандр,"0,65",98,"63,7"
,5/10/2022,Cooking Corner,Берлин,Восток,Сыры,Гауда,"1,59",1313,"2087,67"
,5/10/2022,foodbite,Бремен,Север,Сладости,Шоколад,"0,55",113,"62,15"
,5/10/2022,foodbite,Бремен,Север,Крупы,Рис,"0,96",126,"120,96"
,5/10/2022,Sweetables,Бремен,Север,Сыры,Гауда,"1,59",183,"290,97"
,5/10/2022,Go Bio,Кёльн,Запад,Консервы,Шпроты,"1,15",31,"35,65"
,5/10/2022,Go Bio,Кёльн,Запад,Напитки,Зеленый чай,"0,95",195,"185,25"
,5/10/2022,Cooking Corner,Штутгарт,Юг,Консервы,Говядина тушеная,"1,19",71,"84,49"
,5/10/2022,Cooking Corner,Франкфурт,Запад,Сладости,Зефир,"0,65",56,"36,4"
,5/10/2022,foodbite,Франкфурт,Запад,Масла,Сливочное масло,"1,5",225,"337,5"
,5/10/2022,foodbite,Штутгарт,Юг,Крупы,Гречка,"1,4",143,"200,2"
,5/10/2022,Go Bio,Штутгарт,Юг,Масла,Сливочное масло,"1,5",206,309
,5/10/2022,Go Bio,Штутгарт,Юг,Сухофрукты,Курага,"1,19",44,"52,36"
,5/10/2022,Cooking Corner,Дрезден,Восток,Напитки,Черный чай,"0,99",360,"356,4"
,5/10/2022,mymeal,Гамбург,Север,Масла,Подсолнечное масло,"1,19",918,"1092,42"
,5/11/2022,mymeal,Мюнхен,Юг,Напитки,Зеленый чай,"0,95",754,"716,3"
,5/11/2022,Go Bio,Дрезден,Восток,Сухофрукты,Сушеные яблоки,"1,09",34,"37,06"
,5/11/2022,Go Bio,Дрезден,Восток,Сыры,Филадельфия ,"0,89",42,"37,38"
,5/11/2022,Sweetables,Бремен,Север,Специи,Базилик,"0,7",34,"23,8"
,5/11/2022,Sweetables,Бремен,Север,Масла,Сливочное масло,"1,5",97,"145,5"
,5/11/2022,Organica,Бремен,Север,Специи,Базилик,"0,7",15,"10,5"
,5/11/2022,Organica,Бремен,Север,Сыры,Гауда,"1,59",120,"190,8"
,5/11/2022,foodbite,Дрезден,Восток,Специи,Кориандр,"0,65",17,"11,05"
,5/11/2022,Cooking Corner,Штутгарт,Юг,Масла,Сливочное масло,"1,5",278,417
,5/11/2022,Cooking Corner,Штутгарт,Юг,Сладости,Зефир,"0,65",75,"48,75"
,5/11/2022,mymeal,Гамбург,Север,Специи,Базилик,"0,7",108,"75,6"
,5/11/2022,Sweetables,Франкфурт,Запад,Сладости,Зефир,"0,65",65,"42,25"
,5/11/2022,foodbite,Штутгарт,Юг,Масла,Сливочное масло,"1,5",309,"463,5"
,5/11/2022,foodbite,Штутгарт,Юг,Сухофрукты,Изюм,"0,99",77,"76,23"
,5/11/2022,Cooking Corner,Дрезден,Восток,Сухофрукты,Сушеные яблоки,"1,09",72,"78,48"
,5/11/2022,foodbite,Дрезден,Восток,Консервы,Килька в томате,"0,89",52,"46,28"
,5/11/2022,Sweetables,Дрезден,Восток,Сыры,Моцарелла,"0,59",118,"69,62"
,5/11/2022,mymeal,Гамбург,Север,Специи,Черный перец,"0,59",304,"179,36"
,5/11/2022,foodbite,Гамбург,Север,Консервы,Килька в томате,"0,89",168,"149,52"
,5/11/2022,Go Bio,Гамбург,Север,Напитки,Черный чай,"0,99",249,"246,51"
,5/11/2022,Go Bio,Гамбург,Север,Сыры,Моцарелла,"0,59",260,"153,4"
,5/12/2022,Gold Food,Дрезден,Восток,Сладости,Мармелад,"0,6",72,"43,2"
,5/12/2022,NutriFix,Дрезден,Восток,Напитки,Кофе,"5,5",31,"170,5"
,5/12/2022,Cooking Corner,Бремен,Север,Сладости,Зефир,"0,65",48,"31,2"
,5/12/2022,Organica,Бремен,Север,Специи,Базилик,"0,7",15,"10,5"
,5/12/2022,foodbite,Дрезден,Восток,Сладости,Шоколад,"0,55",211,"116,05"
,5/12/2022,Sweetables,Дрезден,Восток,Сладости,Зефир,"0,65",46,"29,9"
,5/12/2022,Organica,Дрезден,Восток,Сухофрукты,Сушеные яблоки,"1,09",31,"33,79"
,5/12/2022,Gold Food,Гамбург,Север,Специи,Кориандр,"0,65",30,"19,5"
,5/12/2022,NutriFix,Мюнхен,Юг,Сладости,Зефир,"0,65",61,"39,65"
,5/12/2022,NutriFix,Мюнхен,Юг,Сухофрукты,Изюм,"0,99",135,"133,65"
,5/12/2022,Cooking Corner,Кёльн,Запад,Сладости,Зефир,"0,65",80,52
,5/12/2022,Cooking Corner,Кёльн,Запад,Масла,Подсолнечное масло,"1,19",593,"705,67"
,5/12/2022,NutriFix,Кёльн,Запад,Масла,Сливочное масло,"1,5",188,282
,5/12/2022,Organica,Кёльн,Запад,Крупы,Гречка,"1,4",116,"162,4"
,5/12/2022,Go Bio,Кёльн,Запад,Масла,Подсолнечное масло,"1,19",224,"266,56"
,5/12/2022,Sweetables,Франкфурт,Запад,Сыры,Филадельфия ,"0,89",85,"75,65"
,5/12/2022,Organica,Штутгарт,Юг,Крупы,Перловка,"1,2",104,"124,8"
,5/12/2022,Organica,Штутгарт,Юг,Консервы,Говядина тушеная,"1,19",23,"27,37"
,5/12/2022,Cooking Corner,Бремен,Север,Сладости,Зефир,"0,65",36,"23,4"
,5/12/2022,foodbite,Дрезден,Восток,Сухофрукты,Сушеные яблоки,"1,09",40,"43,6"
,5/12/2022,Sweetables,Дрезден,Восток,Масла,Оливковое масло,"1,7",55,"93,5"
,5/12/2022,NutriFix,Дрезден,Восток,Крупы,Рис,"0,96",222,"213,12"
,5/12/2022,Go Bio,Дрезден,Восток,Крупы,Гречка,"1,4",59,"82,6"
,5/12/2022,foodbite,Берлин,Восток,Сладости,Шоколад,"0,55",1106,"608,3"
,5/12/2022,Go Bio,Гамбург,Север,Масла,Сливочное масло,"1,5",323,"484,5"
,5/13/2022,Sweetables,Мюнхен,Юг,Сладости,Шоколад,"0,55",624,"343,2"
,5/13/2022,NutriFix,Мюнхен,Юг,Сыры,Моцарелла,"0,59",239,"141,01"
,5/13/2022,Sweetables,Дрезден,Восток,Сыры,Моцарелла,"0,59",156,"92,04"
,5/13/2022,Gold Food,Дрезден,Восток,Сухофрукты,Сушеные яблоки,"1,09",33,"35,97"
,5/13/2022,mymeal,Берлин,Восток,Сухофрукты,Сушеные яблоки,"1,09",429,"467,61"
,5/13/2022,NutriFix,Берлин,Восток,Сухофрукты,Курага,"1,19",206,"245,14"
,5/13/2022,Cooking Corner,Бремен,Север,Сладости,Шоколад,"0,55",326,"179,3"
,5/13/2022,Organica,Дрезден,Восток,Масла,Подсолнечное масло,"1,19",118,"140,42"
,5/13/2022,Sweetables,Гамбург,Север,Сыры,Гауда,"1,59",576,"915,84"
,5/13/2022,Sweetables,Гамбург,Север,Консервы,Говядина тушеная,"1,19",99,"117,81"
,5/13/2022,Sweetables,Гамбург,Север,Консервы,Шпроты,"1,15",138,"158,7"
,5/13/2022,Gold Food,Гамбург,Север,Напитки,Кофе,"5,5",201,"1105,5"
,5/13/2022,NutriFix,Кёльн,Запад,Консервы,Говядина тушеная,"1,19",48,"57,12"
,5/13/2022,Organica,Кёльн,Запад,Напитки,Черный чай,"0,99",206,"203,94"
,5/13/2022,Go Bio,Дрезден,Восток,Напитки,Кофе,"5,5",34,187
,5/14/2022,Sweetables,Мюнхен,Юг,Специи,Черный перец,"0,59",177,"104,43"
,5/14/2022,NutriFix,Мюнхен,Юг,Сухофрукты,Сушеные яблоки,"1,09",109,"118,81"
,5/14/2022,Sweetables,Дрезден,Восток,Масла,Сливочное масло,"1,5",178,267
,5/14/2022,Gold Food,Берлин,Восток,Специи,Базилик,"0,7",143,"100,1"
,5/14/2022,NutriFix,Берлин,Восток,Крупы,Гречка,"1,4",307,"429,8"
,5/14/2022,Gold Food,Бремен,Север,Напитки,Кофе,"5,5",62,341
,5/14/2022,Organica,Штутгарт,Юг,Масла,Оливковое масло,"1,7",42,"71,4"
,5/14/2022,mymeal,Берлин,Восток,Крупы,Гречка,"1,4",764,"1069,6"
,5/14/2022,Sweetables,Берлин,Восток,Сладости,Зефир,"0,65",104,"67,6"
,5/14/2022,mymeal,Кёльн,Запад,Консервы,Шпроты,"1,15",172,"197,8"
,5/14/2022,Go Bio,Штутгарт,Юг,Специи,Базилик,"0,7",32,"22,4"
,5/14/2022,Sweetables,Кёльн,Запад,Масла,Подсолнечное масло,"1,19",254,"302,26"
,5/14/2022,Organica,Кёльн,Запад,Напитки,Черный чай,"0,99",230,"227,7"
,5/15/2022,Sweetables,Мюнхен,Юг,Масла,Оливковое масло,"1,7",104,"176,8"
,5/15/2022,Go Bio,Мюнхен,Юг,Крупы,Перловка,"1,2",221,"265,2"
,5/15/2022,Go Bio,Мюнхен,Юг,Масла,Подсолнечное масло,"1,19",275,"327,25"
,5/15/2022,Go Bio,Мюнхен,Юг,Напитки,Черный чай,"0,99",188,"186,12"
,5/15/2022,Gold Food,Берлин,Восток,Сыры,Гауда,"1,59",678,"1078,02"
,5/15/2022,NutriFix,Дрезден,Восток,Масла,Оливковое масло,"1,7",39,"66,3"
,5/15/2022,NutriFix,Берлин,Восток,Масла,Подсолнечное масло,"1,19",564,"671,16"
,5/15/2022,Organica,Бремен,Север,Сыры,Филадельфия ,"0,89",37,"32,93"
,5/15/2022,Organica,Бремен,Север,Напитки,Кофе,"5,5",16,88
,5/15/2022,Sweetables,Гамбург,Север,Масла,Сливочное масло,"1,5",478,717
,5/15/2022,Organica,Штутгарт,Юг,Сухофрукты,Курага,"1,19",48,"57,12"
,5/15/2022,mymeal,Берлин,Восток,Масла,Подсолнечное масло,"1,19",1463,"1740,97"
,5/15/2022,Sweetables,Берлин,Восток,Напитки,Кофе,"5,5",252,1386
,5/15/2022,Sweetables,Берлин,Восток,Масла,Оливковое масло,"1,7",152,"258,4"
,5/15/2022,mymeal,Кёльн,Запад,Сыры,Гауда,"1,59",589,"936,51"
,5/15/2022,foodbite,Штутгарт,Юг,Специи,Кориандр,"0,65",24,"15,6"
,5/15/2022,Organica,Штутгарт,Юг,Крупы,Рис,"0,96",140,"134,4"
,5/15/2022,Go Bio,Штутгарт,Юг,Сладости,Шоколад,"0,55",239,"131,45"
,5/15/2022,Go Bio,Штутгарт,Юг,Сыры,Гауда,"1,59",137,"217,83"
,5/15/2022,Sweetables,Кёльн,Запад,Масла,Оливковое масло,"1,7",75,"127,5"
,5/15/2022,Sweetables,Кёльн,Запад,Консервы,Килька в томате,"0,89",91,"80,99"
,5/15/2022,mymeal,Мюнхен,Юг,Сладости,Зефир,"0,65",150,"97,5"
,5/16/2022,Organica,Бремен,Север,Консервы,Килька в томате,"0,89",41,"36,49"
,5/16/2022,NutriFix,Дрезден,Восток,Сухофрукты,Курага,"1,19",48,"57,12"
,5/16/2022,mymeal,Бремен,Север,Специи,Кориандр,"0,65",21,"13,65"
,5/16/2022,mymeal,Бремен,Север,Консервы,Говядина тушеная,"1,19",53,"63,07"
,5/16/2022,Organica,Бремен,Север,Масла,Подсолнечное масло,"1,19",121,"143,99"
,5/16/2022,Sweetables,Гамбург,Север,Специи,Кориандр,"0,65",37,"24,05"
,5/16/2022,Gold Food,Гамбург,Север,Масла,Подсолнечное масло,"1,19",463,"550,97"
,5/16/2022,Sweetables,Кёльн,Запад,Сыры,Моцарелла,"0,59",173,"102,07"
,5/16/2022,mymeal,Кёльн,Запад,Крупы,Рис,"0,96",656,"629,76"
,5/16/2022,NutriFix,Франкфурт,Запад,Сладости,Зефир,"0,65",33,"21,45"
,5/16/2022,foodbite,Штутгарт,Юг,Крупы,Перловка,"1,2",177,"212,4"
,5/16/2022,Organica,Штутгарт,Юг,Сладости,Шоколад,"0,55",192,"105,6"
,5/16/2022,Organica,Штутгарт,Юг,Сухофрукты,Курага,"1,19",68,"80,92"
,5/16/2022,mymeal,Бремен,Север,Напитки,Зеленый чай,"0,95",206,"195,7"
,5/17/2022,Sweetables,Кёльн,Запад,Напитки,Кофе,"5,5",112,616
,5/17/2022,Cooking Corner,Франкфурт,Запад,Консервы,Говядина тушеная,"1,19",38,"45,22"
,5/17/2022,Organica,Бремен,Север,Напитки,Кофе,"5,5",43,"236,5"
,5/17/2022,foodbite,Дрезден,Восток,Специи,Черный перец,"0,59",112,"66,08"
,5/17/2022,foodbite,Берлин,Восток,Специи,Базилик,"0,7",186,"130,2"
,5/17/2022,Gold Food,Гамбург,Север,Сыры,Филадельфия ,"0,89",166,"147,74"
,5/17/2022,Cooking Corner,Мюнхен,Юг,Сладости,Мармелад,"0,6",187,"112,2"
,5/17/2022,Gold Food,Гамбург,Север,Сладости,Шоколад,"0,55",366,"201,3"
,5/17/2022,NutriFix,Гамбург,Север,Специи,Базилик,"0,7",72,"50,4"
,5/17/2022,mymeal,Кёльн,Запад,Напитки,Черный чай,"0,99",570,"564,3"
,5/17/2022,foodbite,Кёльн,Запад,Сладости,Зефир,"0,65",36,"23,4"
,5/17/2022,foodbite,Кёльн,Запад,Напитки,Черный чай,"0,99",302,"298,98"
,5/17/2022,NutriFix,Штутгарт,Юг,Масла,Сливочное масло,"1,5",266,399
,5/17/2022,mymeal,Бремен,Север,Масла,Сливочное масло,"1,5",217,"325,5"
,5/17/2022,NutriFix,Франкфурт,Запад,Сыры,Моцарелла,"0,59",195,"115,05"
,5/17/2022,NutriFix,Франкфурт,Запад,Консервы,Говядина тушеная,"1,19",20,"23,8"
,5/17/2022,Cooking Corner,Штутгарт,Юг,Сыры,Моцарелла,"0,59",231,"136,29"
,5/17/2022,Cooking Corner,Штутгарт,Юг,Специи,Черный перец,"0,59",501,"295,59"
,5/17/2022,foodbite,Штутгарт,Юг,Сыры,Моцарелла,"0,59",243,"143,37"
,5/17/2022,Gold Food,Штутгарт,Юг,Сыры,Гауда,"1,59",237,"376,83"
,5/17/2022,NutriFix,Берлин,Восток,Сладости,Зефир,"0,65",135,"87,75"
,5/18/2022,mymeal,Кёльн,Запад,Напитки,Черный чай,"0,99",322,"318,78"
,5/18/2022,Sweetables,Кёльн,Запад,Сладости,Шоколад,"0,55",370,"203,5"
,5/18/2022,Cooking Corner,Франкфурт,Запад,Сладости,Мармелад,"0,6",179,"107,4"
,5/18/2022,Cooking Corner,Франкфурт,Запад,Масла,Оливковое масло,"1,7",163,"277,1"
,5/18/2022,Gold Food,Франкфурт,Запад,Специи,Кориандр,"0,65",18,"11,7"
,5/18/2022,Go Bio,Бремен,Север,Специи,Черный перец,"0,59",113,"66,67"
,5/18/2022,Sweetables,Гамбург,Север,Масла,Сливочное масло,"1,5",380,570
,5/18/2022,Gold Food,Гамбург,Север,Сладости,Шоколад,"0,55",349,"191,95"
,5/18/2022,Organica,Мюнхен,Юг,Напитки,Черный чай,"0,99",331,"327,69"
,5/18/2022,Go Bio,Бремен,Север,Консервы,Шпроты,"1,15",24,"27,6"
,5/18/2022,Go Bio,Бремен,Север,Напитки,Черный чай,"0,99",94,"93,06"
,5/18/2022,foodbite,Гамбург,Север,Сладости,Мармелад,"0,6",220,132
,5/18/2022,Cooking Corner,Мюнхен,Юг,Крупы,Рис,"0,96",560,"537,6"
,5/18/2022,mymeal,Кёльн,Запад,Сыры,Филадельфия ,"0,89",197,"175,33"
,5/18/2022,foodbite,Франкфурт,Запад,Напитки,Кофе,"5,5",108,594
,5/18/2022,NutriFix,Штутгарт,Юг,Масла,Оливковое масло,"1,7",69,"117,3"
,5/18/2022,NutriFix,Штутгарт,Юг,Специи,Базилик,"0,7",32,"22,4"
,5/18/2022,NutriFix,Берлин,Восток,Напитки,Кофе,"5,5",140,770
,5/18/2022,Cooking Corner,Кёльн,Запад,Крупы,Рис,"0,96",453,"434,88"
,5/18/2022,Gold Food,Штутгарт,Юг,Сыры,Филадельфия ,"0,89",92,"81,88"
,5/18/2022,Gold Food,Штутгарт,Юг,Напитки,Зеленый чай,"0,95",138,"131,1"
,5/18/2022,foodbite,Бремен,Север,Масла,Подсолнечное масло,"1,19",93,"110,67"
,5/18/2022,NutriFix,Берлин,Восток,Сладости,Мармелад,"0,6",206,"123,6"
,5/19/2022,mymeal,Кёльн,Запад,Напитки,Черный чай,"0,99",127,"125,73"
,5/19/2022,Gold Food,Франкфурт,Запад,Крупы,Гречка,"1,4",118,"165,2"
,5/19/2022,NutriFix,Бремен,Север,Крупы,Гречка,"1,4",63,"88,2"
,5/19/2022,Go Bio,Бремен,Север,Консервы,Шпроты,"1,15",22,"25,3"
,5/19/2022,mymeal,Гамбург,Север,Напитки,Зеленый чай,"0,95",328,"311,6"
,5/19/2022,mymeal,Гамбург,Север,Сыры,Филадельфия ,"0,89",230,"204,7"
,5/19/2022,mymeal,Гамбург,Север,Сыры,Филадельфия ,"0,89",228,"202,92"
,5/19/2022,Organica,Мюнхен,Юг,Масла,Оливковое масло,"1,7",84,"142,8"
,5/19/2022,Organica,Мюнхен,Юг,Масла,Подсолнечное масло,"1,19",309,"367,71"
,5/19/2022,foodbite,Кёльн,Запад,Сыры,Моцарелла,"0,59",149,"87,91"
,5/19/2022,Sweetables,Франкфурт,Запад,Сладости,Мармелад,"0,6",105,63
,5/19/2022,foodbite,Гамбург,Север,Сыры,Гауда,"1,59",613,"974,67"
,5/19/2022,Cooking Corner,Мюнхен,Юг,Специи,Черный перец,"0,59",368,"217,12"
,5/19/2022,Go Bio,Мюнхен,Юг,Сухофрукты,Изюм,"0,99",114,"112,86"
,5/19/2022,Go Bio,Мюнхен,Юг,Сухофрукты,Курага,"1,19",84,"99,96"
,5/19/2022,mymeal,Франкфурт,Запад,Напитки,Черный чай,"0,99",225,"222,75"
,5/19/2022,NutriFix,Берлин,Восток,Консервы,Килька в томате,"0,89",271,"241,19"
,5/19/2022,Sweetables,Мюнхен,Юг,Масла,Подсолнечное масло,"1,19",455,"541,45"
,5/19/2022,Sweetables,Мюнхен,Юг,Сладости,Шоколад,"0,55",377,"207,35"
,5/19/2022,Gold Food,Мюнхен,Юг,Масла,Подсолнечное масло,"1,19",347,"412,93"
,5/19/2022,Cooking Corner,Кёльн,Запад,Напитки,Кофе,"5,5",78,429
,5/19/2022,Gold Food,Бремен,Север,Масла,Подсолнечное масло,"1,19",79,"94,01"
,5/19/2022,Gold Food,Бремен,Север,Сухофрукты,Сушеные яблоки,"1,09",38,"41,42"
,5/19/2022,Gold Food,Бремен,Север,Консервы,Килька в томате,"0,89",36,"32,04"
,5/19/2022,NutriFix,Бремен,Север,Сладости,Зефир,"0,65",24,"15,6"
,5/19/2022,NutriFix,Бремен,Север,Сухофрукты,Сушеные яблоки,"1,09",34,"37,06"
,5/19/2022,NutriFix,Бремен,Север,Консервы,Килька в томате,"0,89",48,"42,72"
,5/19/2022,foodbite,Бремен,Север,Крупы,Рис,"0,96",157,"150,72"
,5/19/2022,foodbite,Бремен,Север,Крупы,Гречка,"1,4",85,119
,5/20/2022,NutriFix,Кёльн,Запад,Специи,Базилик,"0,7",60,42
,5/20/2022,NutriFix,Бремен,Север,Масла,Сливочное масло,"1,5",108,162
,5/20/2022,Cooking Corner,Франкфурт,Запад,Масла,Сливочное масло,"1,5",290,435
,5/20/2022,Sweetables,Франкфурт,Запад,Напитки,Зеленый чай,"0,95",298,"283,1"
,5/20/2022,Sweetables,Франкфурт,Запад,Сухофрукты,Курага,"1,19",72,"85,68"
,5/20/2022,Go Bio,Франкфурт,Запад,Сладости,Мармелад,"0,6",90,54
,5/20/2022,Go Bio,Штутгарт,Юг,Масла,Оливковое масло,"1,7",48,"81,6"
,5/20/2022,Sweetables,Мюнхен,Юг,Масла,Сливочное масло,"1,5",455,"682,5"
,5/20/2022,Go Bio,Мюнхен,Юг,Консервы,Говядина тушеная,"1,19",40,"47,6"
,5/20/2022,Sweetables,Франкфурт,Запад,Сладости,Зефир,"0,65",46,"29,9"
,5/20/2022,foodbite,Штутгарт,Юг,Сладости,Мармелад,"0,6",108,"64,8"
,5/20/2022,NutriFix,Берлин,Восток,Напитки,Зеленый чай,"0,95",616,"585,2"
,5/20/2022,Sweetables,Мюнхен,Юг,Напитки,Черный чай,"0,99",407,"402,93"
,5/20/2022,Cooking Corner,Кёльн,Запад,Сыры,Гауда,"1,59",704,"1119,36"
,5/21/2022,NutriFix,Кёльн,Запад,Сыры,Гауда,"1,59",216,"343,44"
,5/21/2022,NutriFix,Кёльн,Запад,Сухофрукты,Сушеные яблоки,"1,09",74,"80,66"
,5/21/2022,Sweetables,Бремен,Север,Масла,Оливковое масло,"1,7",45,"76,5"
,5/21/2022,Organica,Мюнхен,Юг,Масла,Подсолнечное масло,"1,19",263,"312,97"
,5/21/2022,Cooking Corner,Дрезден,Восток,Масла,Оливковое масло,"1,7",120,204
,5/21/2022,Cooking Corner,Дрезден,Восток,Сыры,Филадельфия ,"0,89",127,"113,03"
,5/21/2022,Go Bio,Мюнхен,Юг,Сыры,Гауда,"1,59",213,"338,67"
,5/21/2022,Go Bio,Мюнхен,Юг,Масла,Сливочное масло,"1,5",205,"307,5"
,5/21/2022,Go Bio,Мюнхен,Юг,Консервы,Килька в томате,"0,89",97,"86,33"
,5/21/2022,Organica,Кёльн,Запад,Крупы,Перловка,"1,2",129,"154,8"
,5/21/2022,Cooking Corner,Гамбург,Север,Напитки,Черный чай,"0,99",376,"372,24"
,5/21/2022,NutriFix,Мюнхен,Юг,Сладости,Зефир,"0,65",60,39
,5/21/2022,Sweetables,Штутгарт,Юг,Сухофрукты,Курага,"1,19",62,"73,78"
,5/21/2022,Organica,Мюнхен,Юг,Сыры,Моцарелла,"0,59",150,"88,5"
,5/21/2022,Go Bio,Бремен,Север,Консервы,Говядина тушеная,"1,19",26,"30,94"
,5/21/2022,Organica,Бремен,Север,Консервы,Килька в томате,"0,89",49,"43,61"
,5/22/2022,Sweetables,Бремен,Север,Крупы,Перловка,"1,2",132,"158,4"
,5/22/2022,Sweetables,Бремен,Север,Специи,Базилик,"0,7",31,"21,7"
,5/22/2022,Gold Food,Бремен,Север,Специи,Черный перец,"0,59",101,"59,59"
,5/22/2022,Gold Food,Бремен,Север,Сухофрукты,Курага,"1,19",46,"54,74"
,5/22/2022,Organica,Мюнхен,Юг,Сухофрукты,Сушеные яблоки,"1,09",87,"94,83"
,5/22/2022,Organica,Мюнхен,Юг,Сладости,Шоколад,"0,55",313,"172,15"
,5/22/2022,Organica,Кёльн,Запад,Консервы,Килька в томате,"0,89",97,"86,33"
,5/22/2022,Cooking Corner,Гамбург,Север,Напитки,Кофе,"5,5",278,1529
,5/22/2022,NutriFix,Мюнхен,Юг,Крупы,Перловка,"1,2",312,"374,4"
,5/22/2022,Gold Food,Франкфурт,Запад,Специи,Кориандр,"0,65",26,"16,9"
,5/22/2022,Gold Food,Франкфурт,Запад,Крупы,Гречка,"1,4",87,"121,8"
,5/22/2022,Sweetables,Гамбург,Север,Специи,Базилик,"0,7",92,"64,4"
,5/22/2022,Cooking Corner,Мюнхен,Юг,Специи,Кориандр,"0,65",75,"48,75"
,5/22/2022,Organica,Мюнхен,Юг,Консервы,Шпроты,"1,15",80,92
,5/22/2022,Organica,Бремен,Север,Сладости,Мармелад,"0,6",41,"24,6"
,5/22/2022,mymeal,Берлин,Восток,Специи,Кориандр,"0,65",134,"87,1"
,5/23/2022,Gold Food,Бремен,Север,Крупы,Гречка,"1,4",50,70
,5/23/2022,NutriFix,Бремен,Север,Сыры,Гауда,"1,59",142,"225,78"
,5/23/2022,Go Bio,Бремен,Север,Напитки,Зеленый чай,"0,95",38,"36,1"
,5/23/2022,Go Bio,Бремен,Север,Сыры,Моцарелла,"0,59",100,59
,5/23/2022,foodbite,Дрезден,Восток,Сухофрукты,Курага,"1,19",55,"65,45"
,5/23/2022,Gold Food,Берлин,Восток,Сухофрукты,Изюм,"0,99",300,297
,5/23/2022,Organica,Берлин,Восток,Масла,Оливковое масло,"1,7",119,"202,3"
,5/23/2022,Gold Food,Гамбург,Север,Сыры,Филадельфия ,"0,89",207,"184,23"
,5/23/2022,NutriFix,Гамбург,Север,Сухофрукты,Курага,"1,19",82,"97,58"
,5/23/2022,Cooking Corner,Мюнхен,Юг,Сухофрукты,Курага,"1,19",157,"186,83"
,5/23/2022,Organica,Бремен,Север,Масла,Подсолнечное масло,"1,19",104,"123,76"
,5/23/2022,Sweetables,Кёльн,Запад,Напитки,Черный чай,"0,99",333,"329,67"
,5/24/2022,NutriFix,Штутгарт,Юг,Консервы,Килька в томате,"0,89",99,"88,11"
,5/24/2022,Go Bio,Штутгарт,Юг,Сыры,Моцарелла,"0,59",141,"83,19"
,5/24/2022,NutriFix,Бремен,Север,Сладости,Мармелад,"0,6",56,"33,6"
,5/24/2022,NutriFix,Бремен,Север,Напитки,Кофе,"5,5",28,154
,5/24/2022,Organica,Бремен,Север,Сладости,Зефир,"0,65",24,"15,6"
,5/24/2022,mymeal,Берлин,Восток,Сухофрукты,Сушеные яблоки,"1,09",435,"474,15"
,5/24/2022,Organica,Берлин,Восток,Масла,Сливочное масло,"1,5",347,"520,5"
,5/24/2022,Organica,Берлин,Восток,Крупы,Гречка,"1,4",310,434
,5/24/2022,Go Bio,Берлин,Восток,Масла,Подсолнечное масло,"1,19",597,"710,43"
,5/24/2022,Go Bio,Берлин,Восток,Крупы,Гречка,"1,4",212,"296,8"
,5/24/2022,Go Bio,Берлин,Восток,Специи,Черный перец,"0,59",327,"192,93"
,5/24/2022,NutriFix,Гамбург,Север,Сладости,Зефир,"0,65",96,"62,4"
,5/24/2022,NutriFix,Гамбург,Север,Консервы,Килька в томате,"0,89",130,"115,7"
,5/24/2022,Cooking Corner,Дрезден,Восток,Напитки,Зеленый чай,"0,95",285,"270,75"
,5/24/2022,mymeal,Кёльн,Запад,Сухофрукты,Сушеные яблоки,"1,09",127,"138,43"
,5/24/2022,foodbite,Кёльн,Запад,Напитки,Кофе,"5,5",96,528
,5/25/2022,Sweetables,Штутгарт,Юг,Специи,Черный перец,"0,59",81,"47,79"
,5/25/2022,NutriFix,Штутгарт,Юг,Специи,Черный перец,"0,59",212,"125,08"
,5/25/2022,NutriFix,Штутгарт,Юг,Сыры,Моцарелла,"0,59",177,"104,43"
,5/25/2022,Go Bio,Штутгарт,Юг,Сладости,Зефир,"0,65",38,"24,7"
,5/25/2022,Organica,Бремен,Север,Сладости,Шоколад,"0,55",169,"92,95"
,5/25/2022,Organica,Бремен,Север,Сухофрукты,Изюм,"0,99",39,"38,61"
,5/25/2022,Go Bio,Дрезден,Восток,Сухофрукты,Изюм,"0,99",46,"45,54"
,5/25/2022,Go Bio,Дрезден,Восток,Сладости,Мармелад,"0,6",35,21
,5/25/2022,Sweetables,Берлин,Восток,Сладости,Зефир,"0,65",127,"82,55"
,5/25/2022,Go Bio,Гамбург,Север,Напитки,Зеленый чай,"0,95",287,"272,65"
,5/25/2022,mymeal,Дрезден,Восток,Крупы,Рис,"0,96",338,"324,48"
,5/25/2022,Go Bio,Бремен,Север,Сухофрукты,Курага,"1,19",21,"24,99"
,5/25/2022,Cooking Corner,Дрезден,Восток,Консервы,Шпроты,"1,15",42,"48,3"
,5/25/2022,NutriFix,Дрезден,Восток,Крупы,Рис,"0,96",199,"191,04"
,5/25/2022,foodbite,Кёльн,Запад,Крупы,Гречка,"1,4",138,"193,2"
,5/25/2022,foodbite,Кёльн,Запад,Сыры,Моцарелла,"0,59",201,"118,59"
,5/25/2022,Cooking Corner,Франкфурт,Запад,Сухофрукты,Курага,"1,19",129,"153,51"
,5/26/2022,Sweetables,Штутгарт,Юг,Консервы,Говядина тушеная,"1,19",32,"38,08"
,5/26/2022,Organica,Мюнхен,Юг,Консервы,Говядина тушеная,"1,19",21,"24,99"
,5/26/2022,Organica,Штутгарт,Юг,Крупы,Гречка,"1,4",110,154
,5/26/2022,Organica,Штутгарт,Юг,Консервы,Килька в томате,"0,89",56,"49,84"
,5/26/2022,Sweetables,Бремен,Север,Крупы,Рис,"0,96",199,"191,04"
,5/26/2022,Sweetables,Бремен,Север,Напитки,Кофе,"5,5",34,187
,5/26/2022,Organica,Дрезден,Восток,Сладости,Мармелад,"0,6",64,"38,4"
,5/26/2022,Cooking Corner,Берлин,Восток,Масла,Оливковое масло,"1,7",357,"606,9"
,5/26/2022,Cooking Corner,Берлин,Восток,Сладости,Мармелад,"0,6",357,"214,2"
,5/26/2022,Sweetables,Берлин,Восток,Напитки,Зеленый чай,"0,95",859,"816,05"
,5/26/2022,Go Bio,Гамбург,Север,Сладости,Зефир,"0,65",69,"44,85"
,5/26/2022,mymeal,Дрезден,Восток,Консервы,Говядина тушеная,"1,19",35,"41,65"
,5/26/2022,Go Bio,Бремен,Север,Крупы,Рис,"0,96",95,"91,2"
,5/26/2022,Go Bio,Бремен,Север,Специи,Кориандр,"0,65",13,"8,45"
,5/26/2022,Cooking Corner,Дрезден,Восток,Масла,Подсолнечное масло,"1,19",316,"376,04"
,5/26/2022,Organica,Кёльн,Запад,Консервы,Шпроты,"1,15",54,"62,1"
,5/26/2022,Sweetables,Франкфурт,Запад,Крупы,Гречка,"1,4",140,196
,5/27/2022,Sweetables,Штутгарт,Юг,Специи,Черный перец,"0,59",216,"127,44"
,5/27/2022,Organica,Мюнхен,Юг,Консервы,Шпроты,"1,15",82,"94,3"
,5/27/2022,Organica,Мюнхен,Юг,Масла,Сливочное масло,"1,5",247,"370,5"
,5/27/2022,NutriFix,Штутгарт,Юг,Консервы,Говядина тушеная,"1,19",30,"35,7"
,5/27/2022,NutriFix,Штутгарт,Юг,Сладости,Зефир,"0,65",39,"25,35"
,5/27/2022,Organica,Штутгарт,Юг,Сухофрукты,Изюм,"0,99",54,"53,46"
,5/27/2022,Go Bio,Бремен,Север,Специи,Черный перец,"0,59",34,"20,06"
,5/27/2022,Cooking Corner,Берлин,Восток,Сухофрукты,Сушеные яблоки,"1,09",389,"424,01"
,5/27/2022,Go Bio,Гамбург,Север,Масла,Сливочное масло,"1,5",230,345
,5/27/2022,Sweetables,Франкфурт,Запад,Напитки,Кофе,"5,5",48,264
,5/27/2022,Sweetables,Франкфурт,Запад,Сладости,Зефир,"0,65",38,"24,7"
,5/27/2022,NutriFix,Франкфурт,Запад,Напитки,Черный чай,"0,99",65,"64,35"
,5/28/2022,NutriFix,Штутгарт,Юг,Специи,Базилик,"0,7",44,"30,8"
,5/28/2022,Go Bio,Бремен,Север,Напитки,Зеленый чай,"0,95",53,"50,35"
,5/28/2022,NutriFix,Кёльн,Запад,Масла,Сливочное масло,"1,5",198,297
,5/28/2022,Cooking Corner,Штутгарт,Юг,Консервы,Килька в томате,"0,89",116,"103,24"
,5/28/2022,foodbite,Штутгарт,Юг,Консервы,Шпроты,"1,15",83,"95,45"
,5/28/2022,mymeal,Бремен,Север,Масла,Подсолнечное масло,"1,19",212,"252,28"
,5/28/2022,mymeal,Бремен,Север,Сладости,Мармелад,"0,6",94,"56,4"
,5/29/2022,Cooking Corner,Кёльн,Запад,Напитки,Кофе,"5,5",70,385
,5/29/2022,Cooking Corner,Кёльн,Запад,Сладости,Шоколад,"0,55",426,"234,3"
,5/29/2022,foodbite,Кёльн,Запад,Сыры,Гауда,"1,59",290,"461,1"
,5/29/2022,Gold Food,Штутгарт,Юг,Крупы,Рис,"0,96",243,"233,28"
,5/29/2022,Gold Food,Штутгарт,Юг,Специи,Черный перец,"0,59",210,"123,9"
,5/29/2022,NutriFix,Кёльн,Запад,Сухофрукты,Изюм,"0,99",111,"109,89"
,5/29/2022,NutriFix,Кёльн,Запад,Сыры,Моцарелла,"0,59",203,"119,77"
,5/29/2022,Cooking Corner,Штутгарт,Юг,Сыры,Моцарелла,"0,59",222,"130,98"
,5/29/2022,foodbite,Штутгарт,Юг,Сухофрукты,Сушеные яблоки,"1,09",71,"77,39"
,5/29/2022,mymeal,Бремен,Север,Сухофрукты,Изюм,"0,99",73,"72,27"
,5/29/2022,mymeal,Дрезден,Восток,Напитки,Кофе,"5,5",127,"698,5"
,5/29/2022,Go Bio,Дрезден,Восток,Сладости,Зефир,"0,65",26,"16,9"
,5/30/2022,Cooking Corner,Кёльн,Запад,Крупы,Гречка,"1,4",270,378
,5/30/2022,foodbite,Кёльн,Запад,Напитки,Кофе,"5,5",105,"577,5"
,5/30/2022,Go Bio,Франкфурт,Запад,Напитки,Зеленый чай,"0,95",113,"107,35"
,5/30/2022,Gold Food,Штутгарт,Юг,Крупы,Гречка,"1,4",84,"117,6"
,5/30/2022,NutriFix,Берлин,Восток,Сухофрукты,Сушеные яблоки,"1,09",192,"209,28"
,5/30/2022,Gold Food,Бремен,Север,Напитки,Кофе,"5,5",56,308
,5/30/2022,Sweetables,Мюнхен,Юг,Сыры,Гауда,"1,59",387,"615,33"
,5/30/2022,Cooking Corner,Бремен,Север,Сыры,Гауда,"1,59",294,"467,46"
,5/30/2022,mymeal,Дрезден,Восток,Сыры,Филадельфия ,"0,89",125,"111,25"
,5/30/2022,foodbite,Дрезден,Восток,Сыры,Моцарелла,"0,59",186,"109,74"
,5/30/2022,Gold Food,Гамбург,Север,Консервы,Говядина тушеная,"1,19",32,"38,08"
,5/31/2022,foodbite,Кёльн,Запад,Напитки,Зеленый чай,"0,95",119,"113,05"
,5/31/2022,Go Bio,Франкфурт,Запад,Крупы,Рис,"0,96",233,"223,68"
,5/31/2022,NutriFix,Берлин,Восток,Сухофрукты,Курага,"1,19",132,"157,08"
,5/31/2022,Sweetables,Мюнхен,Юг,Сладости,Мармелад,"0,6",98,"58,8"
,5/31/2022,NutriFix,Мюнхен,Юг,Крупы,Перловка,"1,2",171,"205,2"
,5/31/2022,Organica,Мюнхен,Юг,Сухофрукты,Изюм,"0,99",86,"85,14"
,5/31/2022,Cooking Corner,Бремен,Север,Крупы,Рис,"0,96",228,"218,88"
,5/31/2022,foodbite,Дрезден,Восток,Сухофрукты,Изюм,"0,99",72,"71,28"
,5/31/2022,Cooking Corner,Берлин,Восток,Специи,Черный перец,"0,59",859,"506,81"
,5/31/2022,Cooking Corner,Берлин,Восток,Напитки,Черный чай,"0,99",700,693
,5/31/2022,mymeal,Берлин,Восток,Напитки,Зеленый чай,"0,95",805,"764,75"
,5/31/2022,mymeal,Берлин,Восток,Напитки,Черный чай,"0,99",373,"369,27"
,5/31/2022,Cooking Corner,Гамбург,Север,Сухофрукты,Сушеные яблоки,"1,09",263,"286,67"
,5/31/2022,Sweetables,Гамбург,Север,Консервы,Килька в томате,"0,89",143,"127,27"
,5/31/2022,Gold Food,Гамбург,Север,Сладости,Зефир,"0,65",93,"60,45"
,5/31/2022,Gold Food,Гамбург,Север,Крупы,Рис,"0,96",576,"552,96"
,6/1/2022,foodbite,Кёльн,Запад,Масла,Сливочное масло,"1,5",336,504
,6/1/2022,Gold Food,Кёльн,Запад,Сухофрукты,Изюм,"0,99",95,"94,05"
,6/1/2022,Cooking Corner,Дрезден,Восток,Специи,Базилик,"0,7",48,"33,6"
,6/1/2022,foodbite,Мюнхен,Юг,Сухофрукты,Сушеные яблоки,"1,09",141,"153,69"
,6/1/2022,foodbite,Гамбург,Север,Консервы,Говядина тушеная,"1,19",111,"132,09"
,6/1/2022,Go Bio,Гамбург,Север,Крупы,Перловка,"1,2",197,"236,4"
,6/1/2022,NutriFix,Франкфурт,Запад,Специи,Кориандр,"0,65",23,"14,95"
,6/1/2022,NutriFix,Дрезден,Восток,Специи,Черный перец,"0,59",178,"105,02"
,6/1/2022,NutriFix,Дрезден,Восток,Сухофрукты,Курага,"1,19",38,"45,22"
,6/1/2022,foodbite,Берлин,Восток,Масла,Оливковое масло,"1,7",256,"435,2"
,6/1/2022,Organica,Мюнхен,Юг,Специи,Черный перец,"0,59",74,"43,66"
,6/1/2022,Organica,Мюнхен,Юг,Напитки,Черный чай,"0,99",74,"73,26"
,6/1/2022,Sweetables,Кёльн,Запад,Сухофрукты,Изюм,"0,99",96,"95,04"
,6/1/2022,Sweetables,Кёльн,Запад,Масла,Оливковое масло,"1,7",75,"127,5"
,6/1/2022,Cooking Corner,Бремен,Север,Консервы,Шпроты,"1,15",39,"44,85"
,6/1/2022,Sweetables,Дрезден,Восток,Напитки,Черный чай,"0,99",174,"172,26"
,6/1/2022,Gold Food,Дрезден,Восток,Сыры,Моцарелла,"0,59",100,59
,6/1/2022,Cooking Corner,Берлин,Восток,Сладости,Шоколад,"0,55",1050,"577,5"
,6/1/2022,Cooking Corner,Гамбург,Север,Сыры,Моцарелла,"0,59",629,"371,11"
,6/1/2022,Cooking Corner,Мюнхен,Юг,Сладости,Шоколад,"0,55",1144,"629,2"
,6/1/2022,Cooking Corner,Мюнхен,Юг,Сладости,Шоколад,"0,55",959,"527,45"
,6/2/2022,Gold Food,Кёльн,Запад,Специи,Базилик,"0,7",33,"23,1"
,6/2/2022,foodbite,Дрезден,Восток,Крупы,Гречка,"1,4",103,"144,2"
,6/2/2022,foodbite,Мюнхен,Юг,Сухофрукты,Сушеные яблоки,"1,09",137,"149,33"
,6/2/2022,Cooking Corner,Штутгарт,Юг,Сухофрукты,Изюм,"0,99",176,"174,24"
,6/2/2022,foodbite,Штутгарт,Юг,Сладости,Шоколад,"0,55",317,"174,35"
,6/2/2022,foodbite,Штутгарт,Юг,Напитки,Кофе,"5,5",87,"478,5"
,6/2/2022,foodbite,Штутгарт,Юг,Консервы,Говядина тушеная,"1,19",20,"23,8"
,6/2/2022,foodbite,Гамбург,Север,Специи,Кориандр,"0,65",43,"27,95"
,6/2/2022,Go Bio,Гамбург,Север,Сухофрукты,Сушеные яблоки,"1,09",125,"136,25"
,6/2/2022,NutriFix,Франкфурт,Запад,Напитки,Зеленый чай,"0,95",173,"164,35"
,6/2/2022,NutriFix,Дрезден,Восток,Напитки,Черный чай,"0,99",103,"101,97"
,6/2/2022,mymeal,Берлин,Восток,Крупы,Гречка,"1,4",482,"674,8"
,6/2/2022,mymeal,Берлин,Восток,Сыры,Филадельфия ,"0,89",507,"451,23"
,6/2/2022,foodbite,Берлин,Восток,Сухофрукты,Курага,"1,19",174,"207,06"
,6/2/2022,Organica,Берлин,Восток,Сладости,Мармелад,"0,6",219,"131,4"
,6/2/2022,Organica,Гамбург,Север,Консервы,Шпроты,"1,15",88,"101,2"
,6/2/2022,Organica,Гамбург,Север,Консервы,Килька в томате,"0,89",96,"85,44"
,6/2/2022,Sweetables,Кёльн,Запад,Напитки,Черный чай,"0,99",85,"84,15"
,6/2/2022,NutriFix,Бремен,Север,Масла,Подсолнечное масло,"1,19",121,"143,99"
,6/2/2022,Cooking Corner,Дрезден,Восток,Сладости,Шоколад,"0,55",276,"151,8"
,6/2/2022,Gold Food,Дрезден,Восток,Сухофрукты,Изюм,"0,99",61,"60,39"
,6/2/2022,NutriFix,Берлин,Восток,Сладости,Шоколад,"0,55",702,"386,1"
,6/2/2022,Cooking Corner,Мюнхен,Юг,Напитки,Зеленый чай,"0,95",274,"260,3"
,6/2/2022,Organica,Дрезден,Восток,Напитки,Кофе,"5,5",30,165
,6/2/2022,Organica,Берлин,Восток,Консервы,Килька в томате,"0,89",234,"208,26"
,6/3/2022,foodbite,Дрезден,Восток,Напитки,Черный чай,"0,99",198,"196,02"
,6/3/2022,Gold Food,Дрезден,Восток,Сыры,Гауда,"1,59",217,"345,03"
,6/3/2022,Sweetables,Гамбург,Север,Консервы,Шпроты,"1,15",63,"72,45"
,6/3/2022,Sweetables,Гамбург,Север,Крупы,Гречка,"1,4",291,"407,4"
,6/3/2022,Organica,Гамбург,Север,Крупы,Рис,"0,96",487,"467,52"
,6/3/2022,Cooking Corner,Бремен,Север,Сухофрукты,Сушеные яблоки,"1,09",49,"53,41"
,6/3/2022,Cooking Corner,Бремен,Север,Крупы,Гречка,"1,4",99,"138,6"
,6/3/2022,mymeal,Берлин,Восток,Масла,Оливковое масло,"1,7",236,"401,2"
,6/3/2022,Organica,Берлин,Восток,Крупы,Гречка,"1,4",280,392
,6/3/2022,Organica,Берлин,Восток,Специи,Черный перец,"0,59",218,"128,62"
,6/3/2022,Go Bio,Берлин,Восток,Специи,Кориандр,"0,65",53,"34,45"
,6/3/2022,Organica,Гамбург,Север,Масла,Сливочное масло,"1,5",226,339
,6/3/2022,NutriFix,Бремен,Север,Сыры,Филадельфия ,"0,89",44,"39,16"
,6/3/2022,foodbite,Мюнхен,Юг,Сыры,Гауда,"1,59",583,"926,97"
,6/3/2022,Cooking Corner,Дрезден,Восток,Масла,Подсолнечное масло,"1,19",298,"354,62"
,6/3/2022,NutriFix,Дрезден,Восток,Сухофрукты,Курага,"1,19",42,"49,98"
,6/3/2022,NutriFix,Дрезден,Восток,Масла,Сливочное масло,"1,5",113,"169,5"
,6/4/2022,Organica,Кёльн,Запад,Масла,Сливочное масло,"1,5",165,"247,5"
,6/4/2022,Sweetables,Бремен,Север,Сладости,Зефир,"0,65",25,"16,25"
,6/4/2022,Gold Food,Дрезден,Восток,Сладости,Шоколад,"0,55",190,"104,5"
,6/4/2022,Sweetables,Гамбург,Север,Сухофрукты,Изюм,"0,99",196,"194,04"
,6/4/2022,Organica,Гамбург,Север,Сладости,Зефир,"0,65",55,"35,75"
,6/4/2022,Organica,Гамбург,Север,Масла,Оливковое масло,"1,7",100,170
,6/4/2022,foodbite,Франкфурт,Запад,Консервы,Говядина тушеная,"1,19",53,"63,07"
,6/4/2022,Cooking Corner,Берлин,Восток,Сухофрукты,Курага,"1,19",247,"293,93"
,6/4/2022,foodbite,Мюнхен,Юг,Масла,Сливочное масло,"1,5",444,666
,6/4/2022,NutriFix,Дрезден,Восток,Сладости,Мармелад,"0,6",44,"26,4"
,6/4/2022,Go Bio,Дрезден,Восток,Сладости,Мармелад,"0,6",56,"33,6"
,6/5/2022,Gold Food,Франкфурт,Запад,Сухофрукты,Сушеные яблоки,"1,09",72,"78,48"
,6/5/2022,Gold Food,Штутгарт,Юг,Сыры,Филадельфия ,"0,89",60,"53,4"
,6/5/2022,Gold Food,Штутгарт,Юг,Крупы,Перловка,"1,2",132,"158,4"
,6/5/2022,Sweetables,Бремен,Север,Сухофрукты,Сушеные яблоки,"1,09",34,"37,06"
,6/5/2022,NutriFix,Берлин,Восток,Специи,Черный перец,"0,59",329,"194,11"
,6/5/2022,Organica,Берлин,Восток,Масла,Подсолнечное масло,"1,19",438,"521,22"
,6/5/2022,foodbite,Франкфурт,Запад,Сладости,Шоколад,"0,55",276,"151,8"
,6/5/2022,mymeal,Берлин,Восток,Консервы,Говядина тушеная,"1,19",177,"210,63"
,6/5/2022,Gold Food,Берлин,Восток,Сухофрукты,Сушеные яблоки,"1,09",138,"150,42"
,6/5/2022,Gold Food,Берлин,Восток,Напитки,Зеленый чай,"0,95",256,"243,2"
,6/5/2022,foodbite,Мюнхен,Юг,Консервы,Говядина тушеная,"1,19",72,"85,68"
,6/6/2022,Go Bio,Гамбург,Север,Консервы,Килька в томате,"0,89",112,"99,68"
,6/6/2022,Sweetables,Бремен,Север,Консервы,Килька в томате,"0,89",65,"57,85"
,6/6/2022,NutriFix,Дрезден,Восток,Крупы,Рис,"0,96",213,"204,48"
,6/6/2022,Organica,Берлин,Восток,Масла,Оливковое масло,"1,7",138,"234,6"
,6/6/2022,Organica,Берлин,Восток,Крупы,Рис,"0,96",739,"709,44"
,6/6/2022,Organica,Берлин,Восток,Напитки,Кофе,"5,5",140,770
,6/6/2022,Organica,Берлин,Восток,Специи,Базилик,"0,7",113,"79,1"
,6/6/2022,foodbite,Гамбург,Север,Масла,Подсолнечное масло,"1,19",446,"530,74"
,6/6/2022,Cooking Corner,Мюнхен,Юг,Специи,Базилик,"0,7",89,"62,3"
,6/6/2022,Go Bio,Гамбург,Север,Крупы,Перловка,"1,2",201,"241,2"
,6/6/2022,mymeal,Берлин,Восток,Масла,Сливочное масло,"1,5",851,"1276,5"
,6/6/2022,foodbite,Мюнхен,Юг,Крупы,Гречка,"1,4",202,"282,8"
,6/7/2022,Go Bio,Франкфурт,Запад,Напитки,Кофе,"5,5",49,"269,5"
,6/7/2022,Go Bio,Франкфурт,Запад,Специи,Черный перец,"0,59",186,"109,74"
,6/7/2022,Organica,Гамбург,Север,Масла,Подсолнечное масло,"1,19",336,"399,84"
,6/7/2022,Go Bio,Гамбург,Север,Масла,Оливковое масло,"1,7",101,"171,7"
,6/7/2022,NutriFix,Дрезден,Восток,Сладости,Мармелад,"0,6",75,45
,6/7/2022,mymeal,Гамбург,Север,Сухофрукты,Сушеные яблоки,"1,09",212,"231,08"
,6/7/2022,Cooking Corner,Мюнхен,Юг,Сыры,Гауда,"1,59",653,"1038,27"
,6/7/2022,Cooking Corner,Мюнхен,Юг,Консервы,Шпроты,"1,15",187,"215,05"
,6/7/2022,Sweetables,Гамбург,Север,Крупы,Гречка,"1,4",298,"417,2"
,6/7/2022,Sweetables,Гамбург,Север,Сыры,Филадельфия ,"0,89",199,"177,11"
,6/7/2022,foodbite,Мюнхен,Юг,Сладости,Мармелад,"0,6",193,"115,8"
,6/8/2022,Go Bio,Франкфурт,Запад,Сухофрукты,Сушеные яблоки,"1,09",53,"57,77"
,6/8/2022,mymeal,Штутгарт,Юг,Масла,Оливковое масло,"1,7",99,"168,3"
,6/8/2022,NutriFix,Штутгарт,Юг,Специи,Кориандр,"0,65",17,"11,05"
,6/8/2022,Sweetables,Гамбург,Север,Крупы,Перловка,"1,2",422,"506,4"
,6/8/2022,Go Bio,Гамбург,Север,Сыры,Моцарелла,"0,59",334,"197,06"
,6/8/2022,NutriFix,Дрезден,Восток,Специи,Кориандр,"0,65",18,"11,7"
,6/8/2022,Go Bio,Дрезден,Восток,Крупы,Гречка,"1,4",53,"74,2"
,6/8/2022,mymeal,Мюнхен,Юг,Сладости,Мармелад,"0,6",208,"124,8"
,6/8/2022,Gold Food,Мюнхен,Юг,Специи,Черный перец,"0,59",323,"190,57"
,6/8/2022,foodbite,Кёльн,Запад,Масла,Оливковое масло,"1,7",94,"159,8"
,6/9/2022,mymeal,Штутгарт,Юг,Консервы,Говядина тушеная,"1,19",104,"123,76"
,6/9/2022,Organica,Штутгарт,Юг,Специи,Черный перец,"0,59",174,"102,66"
,6/9/2022,Organica,Штутгарт,Юг,Сухофрукты,Курага,"1,19",62,"73,78"
,6/9/2022,Sweetables,Гамбург,Север,Консервы,Шпроты,"1,15",102,"117,3"
,6/9/2022,Cooking Corner,Мюнхен,Юг,Масла,Сливочное масло,"1,5",821,"1231,5"
,6/9/2022,mymeal,Мюнхен,Юг,Сухофрукты,Курага,"1,19",206,"245,14"
,6/9/2022,foodbite,Бремен,Север,Сыры,Гауда,"1,59",173,"275,07"
,6/9/2022,foodbite,Бремен,Север,Сухофрукты,Изюм,"0,99",38,"37,62"
,6/9/2022,Sweetables,Дрезден,Восток,Сладости,Зефир,"0,65",30,"19,5"
,6/9/2022,Go Bio,Дрезден,Восток,Масла,Сливочное масло,"1,5",165,"247,5"
,6/9/2022,Go Bio,Дрезден,Восток,Напитки,Черный чай,"0,99",64,"63,36"
,6/9/2022,NutriFix,Берлин,Восток,Сухофрукты,Курага,"1,19",171,"203,49"
,6/9/2022,NutriFix,Берлин,Восток,Сухофрукты,Сушеные яблоки,"1,09",206,"224,54"
,6/9/2022,NutriFix,Берлин,Восток,Масла,Сливочное масло,"1,5",563,"844,5"
,6/9/2022,Sweetables,Мюнхен,Юг,Сыры,Филадельфия ,"0,89",186,"165,54"
,6/9/2022,Gold Food,Кёльн,Запад,Сыры,Гауда,"1,59",220,"349,8"
,6/10/2022,Organica,Штутгарт,Юг,Консервы,Шпроты,"1,15",63,"72,45"
,6/10/2022,Gold Food,Мюнхен,Юг,Масла,Оливковое масло,"1,7",112,"190,4"
,6/10/2022,Gold Food,Мюнхен,Юг,Сыры,Моцарелла,"0,59",286,"168,74"
,6/10/2022,Organica,Гамбург,Север,Сыры,Гауда,"1,59",520,"826,8"
,6/10/2022,Cooking Corner,Мюнхен,Юг,Специи,Черный перец,"0,59",540,"318,6"
,6/10/2022,mymeal,Мюнхен,Юг,Сухофрукты,Курага,"1,19",149,"177,31"
,6/10/2022,Sweetables,Дрезден,Восток,Крупы,Перловка,"1,2",99,"118,8"
,6/10/2022,foodbite,Берлин,Восток,Сладости,Шоколад,"0,55",896,"492,8"
,6/10/2022,foodbite,Берлин,Восток,Масла,Подсолнечное масло,"1,19",681,"810,39"
,6/10/2022,Sweetables,Берлин,Восток,Специи,Базилик,"0,7",144,"100,8"
,6/10/2022,Gold Food,Берлин,Восток,Консервы,Килька в томате,"0,89",164,"145,96"
,6/10/2022,mymeal,Кёльн,Запад,Сыры,Моцарелла,"0,59",264,"155,76"
,6/10/2022,mymeal,Бремен,Север,Сыры,Гауда,"1,59",269,"427,71"
,6/11/2022,mymeal,Берлин,Восток,Специи,Черный перец,"0,59",1503,"886,77"
,6/11/2022,Sweetables,Берлин,Восток,Специи,Кориандр,"0,65",74,"48,1"
,6/11/2022,Sweetables,Мюнхен,Юг,Масла,Сливочное масло,"1,5",476,714
,6/11/2022,Gold Food,Мюнхен,Юг,Сухофрукты,Изюм,"0,99",115,"113,85"
,6/11/2022,Organica,Мюнхен,Юг,Специи,Кориандр,"0,65",25,"16,25"
,6/11/2022,Organica,Мюнхен,Юг,Масла,Подсолнечное масло,"1,19",204,"242,76"
,6/11/2022,Cooking Corner,Кёльн,Запад,Специи,Черный перец,"0,59",329,"194,11"
,6/11/2022,mymeal,Гамбург,Север,Консервы,Шпроты,"1,15",162,"186,3"
,6/11/2022,Organica,Гамбург,Север,Сыры,Моцарелла,"0,59",191,"112,69"
,6/11/2022,foodbite,Мюнхен,Юг,Специи,Базилик,"0,7",70,49
,6/11/2022,NutriFix,Берлин,Восток,Масла,Подсолнечное масло,"1,19",530,"630,7"
,6/11/2022,Gold Food,Гамбург,Север,Консервы,Килька в томате,"0,89",139,"123,71"
,6/11/2022,Gold Food,Гамбург,Север,Консервы,Килька в томате,"0,89",162,"144,18"
,6/11/2022,Sweetables,Берлин,Восток,Сухофрукты,Сушеные яблоки,"1,09",229,"249,61"
,6/11/2022,Organica,Мюнхен,Юг,Сладости,Шоколад,"0,55",258,"141,9"
,6/11/2022,Sweetables,Кёльн,Запад,Сыры,Моцарелла,"0,59",160,"94,4"
,6/11/2022,Go Bio,Штутгарт,Юг,Специи,Черный перец,"0,59",57,"33,63"
,6/12/2022,NutriFix,Бремен,Север,Специи,Черный перец,"0,59",118,"69,62"
,6/12/2022,mymeal,Гамбург,Север,Крупы,Гречка,"1,4",316,"442,4"
,6/12/2022,Sweetables,Мюнхен,Юг,Консервы,Говядина тушеная,"1,19",80,"95,2"
,6/12/2022,Organica,Мюнхен,Юг,Сыры,Филадельфия ,"0,89",71,"63,19"
,6/12/2022,Cooking Corner,Кёльн,Запад,Напитки,Кофе,"5,5",65,"357,5"
,6/12/2022,Cooking Corner,Гамбург,Север,Напитки,Кофе,"5,5",213,"1171,5"
,6/12/2022,mymeal,Гамбург,Север,Масла,Оливковое масло,"1,7",188,"319,6"
,6/12/2022,Sweetables,Гамбург,Север,Консервы,Говядина тушеная,"1,19",89,"105,91"
,6/12/2022,NutriFix,Гамбург,Север,Сухофрукты,Курага,"1,19",102,"121,38"
,6/12/2022,Organica,Гамбург,Север,Напитки,Черный чай,"0,99",339,"335,61"
,6/12/2022,foodbite,Мюнхен,Юг,Консервы,Шпроты,"1,15",87,"100,05"
,6/12/2022,foodbite,Мюнхен,Юг,Сыры,Гауда,"1,59",319,"507,21"
,6/12/2022,Cooking Corner,Мюнхен,Юг,Сыры,Гауда,"1,59",833,"1324,47"
,6/12/2022,Organica,Мюнхен,Юг,Консервы,Шпроты,"1,15",44,"50,6"
,6/12/2022,foodbite,Кёльн,Запад,Напитки,Зеленый чай,"0,95",138,"131,1"
,6/12/2022,foodbite,Кёльн,Запад,Масла,Оливковое масло,"1,7",96,"163,2"
,6/12/2022,Gold Food,Штутгарт,Юг,Масла,Оливковое масло,"1,7",75,"127,5"
,6/12/2022,NutriFix,Штутгарт,Юг,Специи,Кориандр,"0,65",14,"9,1"
,6/12/2022,NutriFix,Штутгарт,Юг,Сладости,Шоколад,"0,55",329,"180,95"
,6/12/2022,foodbite,Бремен,Север,Масла,Подсолнечное масло,"1,19",165,"196,35"
,6/12/2022,Organica,Мюнхен,Юг,Масла,Оливковое масло,"1,7",100,170
,6/12/2022,Sweetables,Кёльн,Запад,Специи,Черный перец,"0,59",232,"136,88"
,6/13/2022,mymeal,Бремен,Север,Масла,Оливковое масло,"1,7",66,"112,2"
,6/13/2022,NutriFix,Бремен,Север,Сыры,Моцарелла,"0,59",123,"72,57"
,6/13/2022,NutriFix,Бремен,Север,Крупы,Рис,"0,96",131,"125,76"
,6/13/2022,NutriFix,Берлин,Восток,Специи,Черный перец,"0,59",195,"115,05"
,6/13/2022,NutriFix,Берлин,Восток,Специи,Кориандр,"0,65",70,"45,5"
,6/13/2022,mymeal,Гамбург,Север,Специи,Черный перец,"0,59",704,"415,36"
,6/13/2022,NutriFix,Франкфурт,Запад,Консервы,Шпроты,"1,15",79,"90,85"
,6/13/2022,NutriFix,Франкфурт,Запад,Специи,Базилик,"0,7",38,"26,6"
,6/13/2022,mymeal,Гамбург,Север,Сыры,Моцарелла,"0,59",492,"290,28"
,6/13/2022,Sweetables,Гамбург,Север,Масла,Оливковое масло,"1,7",123,"209,1"
,6/13/2022,Organica,Берлин,Восток,Сыры,Моцарелла,"0,59",481,"283,79"
,6/13/2022,foodbite,Гамбург,Север,Консервы,Шпроты,"1,15",145,"166,75"
,6/13/2022,NutriFix,Гамбург,Север,Сладости,Мармелад,"0,6",112,"67,2"
,6/13/2022,Cooking Corner,Мюнхен,Юг,Консервы,Килька в томате,"0,89",305,"271,45"
,6/13/2022,mymeal,Мюнхен,Юг,Сладости,Зефир,"0,65",103,"66,95"
,6/13/2022,Organica,Мюнхен,Юг,Сыры,Моцарелла,"0,59",167,"98,53"
,6/13/2022,Organica,Мюнхен,Юг,Сыры,Моцарелла,"0,59",276,"162,84"
,6/13/2022,foodbite,Кёльн,Запад,Сладости,Мармелад,"0,6",84,"50,4"
,6/13/2022,Gold Food,Штутгарт,Юг,Сыры,Моцарелла,"0,59",152,"89,68"
,6/13/2022,foodbite,Бремен,Север,Специи,Базилик,"0,7",20,14
,6/13/2022,mymeal,Берлин,Восток,Сладости,Шоколад,"0,55",1826,"1004,3"
,6/13/2022,Organica,Мюнхен,Юг,Консервы,Говядина тушеная,"1,19",23,"27,37"
,6/13/2022,Organica,Франкфурт,Запад,Специи,Кориандр,"0,65",18,"11,7"
,6/14/2022,mymeal,Бремен,Север,Сыры,Гауда,"1,59",236,"375,24"
,6/14/2022,mymeal,Бремен,Север,Сухофрукты,Изюм,"0,99",98,"97,02"
,6/14/2022,Gold Food,Бремен,Север,Специи,Черный перец,"0,59",73,"43,07"
,6/14/2022,Gold Food,Бремен,Север,Консервы,Говядина тушеная,"1,19",26,"30,94"
,6/14/2022,mymeal,Мюнхен,Юг,Специи,Кориандр,"0,65",75,"48,75"
,6/14/2022,foodbite,Кёльн,Запад,Сыры,Гауда,"1,59",211,"335,49"
,6/14/2022,Organica,Франкфурт,Запад,Специи,Базилик,"0,7",34,"23,8"
,6/14/2022,Organica,Берлин,Восток,Напитки,Зеленый чай,"0,95",528,"501,6"
,6/14/2022,Organica,Берлин,Восток,Крупы,Гречка,"1,4",297,"415,8"
,6/14/2022,Organica,Берлин,Восток,Напитки,Кофе,"5,5",153,"841,5"
,6/14/2022,Cooking Corner,Бремен,Север,Крупы,Перловка,"1,2",185,222
,6/14/2022,foodbite,Берлин,Восток,Сыры,Филадельфия ,"0,89",248,"220,72"
,6/14/2022,Organica,Берлин,Восток,Напитки,Кофе,"5,5",208,1144
,6/14/2022,Sweetables,Гамбург,Север,Сыры,Филадельфия ,"0,89",159,"141,51"
,6/14/2022,Sweetables,Гамбург,Север,Крупы,Рис,"0,96",590,"566,4"
,6/14/2022,NutriFix,Штутгарт,Юг,Сухофрукты,Сушеные яблоки,"1,09",44,"47,96"
,6/14/2022,NutriFix,Штутгарт,Юг,Сыры,Моцарелла,"0,59",120,"70,8"
,6/14/2022,mymeal,Мюнхен,Юг,Сыры,Моцарелла,"0,59",521,"307,39"
,6/14/2022,Gold Food,Штутгарт,Юг,Консервы,Шпроты,"1,15",39,"44,85"
,6/14/2022,foodbite,Бремен,Север,Консервы,Говядина тушеная,"1,19",26,"30,94"
,6/14/2022,Cooking Corner,Берлин,Восток,Сухофрукты,Изюм,"0,99",399,"395,01"
,6/14/2022,Cooking Corner,Берлин,Восток,Масла,Сливочное масло,"1,5",1102,1653
,6/14/2022,mymeal,Берлин,Восток,Специи,Базилик,"0,7",168,"117,6"
,6/14/2022,Organica,Кёльн,Запад,Сладости,Мармелад,"0,6",99,"59,4"
,6/14/2022,Sweetables,Кёльн,Запад,Масла,Оливковое масло,"1,7",61,"103,7"
,6/14/2022,Sweetables,Кёльн,Запад,Сыры,Гауда,"1,59",394,"626,46"
,6/14/2022,Sweetables,Кёльн,Запад,Крупы,Перловка,"1,2",269,"322,8"
,6/15/2022,Go Bio,Кёльн,Запад,Крупы,Рис,"0,96",169,"162,24"
,6/15/2022,foodbite,Кёльн,Запад,Крупы,Гречка,"1,4",134,"187,6"
,6/15/2022,Sweetables,Кёльн,Запад,Сладости,Шоколад,"0,55",413,"227,15"
,6/15/2022,Sweetables,Кёльн,Запад,Напитки,Черный чай,"0,99",129,"127,71"
,6/15/2022,Sweetables,Кёльн,Запад,Консервы,Шпроты,"1,15",49,"56,35"
,6/15/2022,Cooking Corner,Бремен,Север,Напитки,Кофе,"5,5",47,"258,5"
,6/15/2022,foodbite,Бремен,Север,Специи,Черный перец,"0,59",161,"94,99"
,6/15/2022,Sweetables,Бремен,Север,Специи,Черный перец,"0,59",107,"63,13"
,6/15/2022,mymeal,Берлин,Восток,Консервы,Килька в томате,"0,89",612,"544,68"
,6/15/2022,foodbite,Берлин,Восток,Напитки,Зеленый чай,"0,95",653,"620,35"
,6/15/2022,foodbite,Берлин,Восток,Специи,Базилик,"0,7",112,"78,4"
,6/15/2022,Sweetables,Гамбург,Север,Напитки,Кофе,"5,5",127,"698,5"
,6/15/2022,mymeal,Мюнхен,Юг,Сыры,Моцарелла,"0,59",455,"268,45"
,6/15/2022,Sweetables,Мюнхен,Юг,Консервы,Шпроты,"1,15",103,"118,45"
,6/15/2022,Cooking Corner,Берлин,Восток,Напитки,Кофе,"5,5",535,"2942,5"
,6/15/2022,mymeal,Берлин,Восток,Консервы,Говядина тушеная,"1,19",258,"307,02"
,6/15/2022,Organica,Кёльн,Запад,Специи,Кориандр,"0,65",16,"10,4"
,6/15/2022,Organica,Кёльн,Запад,Сыры,Филадельфия ,"0,89",59,"52,51"
,6/15/2022,Gold Food,Штутгарт,Юг,Специи,Черный перец,"0,59",113,"66,67"
,6/15/2022,Gold Food,Кёльн,Запад,Напитки,Черный чай,"0,99",141,"139,59"
,6/16/2022,NutriFix,Кёльн,Запад,Масла,Сливочное масло,"1,5",269,"403,5"
,6/16/2022,Go Bio,Кёльн,Запад,Сухофрукты,Курага,"1,19",43,"51,17"
,6/16/2022,Sweetables,Штутгарт,Юг,Сладости,Зефир,"0,65",36,"23,4"
,6/16/2022,Organica,Дрезден,Восток,Масла,Подсолнечное масло,"1,19",133,"158,27"
,6/16/2022,foodbite,Бремен,Север,Сухофрукты,Курага,"1,19",50,"59,5"
,6/16/2022,Cooking Corner,Берлин,Восток,Сыры,Гауда,"1,59",1663,"2644,17"
,6/16/2022,mymeal,Гамбург,Север,Специи,Кориандр,"0,65",62,"40,3"
,6/16/2022,Go Bio,Мюнхен,Юг,Напитки,Черный чай,"0,99",275,"272,25"
,6/16/2022,Go Bio,Мюнхен,Юг,Крупы,Перловка,"1,2",234,"280,8"
,6/16/2022,Sweetables,Мюнхен,Юг,Напитки,Зеленый чай,"0,95",303,"287,85"
,6/16/2022,foodbite,Штутгарт,Юг,Крупы,Рис,"0,96",350,336
,6/16/2022,foodbite,Штутгарт,Юг,Сыры,Гауда,"1,59",291,"462,69"
,6/16/2022,foodbite,Штутгарт,Юг,Крупы,Перловка,"1,2",198,"237,6"
,6/16/2022,Sweetables,Штутгарт,Юг,Масла,Оливковое масло,"1,7",95,"161,5"
,6/16/2022,Gold Food,Кёльн,Запад,Специи,Кориандр,"0,65",28,"18,2"
,6/16/2022,Gold Food,Кёльн,Запад,Крупы,Рис,"0,96",215,"206,4"
,6/17/2022,Go Bio,Кёльн,Запад,Специи,Кориандр,"0,65",21,"13,65"
,6/17/2022,NutriFix,Берлин,Восток,Сладости,Мармелад,"0,6",175,105
,6/17/2022,mymeal,Франкфурт,Запад,Напитки,Черный чай,"0,99",189,"187,11"
,6/17/2022,Sweetables,Штутгарт,Юг,Крупы,Перловка,"1,2",128,"153,6"
,6/17/2022,Organica,Дрезден,Восток,Сладости,Шоколад,"0,55",205,"112,75"
,6/17/2022,NutriFix,Штутгарт,Юг,Масла,Оливковое масло,"1,7",71,"120,7"
,6/17/2022,mymeal,Бремен,Север,Сыры,Моцарелла,"0,59",140,"82,6"
,6/17/2022,mymeal,Бремен,Север,Крупы,Рис,"0,96",288,"276,48"
,6/17/2022,foodbite,Бремен,Север,Специи,Кориандр,"0,65",15,"9,75"
,6/17/2022,NutriFix,Дрезден,Восток,Сухофрукты,Курага,"1,19",57,"67,83"
,6/17/2022,Cooking Corner,Берлин,Восток,Масла,Подсолнечное масло,"1,19",1617,"1924,23"
,6/17/2022,Cooking Corner,Берлин,Восток,Крупы,Рис,"0,96",1941,"1863,36"
,6/17/2022,mymeal,Гамбург,Север,Специи,Базилик,"0,7",176,"123,2"
,6/17/2022,Cooking Corner,Франкфурт,Запад,Сыры,Филадельфия ,"0,89",118,"105,02"
,6/17/2022,Organica,Франкфурт,Запад,Специи,Базилик,"0,7",25,"17,5"
,6/17/2022,Go Bio,Франкфурт,Запад,Сухофрукты,Курага,"1,19",39,"46,41"
,6/17/2022,foodbite,Штутгарт,Юг,Специи,Черный перец,"0,59",200,118
,6/17/2022,foodbite,Штутгарт,Юг,Консервы,Говядина тушеная,"1,19",27,"32,13"
,6/18/2022,Gold Food,Кёльн,Запад,Консервы,Шпроты,"1,15",45,"51,75"
,6/18/2022,Cooking Corner,Франкфурт,Запад,Крупы,Гречка,"1,4",251,"351,4"
,6/18/2022,Cooking Corner,Франкфурт,Запад,Сухофрукты,Изюм,"0,99",126,"124,74"
,6/18/2022,foodbite,Франкфурт,Запад,Масла,Подсолнечное масло,"1,19",209,"248,71"
,6/18/2022,NutriFix,Берлин,Восток,Крупы,Гречка,"1,4",290,406
,6/18/2022,NutriFix,Берлин,Восток,Консервы,Килька в томате,"0,89",175,"155,75"
,6/18/2022,mymeal,Франкфурт,Запад,Масла,Сливочное масло,"1,5",484,726
,6/18/2022,Sweetables,Штутгарт,Юг,Сладости,Шоколад,"0,55",398,"218,9"
,6/18/2022,NutriFix,Дрезден,Восток,Сухофрукты,Курага,"1,19",34,"40,46"
,6/18/2022,Sweetables,Берлин,Восток,Сухофрукты,Курага,"1,19",197,"234,43"
,6/18/2022,NutriFix,Штутгарт,Юг,Напитки,Зеленый чай,"0,95",240,228
,6/18/2022,NutriFix,Дрезден,Восток,Сухофрукты,Курага,"1,19",52,"61,88"
,6/18/2022,NutriFix,Дрезден,Восток,Сладости,Мармелад,"0,6",74,"44,4"
,6/18/2022,Cooking Corner,Гамбург,Север,Напитки,Кофе,"5,5",409,"2249,5"
,6/18/2022,Cooking Corner,Гамбург,Север,Напитки,Кофе,"5,5",357,"1963,5"
,6/18/2022,Sweetables,Мюнхен,Юг,Масла,Оливковое масло,"1,7",104,"176,8"
,6/18/2022,Gold Food,Мюнхен,Юг,Масла,Оливковое масло,"1,7",115,"195,5"
,6/18/2022,Go Bio,Франкфурт,Запад,Напитки,Черный чай,"0,99",191,"189,09"
,6/19/2022,Gold Food,Кёльн,Запад,Специи,Кориандр,"0,65",30,"19,5"
,6/19/2022,Cooking Corner,Франкфурт,Запад,Специи,Базилик,"0,7",88,"61,6"
,6/19/2022,foodbite,Франкфурт,Запад,Сладости,Шоколад,"0,55",381,"209,55"
,6/19/2022,Go Bio,Берлин,Восток,Напитки,Черный чай,"0,99",316,"312,84"
,6/19/2022,mymeal,Мюнхен,Юг,Сухофрукты,Изюм,"0,99",160,"158,4"
,6/19/2022,mymeal,Франкфурт,Запад,Консервы,Шпроты,"1,15",143,"164,45"
,6/19/2022,mymeal,Дрезден,Восток,Масла,Сливочное масло,"1,5",315,"472,5"
,6/19/2022,Go Bio,Мюнхен,Юг,Масла,Оливковое масло,"1,7",77,"130,9"
,6/19/2022,Go Bio,Мюнхен,Юг,Крупы,Перловка,"1,2",219,"262,8"
,6/19/2022,Go Bio,Штутгарт,Юг,Напитки,Зеленый чай,"0,95",78,"74,1"
,6/19/2022,Go Bio,Дрезден,Восток,Крупы,Гречка,"1,4",64,"89,6"
,6/19/2022,Go Bio,Дрезден,Восток,Крупы,Гречка,"1,4",61,"85,4"
,6/19/2022,Cooking Corner,Гамбург,Север,Сыры,Филадельфия ,"0,89",389,"346,21"
,6/19/2022,Sweetables,Мюнхен,Юг,Крупы,Рис,"0,96",568,"545,28"
,6/19/2022,NutriFix,Мюнхен,Юг,Специи,Кориандр,"0,65",25,"16,25"
,6/19/2022,NutriFix,Мюнхен,Юг,Специи,Черный перец,"0,59",149,"87,91"
,6/19/2022,Go Bio,Кёльн,Запад,Напитки,Зеленый чай,"0,95",70,"66,5"
,6/20/2022,foodbite,Франкфурт,Запад,Напитки,Черный чай,"0,99",174,"172,26"
,6/20/2022,mymeal,Мюнхен,Юг,Сладости,Мармелад,"0,6",296,"177,6"
,6/20/2022,Gold Food,Штутгарт,Юг,Напитки,Кофе,"5,5",65,"357,5"
,6/20/2022,NutriFix,Мюнхен,Юг,Напитки,Черный чай,"0,99",224,"221,76"
,6/20/2022,Go Bio,Кёльн,Запад,Крупы,Гречка,"1,4",112,"156,8"
,6/21/2022,Sweetables,Франкфурт,Запад,Масла,Оливковое масло,"1,7",88,"149,6"
,6/21/2022,Go Bio,Франкфурт,Запад,Масла,Оливковое масло,"1,7",57,"96,9"
,6/21/2022,NutriFix,Штутгарт,Юг,Сухофрукты,Курага,"1,19",60,"71,4"
,6/21/2022,Cooking Corner,Гамбург,Север,Напитки,Зеленый чай,"0,95",973,"924,35"
,6/21/2022,Gold Food,Штутгарт,Юг,Сыры,Филадельфия ,"0,89",98,"87,22"
,6/21/2022,Gold Food,Бремен,Север,Сыры,Филадельфия ,"0,89",48,"42,72"
,6/21/2022,mymeal,Берлин,Восток,Специи,Кориандр,"0,65",137,"89,05"
,6/21/2022,mymeal,Кёльн,Запад,Крупы,Рис,"0,96",368,"353,28"
,6/21/2022,Organica,Гамбург,Север,Сухофрукты,Курага,"1,19",109,"129,71"
,6/21/2022,Organica,Гамбург,Север,Крупы,Гречка,"1,4",152,"212,8"
,6/22/2022,Go Bio,Франкфурт,Запад,Сыры,Моцарелла,"0,59",135,"79,65"
,6/22/2022,NutriFix,Штутгарт,Юг,Консервы,Килька в томате,"0,89",68,"60,52"
,6/22/2022,Cooking Corner,Бремен,Север,Специи,Черный перец,"0,59",96,"56,64"
,6/22/2022,Gold Food,Гамбург,Север,Специи,Базилик,"0,7",101,"70,7"
,6/22/2022,Gold Food,Гамбург,Север,Сыры,Филадельфия ,"0,89",105,"93,45"
,6/22/2022,mymeal,Кёльн,Запад,Напитки,Черный чай,"0,99",502,"496,98"
,6/22/2022,Go Bio,Берлин,Восток,Сыры,Моцарелла,"0,59",540,"318,6"
,6/22/2022,Go Bio,Берлин,Восток,Сыры,Филадельфия ,"0,89",176,"156,64"
,6/22/2022,Go Bio,Берлин,Восток,Сухофрукты,Сушеные яблоки,"1,09",102,"111,18"
,6/22/2022,Organica,Гамбург,Север,Масла,Подсолнечное масло,"1,19",266,"316,54"
,6/22/2022,Sweetables,Штутгарт,Юг,Специи,Базилик,"0,7",45,"31,5"
,6/23/2022,Go Bio,Франкфурт,Запад,Напитки,Зеленый чай,"0,95",198,"188,1"
,6/23/2022,Organica,Бремен,Север,Напитки,Черный чай,"0,99",45,"44,55"
,6/23/2022,Organica,Дрезден,Восток,Масла,Подсолнечное масло,"1,19",94,"111,86"
,6/23/2022,foodbite,Берлин,Восток,Сладости,Мармелад,"0,6",193,"115,8"
,6/23/2022,Sweetables,Гамбург,Север,Специи,Базилик,"0,7",63,"44,1"
,6/23/2022,Cooking Corner,Мюнхен,Юг,Напитки,Черный чай,"0,99",618,"611,82"
,6/23/2022,Sweetables,Бремен,Север,Сухофрукты,Изюм,"0,99",40,"39,6"
,6/23/2022,Go Bio,Кёльн,Запад,Сыры,Филадельфия ,"0,89",50,"44,5"
,6/23/2022,Go Bio,Кёльн,Запад,Масла,Оливковое масло,"1,7",63,"107,1"
,6/23/2022,Cooking Corner,Гамбург,Север,Масла,Подсолнечное масло,"1,19",904,"1075,76"
,6/23/2022,Cooking Corner,Штутгарт,Юг,Сыры,Филадельфия ,"0,89",197,"175,33"
,6/24/2022,Gold Food,Дрезден,Восток,Сладости,Мармелад,"0,6",66,"39,6"
,6/24/2022,Gold Food,Дрезден,Восток,Сухофрукты,Сушеные яблоки,"1,09",52,"56,68"
,6/24/2022,Organica,Дрезден,Восток,Масла,Подсолнечное масло,"1,19",159,"189,21"
,6/24/2022,foodbite,Берлин,Восток,Сухофрукты,Курага,"1,19",205,"243,95"
,6/24/2022,foodbite,Берлин,Восток,Сухофрукты,Изюм,"0,99",329,"325,71"
,6/24/2022,Go Bio,Гамбург,Север,Сладости,Зефир,"0,65",69,"44,85"
,6/24/2022,Go Bio,Бремен,Север,Масла,Сливочное масло,"1,5",93,"139,5"
,6/24/2022,Go Bio,Берлин,Восток,Крупы,Гречка,"1,4",203,"284,2"
,6/24/2022,Sweetables,Гамбург,Север,Крупы,Рис,"0,96",431,"413,76"
,6/24/2022,Cooking Corner,Мюнхен,Юг,Напитки,Зеленый чай,"0,95",623,"591,85"
,6/24/2022,Go Bio,Гамбург,Север,Сыры,Филадельфия ,"0,89",95,"84,55"
,6/24/2022,Go Bio,Гамбург,Север,Сухофрукты,Сушеные яблоки,"1,09",81,"88,29"
,6/24/2022,Gold Food,Штутгарт,Юг,Консервы,Говядина тушеная,"1,19",41,"48,79"
,6/24/2022,Go Bio,Штутгарт,Юг,Крупы,Перловка,"1,2",144,"172,8"
,6/25/2022,Go Bio,Бремен,Север,Крупы,Рис,"0,96",80,"76,8"
,6/25/2022,mymeal,Дрезден,Восток,Консервы,Шпроты,"1,15",96,"110,4"
,6/25/2022,mymeal,Дрезден,Восток,Крупы,Рис,"0,96",369,"354,24"
,6/25/2022,Gold Food,Дрезден,Восток,Консервы,Шпроты,"1,15",23,"26,45"
,6/25/2022,Go Bio,Дрезден,Восток,Специи,Базилик,"0,7",20,14
,6/25/2022,Go Bio,Бремен,Север,Консервы,Килька в томате,"0,89",47,"41,83"
,6/25/2022,Go Bio,Бремен,Север,Сыры,Гауда,"1,59",110,"174,9"
,6/25/2022,Go Bio,Берлин,Восток,Крупы,Гречка,"1,4",329,"460,6"
,6/25/2022,Go Bio,Берлин,Восток,Специи,Черный перец,"0,59",545,"321,55"
,6/25/2022,NutriFix,Гамбург,Север,Крупы,Перловка,"1,2",370,444
,6/25/2022,Go Bio,Гамбург,Север,Масла,Оливковое масло,"1,7",67,"113,9"
,6/25/2022,Cooking Corner,Штутгарт,Юг,Сладости,Мармелад,"0,6",159,"95,4"
,6/25/2022,Cooking Corner,Бремен,Север,Сыры,Моцарелла,"0,59",137,"80,83"
,6/25/2022,foodbite,Франкфурт,Запад,Сыры,Моцарелла,"0,59",200,118
,6/25/2022,Sweetables,Франкфурт,Запад,Крупы,Перловка,"1,2",247,"296,4"
,6/25/2022,Gold Food,Штутгарт,Юг,Консервы,Говядина тушеная,"1,19",20,"23,8"
,6/25/2022,Organica,Штутгарт,Юг,Сухофрукты,Изюм,"0,99",50,"49,5"
,6/26/2022,Gold Food,Бремен,Север,Масла,Подсолнечное масло,"1,19",146,"173,74"
,6/26/2022,Go Bio,Бремен,Север,Консервы,Шпроты,"1,15",25,"28,75"
,6/26/2022,Go Bio,Бремен,Север,Крупы,Перловка,"1,2",95,114
,6/26/2022,mymeal,Дрезден,Восток,Специи,Кориандр,"0,65",36,"23,4"
,6/26/2022,Cooking Corner,Мюнхен,Юг,Специи,Черный перец,"0,59",708,"417,72"
,6/26/2022,Organica,Бремен,Север,Специи,Черный перец,"0,59",62,"36,58"
,6/26/2022,Go Bio,Дрезден,Восток,Крупы,Рис,"0,96",198,"190,08"
,6/26/2022,mymeal,Берлин,Восток,Крупы,Перловка,"1,2",926,"1111,2"
,6/26/2022,mymeal,Гамбург,Север,Сладости,Зефир,"0,65",116,"75,4"
,6/26/2022,Cooking Corner,Штутгарт,Юг,Крупы,Гречка,"1,4",221,"309,4"
,6/26/2022,Cooking Corner,Штутгарт,Юг,Крупы,Перловка,"1,2",227,"272,4"
,6/26/2022,Cooking Corner,Франкфурт,Запад,Специи,Черный перец,"0,59",319,"188,21"
,6/26/2022,foodbite,Франкфурт,Запад,Специи,Кориандр,"0,65",27,"17,55"
,6/27/2022,Cooking Corner,Мюнхен,Юг,Консервы,Килька в томате,"0,89",195,"173,55"
,6/27/2022,Go Bio,Мюнхен,Юг,Специи,Базилик,"0,7",36,"25,2"
,6/27/2022,Go Bio,Дрезден,Восток,Крупы,Рис,"0,96",134,"128,64"
,6/27/2022,Go Bio,Дрезден,Восток,Сладости,Шоколад,"0,55",121,"66,55"
,6/27/2022,NutriFix,Бремен,Север,Крупы,Гречка,"1,4",73,"102,2"
,6/27/2022,Organica,Бремен,Север,Напитки,Зеленый чай,"0,95",96,"91,2"
,6/27/2022,Go Bio,Дрезден,Восток,Сладости,Мармелад,"0,6",47,"28,2"
,6/27/2022,Go Bio,Дрезден,Восток,Сухофрукты,Сушеные яблоки,"1,09",35,"38,15"
,6/27/2022,NutriFix,Берлин,Восток,Крупы,Гречка,"1,4",302,"422,8"
,6/27/2022,Sweetables,Мюнхен,Юг,Крупы,Гречка,"1,4",173,"242,2"
,6/27/2022,NutriFix,Мюнхен,Юг,Консервы,Говядина тушеная,"1,19",72,"85,68"
,6/27/2022,Organica,Мюнхен,Юг,Консервы,Шпроты,"1,15",68,"78,2"
,6/27/2022,foodbite,Франкфурт,Запад,Специи,Базилик,"0,7",60,42
,6/27/2022,foodbite,Франкфурт,Запад,Крупы,Перловка,"1,2",174,"208,8"
,6/27/2022,foodbite,Бремен,Север,Напитки,Черный чай,"0,99",91,"90,09"
,6/27/2022,Gold Food,Бремен,Север,Масла,Подсолнечное масло,"1,19",136,"161,84"
,6/27/2022,Organica,Бремен,Север,Сухофрукты,Курага,"1,19",28,"33,32"
,6/27/2022,Organica,Бремен,Север,Сыры,Филадельфия ,"0,89",43,"38,27"
,6/28/2022,Cooking Corner,Дрезден,Восток,Сухофрукты,Изюм,"0,99",161,"159,39"
,6/28/2022,Cooking Corner,Мюнхен,Юг,Крупы,Перловка,"1,2",423,"507,6"
,6/28/2022,Go Bio,Мюнхен,Юг,Сухофрукты,Сушеные яблоки,"1,09",103,"112,27"
,6/28/2022,Go Bio,Мюнхен,Юг,Сухофрукты,Сушеные яблоки,"1,09",76,"82,84"
,6/28/2022,foodbite,Кёльн,Запад,Сыры,Моцарелла,"0,59",216,"127,44"
,6/28/2022,NutriFix,Кёльн,Запад,Масла,Сливочное масло,"1,5",183,"274,5"
,6/28/2022,Go Bio,Штутгарт,Юг,Сухофрукты,Курага,"1,19",63,"74,97"
,6/28/2022,Go Bio,Штутгарт,Юг,Крупы,Гречка,"1,4",78,"109,2"
,6/28/2022,mymeal,Штутгарт,Юг,Сладости,Шоколад,"0,55",707,"388,85"
,6/28/2022,NutriFix,Бремен,Север,Напитки,Зеленый чай,"0,95",108,"102,6"
,6/28/2022,foodbite,Кёльн,Запад,Крупы,Гречка,"1,4",117,"163,8"
,6/28/2022,Sweetables,Кёльн,Запад,Сухофрукты,Курага,"1,19",55,"65,45"
,6/28/2022,Cooking Corner,Дрезден,Восток,Специи,Кориандр,"0,65",26,"16,9"
,6/28/2022,NutriFix,Мюнхен,Юг,Масла,Оливковое масло,"1,7",125,"212,5"
,6/28/2022,NutriFix,Мюнхен,Юг,Сыры,Моцарелла,"0,59",209,"123,31"
,6/28/2022,Organica,Мюнхен,Юг,Напитки,Зеленый чай,"0,95",141,"133,95"
,6/28/2022,foodbite,Франкфурт,Запад,Сухофрукты,Изюм,"0,99",129,"127,71"
,6/28/2022,Gold Food,Бремен,Север,Специи,Черный перец,"0,59",56,"33,04"
,6/28/2022,NutriFix,Бремен,Север,Крупы,Перловка,"1,2",112,"134,4"
,6/29/2022,Cooking Corner,Дрезден,Восток,Напитки,Черный чай,"0,99",183,"181,17"
,6/29/2022,Gold Food,Мюнхен,Юг,Масла,Оливковое масло,"1,7",109,"185,3"
,6/29/2022,NutriFix,Кёльн,Запад,Напитки,Кофе,"5,5",35,"192,5"
,6/29/2022,NutriFix,Кёльн,Запад,Консервы,Шпроты,"1,15",56,"64,4"
,6/29/2022,Sweetables,Штутгарт,Юг,Сыры,Моцарелла,"0,59",167,"98,53"
,6/29/2022,Gold Food,Штутгарт,Юг,Сыры,Гауда,"1,59",162,"257,58"
,6/29/2022,Sweetables,Дрезден,Восток,Специи,Черный перец,"0,59",60,"35,4"
,6/29/2022,Gold Food,Штутгарт,Юг,Сыры,Моцарелла,"0,59",165,"97,35"
,6/29/2022,Gold Food,Штутгарт,Юг,Сыры,Филадельфия ,"0,89",72,"64,08"
,6/29/2022,Gold Food,Штутгарт,Юг,Консервы,Килька в томате,"0,89",59,"52,51"
,6/29/2022,Organica,Штутгарт,Юг,Крупы,Рис,"0,96",192,"184,32"
,6/29/2022,Organica,Штутгарт,Юг,Масла,Сливочное масло,"1,5",210,315
,6/29/2022,Cooking Corner,Дрезден,Восток,Сыры,Филадельфия ,"0,89",157,"139,73"
,6/29/2022,Go Bio,Дрезден,Восток,Напитки,Кофе,"5,5",59,"324,5"
,6/29/2022,Gold Food,Мюнхен,Юг,Специи,Базилик,"0,7",70,49
,6/29/2022,Organica,Мюнхен,Юг,Напитки,Черный чай,"0,99",79,"78,21"
,6/29/2022,foodbite,Кёльн,Запад,Консервы,Говядина тушеная,"1,19",38,"45,22"
,6/29/2022,Sweetables,Кёльн,Запад,Специи,Кориандр,"0,65",33,"21,45"
,6/29/2022,NutriFix,Кёльн,Запад,Специи,Базилик,"0,7",44,"30,8"
,6/29/2022,NutriFix,Кёльн,Запад,Масла,Оливковое масло,"1,7",48,"81,6"
,6/29/2022,Gold Food,Франкфурт,Запад,Сухофрукты,Изюм,"0,99",82,"81,18"
,6/29/2022,Gold Food,Франкфурт,Запад,Сладости,Шоколад,"0,55",226,"124,3"
,6/29/2022,Organica,Штутгарт,Юг,Консервы,Килька в томате,"0,89",54,"48,06"
,6/29/2022,Cooking Corner,Дрезден,Восток,Масла,Сливочное масло,"1,5",203,"304,5"
,6/29/2022,Cooking Corner,Берлин,Восток,Консервы,Говядина тушеная,"1,19",214,"254,66"
,6/29/2022,Cooking Corner,Бремен,Север,Специи,Кориандр,"0,65",18,"11,7"
,6/29/2022,Go Bio,Франкфурт,Запад,Специи,Кориандр,"0,65",17,"11,05"
,6/29/2022,mymeal,Штутгарт,Юг,Напитки,Кофе,"5,5",93,"511,5"
,6/29/2022,mymeal,Штутгарт,Юг,Напитки,Зеленый чай,"0,95",374,"355,3"
,6/30/2022,Cooking Corner,Кёльн,Запад,Крупы,Перловка,"1,2",372,"446,4"
,6/30/2022,Gold Food,Франкфурт,Запад,Сухофрукты,Курага,"1,19",75,"89,25"
,6/30/2022,Sweetables,Штутгарт,Юг,Масла,Оливковое масло,"1,7",62,"105,4"
,6/30/2022,Sweetables,Штутгарт,Юг,Сухофрукты,Сушеные яблоки,"1,09",78,"85,02"
,6/30/2022,Sweetables,Штутгарт,Юг,Сыры,Гауда,"1,59",359,"570,81"
,6/30/2022,Sweetables,Штутгарт,Юг,Сыры,Филадельфия ,"0,89",95,"84,55"
,6/30/2022,NutriFix,Штутгарт,Юг,Напитки,Кофе,"5,5",87,"478,5"
,6/30/2022,Cooking Corner,Дрезден,Восток,Сухофрукты,Курага,"1,19",112,"133,28"
,6/30/2022,Cooking Corner,Дрезден,Восток,Консервы,Говядина тушеная,"1,19",47,"55,93"
,6/30/2022,Go Bio,Дрезден,Восток,Масла,Оливковое масло,"1,7",43,"73,1"
,6/30/2022,Gold Food,Мюнхен,Юг,Консервы,Говядина тушеная,"1,19",28,"33,32"
,6/30/2022,mymeal,Кёльн,Запад,Масла,Подсолнечное масло,"1,19",354,"421,26"
,6/30/2022,mymeal,Кёльн,Запад,Крупы,Перловка,"1,2",451,"541,2"
,6/30/2022,NutriFix,Кёльн,Запад,Напитки,Зеленый чай,"0,95",65,"61,75"
,6/30/2022,Gold Food,Франкфурт,Запад,Специи,Базилик,"0,7",44,"30,8"
,6/30/2022,NutriFix,Штутгарт,Юг,Сухофрукты,Сушеные яблоки,"1,09",44,"47,96"
,6/30/2022,NutriFix,Штутгарт,Юг,Сухофрукты,Сушеные яблоки,"1,09",45,"49,05"
,6/30/2022,mymeal,Дрезден,Восток,Сладости,Шоколад,"0,55",452,"248,6"
,6/30/2022,foodbite,Кёльн,Запад,Крупы,Гречка,"1,4",117,"163,8"
,6/30/2022,NutriFix,Франкфурт,Запад,Напитки,Черный чай,"0,99",78,"77,22"
,6/30/2022,Cooking Corner,Бремен,Север,Консервы,Шпроты,"1,15",52,"59,8"
,6/30/2022,mymeal,Бремен,Север,Крупы,Перловка,"1,2",210,252
,6/30/2022,Sweetables,Бремен,Север,Крупы,Рис,"0,96",163,"156,48"
,6/30/2022,Organica,Бремен,Север,Сладости,Зефир,"0,65",22,"14,3"
,6/30/2022,mymeal,Штутгарт,Юг,Напитки,Кофе,"5,5",83,"456,5"
,7/1/2022,Gold Food,Франкфурт,Запад,Консервы,Килька в томате,"0,89",73,"64,97"
,7/1/2022,Gold Food,Франкфурт,Запад,Специи,Кориандр,"0,65",21,"13,65"
,7/1/2022,Sweetables,Штутгарт,Юг,Масла,Подсолнечное масло,"1,19",170,"202,3"
,7/1/2022,mymeal,Берлин,Восток,Сыры,Гауда,"1,59",1755,"2790,45"
,7/1/2022,mymeal,Берлин,Восток,Сухофрукты,Сушеные яблоки,"1,09",233,"253,97"
,7/1/2022,Sweetables,Мюнхен,Юг,Масла,Оливковое масло,"1,7",113,"192,1"
,7/1/2022,Gold Food,Штутгарт,Юг,Сухофрукты,Курага,"1,19",60,"71,4"
,7/1/2022,mymeal,Бремен,Север,Сладости,Мармелад,"0,6",103,"61,8"
,7/1/2022,mymeal,Дрезден,Восток,Консервы,Шпроты,"1,15",81,"93,15"
,7/1/2022,foodbite,Кёльн,Запад,Сухофрукты,Изюм,"0,99",107,"105,93"
,7/1/2022,Sweetables,Кёльн,Запад,Крупы,Перловка,"1,2",260,312
,7/1/2022,NutriFix,Кёльн,Запад,Консервы,Шпроты,"1,15",84,"96,6"
,7/1/2022,NutriFix,Кёльн,Запад,Масла,Сливочное масло,"1,5",177,"265,5"
,7/1/2022,NutriFix,Франкфурт,Запад,Напитки,Кофе,"5,5",75,"412,5"
,7/1/2022,NutriFix,Штутгарт,Юг,Сыры,Гауда,"1,59",276,"438,84"
,7/1/2022,NutriFix,Штутгарт,Юг,Сухофрукты,Изюм,"0,99",92,"91,08"
,7/1/2022,Go Bio,Штутгарт,Юг,Масла,Оливковое масло,"1,7",60,102
,7/1/2022,Go Bio,Штутгарт,Юг,Сыры,Гауда,"1,59",168,"267,12"
,7/1/2022,Sweetables,Бремен,Север,Крупы,Рис,"0,96",185,"177,6"
,7/1/2022,NutriFix,Бремен,Север,Сыры,Филадельфия ,"0,89",43,"38,27"
,7/2/2022,Cooking Corner,Штутгарт,Юг,Крупы,Гречка,"1,4",209,"292,6"
,7/2/2022,Gold Food,Дрезден,Восток,Масла,Оливковое масло,"1,7",47,"79,9"
,7/2/2022,mymeal,Берлин,Восток,Масла,Сливочное масло,"1,5",1140,1710
,7/2/2022,foodbite,Берлин,Восток,Консервы,Килька в томате,"0,89",303,"269,67"
,7/2/2022,Organica,Франкфурт,Запад,Сухофрукты,Изюм,"0,99",52,"51,48"
,7/2/2022,Gold Food,Штутгарт,Юг,Масла,Подсолнечное масло,"1,19",140,"166,6"
,7/2/2022,foodbite,Кёльн,Запад,Сыры,Моцарелла,"0,59",251,"148,09"
,7/2/2022,Sweetables,Кёльн,Запад,Сладости,Мармелад,"0,6",97,"58,2"
,7/2/2022,Sweetables,Кёльн,Запад,Консервы,Шпроты,"1,15",67,"77,05"
,7/2/2022,NutriFix,Кёльн,Запад,Сладости,Шоколад,"0,55",413,"227,15"
,7/2/2022,NutriFix,Штутгарт,Юг,Напитки,Кофе,"5,5",38,209
,7/2/2022,NutriFix,Бремен,Север,Консервы,Говядина тушеная,"1,19",29,"34,51"
,7/2/2022,Go Bio,Кёльн,Запад,Масла,Сливочное масло,"1,5",156,234
,7/2/2022,foodbite,Франкфурт,Запад,Масла,Сливочное масло,"1,5",316,474
,7/2/2022,foodbite,Франкфурт,Запад,Сыры,Филадельфия ,"0,89",127,"113,03"
,7/2/2022,Cooking Corner,Дрезден,Восток,Сухофрукты,Курага,"1,19",88,"104,72"
,7/2/2022,Cooking Corner,Дрезден,Восток,Крупы,Рис,"0,96",334,"320,64"
,7/2/2022,Sweetables,Дрезден,Восток,Напитки,Зеленый чай,"0,95",72,"68,4"
,7/3/2022,Cooking Corner,Штутгарт,Юг,Масла,Сливочное масло,"1,5",302,453
,7/3/2022,Gold Food,Дрезден,Восток,Масла,Подсолнечное масло,"1,19",181,"215,39"
,7/3/2022,foodbite,Берлин,Восток,Сыры,Моцарелла,"0,59",397,"234,23"
,7/3/2022,foodbite,Берлин,Восток,Консервы,Шпроты,"1,15",278,"319,7"
,7/3/2022,Go Bio,Штутгарт,Юг,Сыры,Гауда,"1,59",215,"341,85"
,7/3/2022,Go Bio,Кёльн,Запад,Напитки,Зеленый чай,"0,95",181,"171,95"
,7/3/2022,Go Bio,Кёльн,Запад,Масла,Сливочное масло,"1,5",151,"226,5"
,7/3/2022,Gold Food,Штутгарт,Юг,Консервы,Килька в томате,"0,89",69,"61,41"
,7/3/2022,Organica,Бремен,Север,Специи,Кориандр,"0,65",7,"4,55"
,7/3/2022,Sweetables,Штутгарт,Юг,Консервы,Шпроты,"1,15",41,"47,15"
,7/3/2022,Sweetables,Штутгарт,Юг,Сухофрукты,Сушеные яблоки,"1,09",81,"88,29"
,7/3/2022,Go Bio,Кёльн,Запад,Масла,Оливковое масло,"1,7",66,"112,2"
,7/3/2022,mymeal,Франкфурт,Запад,Консервы,Шпроты,"1,15",75,"86,25"
,7/3/2022,Sweetables,Франкфурт,Запад,Консервы,Говядина тушеная,"1,19",23,"27,37"
,7/3/2022,Sweetables,Франкфурт,Запад,Сухофрукты,Курага,"1,19",85,"101,15"
,7/3/2022,NutriFix,Франкфурт,Запад,Сладости,Шоколад,"0,55",269,"147,95"
,7/3/2022,NutriFix,Франкфурт,Запад,Крупы,Перловка,"1,2",151,"181,2"
,7/3/2022,Cooking Corner,Дрезден,Восток,Сладости,Шоколад,"0,55",295,"162,25"
,7/4/2022,Sweetables,Гамбург,Север,Крупы,Перловка,"1,2",255,306
,7/4/2022,Go Bio,Штутгарт,Юг,Масла,Оливковое масло,"1,7",48,"81,6"
,7/4/2022,Go Bio,Кёльн,Запад,Масла,Оливковое масло,"1,7",68,"115,6"
,7/4/2022,Sweetables,Франкфурт,Запад,Напитки,Черный чай,"0,99",153,"151,47"
,7/4/2022,NutriFix,Франкфурт,Запад,Консервы,Говядина тушеная,"1,19",39,"46,41"
,7/4/2022,foodbite,Дрезден,Восток,Масла,Оливковое масло,"1,7",40,68
,7/5/2022,Sweetables,Гамбург,Север,Напитки,Зеленый чай,"0,95",175,"166,25"
,7/5/2022,Go Bio,Штутгарт,Юг,Крупы,Перловка,"1,2",131,"157,2"
,7/5/2022,mymeal,Кёльн,Запад,Напитки,Черный чай,"0,99",335,"331,65"
,7/5/2022,Sweetables,Кёльн,Запад,Сладости,Зефир,"0,65",47,"30,55"
,7/5/2022,Cooking Corner,Франкфурт,Запад,Сыры,Моцарелла,"0,59",226,"133,34"
,7/5/2022,foodbite,Штутгарт,Юг,Специи,Кориандр,"0,65",18,"11,7"
,7/5/2022,Cooking Corner,Дрезден,Восток,Специи,Базилик,"0,7",52,"36,4"
,7/6/2022,Organica,Берлин,Восток,Масла,Сливочное масло,"1,5",646,969
,7/6/2022,Organica,Берлин,Восток,Специи,Черный перец,"0,59",358,"211,22"
,7/6/2022,Organica,Берлин,Восток,Напитки,Зеленый чай,"0,95",246,"233,7"
,7/6/2022,Go Bio,Берлин,Восток,Крупы,Перловка,"1,2",512,"614,4"
,7/6/2022,Organica,Штутгарт,Юг,Масла,Оливковое масло,"1,7",39,"66,3"
,7/6/2022,mymeal,Кёльн,Запад,Сухофрукты,Курага,"1,19",126,"149,94"
,7/6/2022,Cooking Corner,Франкфурт,Запад,Сладости,Зефир,"0,65",57,"37,05"
,7/6/2022,foodbite,Дрезден,Восток,Специи,Черный перец,"0,59",144,"84,96"
,7/6/2022,NutriFix,Дрезден,Восток,Специи,Черный перец,"0,59",95,"56,05"
,7/7/2022,NutriFix,Берлин,Восток,Консервы,Килька в томате,"0,89",290,"258,1"
,7/7/2022,NutriFix,Берлин,Восток,Консервы,Килька в томате,"0,89",250,"222,5"
,7/7/2022,Organica,Штутгарт,Юг,Консервы,Килька в томате,"0,89",60,"53,4"
,7/7/2022,Gold Food,Мюнхен,Юг,Сыры,Моцарелла,"0,59",206,"121,54"
,7/7/2022,Organica,Мюнхен,Юг,Сыры,Моцарелла,"0,59",177,"104,43"
,7/7/2022,NutriFix,Кёльн,Запад,Масла,Подсолнечное масло,"1,19",236,"280,84"
,7/7/2022,Cooking Corner,Штутгарт,Юг,Специи,Кориандр,"0,65",39,"25,35"
,7/7/2022,Cooking Corner,Штутгарт,Юг,Масла,Подсолнечное масло,"1,19",423,"503,37"
,7/7/2022,NutriFix,Дрезден,Восток,Сладости,Шоколад,"0,55",177,"97,35"
,7/7/2022,mymeal,Мюнхен,Юг,Масла,Сливочное масло,"1,5",537,"805,5"
,7/7/2022,mymeal,Кёльн,Запад,Масла,Подсолнечное масло,"1,19",478,"568,82"
,7/7/2022,foodbite,Кёльн,Запад,Крупы,Рис,"0,96",313,"300,48"
,7/8/2022,NutriFix,Берлин,Восток,Сладости,Зефир,"0,65",143,"92,95"
,7/8/2022,mymeal,Бремен,Север,Крупы,Гречка,"1,4",115,161
,7/8/2022,Organica,Дрезден,Восток,Крупы,Рис,"0,96",186,"178,56"
,7/8/2022,Cooking Corner,Гамбург,Север,Крупы,Гречка,"1,4",447,"625,8"
,7/8/2022,Gold Food,Мюнхен,Юг,Сыры,Филадельфия ,"0,89",120,"106,8"
,7/8/2022,Organica,Мюнхен,Юг,Масла,Оливковое масло,"1,7",70,119
,7/8/2022,NutriFix,Кёльн,Запад,Сыры,Гауда,"1,59",215,"341,85"
,7/8/2022,mymeal,Франкфурт,Запад,Сыры,Гауда,"1,59",508,"807,72"
,7/8/2022,mymeal,Штутгарт,Юг,Сыры,Гауда,"1,59",533,"847,47"
,7/8/2022,Cooking Corner,Штутгарт,Юг,Специи,Черный перец,"0,59",188,"110,92"
,7/8/2022,Organica,Дрезден,Восток,Напитки,Черный чай,"0,99",148,"146,52"
,7/8/2022,mymeal,Кёльн,Запад,Масла,Сливочное масло,"1,5",556,834
,7/8/2022,foodbite,Кёльн,Запад,Консервы,Шпроты,"1,15",91,"104,65"
,7/8/2022,foodbite,Кёльн,Запад,Сыры,Моцарелла,"0,59",228,"134,52"
,7/8/2022,Gold Food,Берлин,Восток,Консервы,Килька в томате,"0,89",208,"185,12"
,7/8/2022,Gold Food,Гамбург,Север,Крупы,Перловка,"1,2",237,"284,4"
,7/8/2022,Go Bio,Кёльн,Запад,Напитки,Кофе,"5,5",55,"302,5"
,7/9/2022,NutriFix,Бремен,Север,Сладости,Мармелад,"0,6",38,"22,8"
,7/9/2022,Go Bio,Бремен,Север,Сыры,Филадельфия ,"0,89",46,"40,94"
,7/9/2022,NutriFix,Дрезден,Восток,Сладости,Зефир,"0,65",26,"16,9"
,7/9/2022,Organica,Дрезден,Восток,Крупы,Перловка,"1,2",126,"151,2"
,7/9/2022,foodbite,Мюнхен,Юг,Напитки,Черный чай,"0,99",123,"121,77"
,7/9/2022,Gold Food,Мюнхен,Юг,Напитки,Кофе,"5,5",150,825
,7/9/2022,mymeal,Франкфурт,Запад,Крупы,Рис,"0,96",355,"340,8"
,7/9/2022,foodbite,Франкфурт,Запад,Крупы,Рис,"0,96",291,"279,36"
,7/9/2022,Cooking Corner,Штутгарт,Юг,Консервы,Килька в томате,"0,89",150,"133,5"
,7/9/2022,Cooking Corner,Штутгарт,Юг,Сыры,Моцарелла,"0,59",230,"135,7"
,7/9/2022,mymeal,Штутгарт,Юг,Напитки,Черный чай,"0,99",179,"177,21"
,7/9/2022,Organica,Дрезден,Восток,Крупы,Рис,"0,96",165,"158,4"
,7/9/2022,Organica,Дрезден,Восток,Напитки,Черный чай,"0,99",55,"54,45"
,7/9/2022,Gold Food,Берлин,Восток,Сухофрукты,Сушеные яблоки,"1,09",216,"235,44"
,7/9/2022,Sweetables,Берлин,Восток,Консервы,Шпроты,"1,15",193,"221,95"
,7/9/2022,Gold Food,Берлин,Восток,Сладости,Шоколад,"0,55",561,"308,55"
,7/9/2022,Gold Food,Берлин,Восток,Крупы,Гречка,"1,4",389,"544,6"
,7/9/2022,NutriFix,Берлин,Восток,Сыры,Моцарелла,"0,59",472,"278,48"
,7/9/2022,Gold Food,Гамбург,Север,Сладости,Мармелад,"0,6",206,"123,6"
,7/9/2022,mymeal,Кёльн,Запад,Крупы,Перловка,"1,2",327,"392,4"
,7/10/2022,NutriFix,Бремен,Север,Консервы,Шпроты,"1,15",37,"42,55"
,7/10/2022,NutriFix,Бремен,Север,Напитки,Черный чай,"0,99",78,"77,22"
,7/10/2022,NutriFix,Дрезден,Восток,Консервы,Говядина тушеная,"1,19",20,"23,8"
,7/10/2022,Cooking Corner,Мюнхен,Юг,Крупы,Перловка,"1,2",397,"476,4"
,7/10/2022,foodbite,Мюнхен,Юг,Сыры,Гауда,"1,59",504,"801,36"
,7/10/2022,Cooking Corner,Штутгарт,Юг,Напитки,Зеленый чай,"0,95",531,"504,45"
,7/10/2022,Gold Food,Берлин,Восток,Крупы,Перловка,"1,2",328,"393,6"
,7/10/2022,Sweetables,Берлин,Восток,Консервы,Килька в томате,"0,89",322,"286,58"
,7/10/2022,NutriFix,Берлин,Восток,Масла,Подсолнечное масло,"1,19",571,"679,49"
,7/10/2022,foodbite,Гамбург,Север,Сухофрукты,Изюм,"0,99",165,"163,35"
,7/10/2022,Gold Food,Гамбург,Север,Напитки,Кофе,"5,5",81,"445,5"
,7/10/2022,Organica,Мюнхен,Юг,Специи,Кориандр,"0,65",24,"15,6"
,7/10/2022,mymeal,Кёльн,Запад,Специи,Кориандр,"0,65",29,"18,85"
,7/11/2022,Gold Food,Гамбург,Север,Крупы,Гречка,"1,4",214,"299,6"
,7/11/2022,NutriFix,Гамбург,Север,Масла,Сливочное масло,"1,5",270,405
,7/11/2022,Cooking Corner,Мюнхен,Юг,Масла,Подсолнечное масло,"1,19",485,"577,15"
,7/11/2022,Go Bio,Франкфурт,Запад,Консервы,Килька в томате,"0,89",49,"43,61"
,7/11/2022,Go Bio,Франкфурт,Запад,Специи,Черный перец,"0,59",199,"117,41"
,7/11/2022,foodbite,Гамбург,Север,Специи,Черный перец,"0,59",547,"322,73"
,7/11/2022,foodbite,Гамбург,Север,Сладости,Шоколад,"0,55",666,"366,3"
,7/11/2022,Go Bio,Гамбург,Север,Консервы,Говядина тушеная,"1,19",72,"85,68"
,7/11/2022,Go Bio,Гамбург,Север,Сыры,Гауда,"1,59",431,"685,29"
,7/11/2022,Sweetables,Мюнхен,Юг,Сладости,Зефир,"0,65",58,"37,7"
,7/11/2022,foodbite,Кёльн,Запад,Напитки,Кофе,"5,5",114,627
,7/11/2022,NutriFix,Кёльн,Запад,Сладости,Мармелад,"0,6",86,"51,6"
,7/12/2022,Cooking Corner,Дрезден,Восток,Сладости,Зефир,"0,65",79,"51,35"
,7/12/2022,Gold Food,Берлин,Восток,Сладости,Шоколад,"0,55",848,"466,4"
,7/12/2022,foodbite,Гамбург,Север,Масла,Подсолнечное масло,"1,19",431,"512,89"
,7/12/2022,foodbite,Гамбург,Север,Сыры,Филадельфия ,"0,89",193,"171,77"
,7/12/2022,Cooking Corner,Гамбург,Север,Сыры,Гауда,"1,59",1144,"1818,96"
,7/12/2022,Cooking Corner,Гамбург,Север,Масла,Подсолнечное масло,"1,19",844,"1004,36"
,7/12/2022,mymeal,Гамбург,Север,Напитки,Кофе,"5,5",294,1617
,7/12/2022,mymeal,Гамбург,Север,Сыры,Гауда,"1,59",814,"1294,26"
,7/12/2022,Go Bio,Гамбург,Север,Масла,Сливочное масло,"1,5",380,570
,7/12/2022,Sweetables,Мюнхен,Юг,Сладости,Мармелад,"0,6",110,66
,7/12/2022,Cooking Corner,Кёльн,Запад,Крупы,Перловка,"1,2",401,"481,2"
,7/12/2022,foodbite,Кёльн,Запад,Сухофрукты,Изюм,"0,99",93,"92,07"
,7/12/2022,Sweetables,Франкфурт,Запад,Крупы,Гречка,"1,4",114,"159,6"
,7/12/2022,Sweetables,Франкфурт,Запад,Специи,Черный перец,"0,59",135,"79,65"
,7/13/2022,Cooking Corner,Дрезден,Восток,Напитки,Кофе,"5,5",112,616
,7/13/2022,Cooking Corner,Дрезден,Восток,Специи,Базилик,"0,7",70,49
,7/13/2022,Sweetables,Берлин,Восток,Масла,Оливковое масло,"1,7",165,"280,5"
,7/13/2022,foodbite,Гамбург,Север,Специи,Базилик,"0,7",76,"53,2"
,7/13/2022,Cooking Corner,Гамбург,Север,Консервы,Килька в томате,"0,89",328,"291,92"
,7/13/2022,mymeal,Гамбург,Север,Сладости,Зефир,"0,65",178,"115,7"
,7/13/2022,Organica,Франкфурт,Запад,Сыры,Моцарелла,"0,59",161,"94,99"
,7/13/2022,NutriFix,Штутгарт,Юг,Масла,Оливковое масло,"1,7",57,"96,9"
,7/14/2022,NutriFix,Гамбург,Север,Напитки,Черный чай,"0,99",129,"127,71"
,7/14/2022,Organica,Гамбург,Север,Специи,Кориандр,"0,65",30,"19,5"
,7/14/2022,Gold Food,Франкфурт,Запад,Сухофрукты,Сушеные яблоки,"1,09",66,"71,94"
,7/14/2022,NutriFix,Франкфурт,Запад,Сухофрукты,Сушеные яблоки,"1,09",73,"79,57"
,7/14/2022,Organica,Франкфурт,Запад,Крупы,Рис,"0,96",221,"212,16"
,7/15/2022,Sweetables,Гамбург,Север,Напитки,Кофе,"5,5",148,814
,7/15/2022,NutriFix,Гамбург,Север,Напитки,Кофе,"5,5",162,891
,7/15/2022,Organica,Гамбург,Север,Сыры,Моцарелла,"0,59",260,"153,4"
,7/15/2022,NutriFix,Франкфурт,Запад,Сыры,Моцарелла,"0,59",166,"97,94"
,7/15/2022,NutriFix,Франкфурт,Запад,Сладости,Шоколад,"0,55",371,"204,05"
,7/15/2022,Organica,Франкфурт,Запад,Консервы,Килька в томате,"0,89",74,"65,86"
,7/16/2022,NutriFix,Гамбург,Север,Консервы,Килька в томате,"0,89",201,"178,89"
,7/18/2022,NutriFix,Дрезден,Восток,Крупы,Перловка,"1,2",140,168
,7/18/2022,Organica,Берлин,Восток,Специи,Базилик,"0,7",92,"64,4"
,7/19/2022,mymeal,Бремен,Север,Консервы,Говядина тушеная,"1,19",27,"32,13"
,7/19/2022,mymeal,Бремен,Север,Крупы,Перловка,"1,2",204,"244,8"
,7/19/2022,NutriFix,Дрезден,Восток,Масла,Подсолнечное масло,"1,19",125,"148,75"
,7/19/2022,NutriFix,Дрезден,Восток,Масла,Оливковое масло,"1,7",36,"61,2"
,7/19/2022,Organica,Берлин,Восток,Крупы,Перловка,"1,2",504,"604,8"
,7/19/2022,Sweetables,Гамбург,Север,Крупы,Гречка,"1,4",263,"368,2"
,7/20/2022,Cooking Corner,Дрезден,Восток,Сыры,Моцарелла,"0,59",199,"117,41"
,7/20/2022,foodbite,Дрезден,Восток,Масла,Подсолнечное масло,"1,19",191,"227,29"
,7/20/2022,foodbite,Дрезден,Восток,Масла,Оливковое масло,"1,7",57,"96,9"
,7/20/2022,foodbite,Гамбург,Север,Сухофрукты,Курага,"1,19",179,"213,01"
,7/20/2022,Sweetables,Гамбург,Север,Масла,Подсолнечное масло,"1,19",396,"471,24"
,7/21/2022,NutriFix,Берлин,Восток,Сыры,Моцарелла,"0,59",524,"309,16"
,7/21/2022,NutriFix,Берлин,Восток,Напитки,Зеленый чай,"0,95",438,"416,1"
,7/21/2022,NutriFix,Берлин,Восток,Консервы,Говядина тушеная,"1,19",88,"104,72"
,7/21/2022,mymeal,Гамбург,Север,Сыры,Гауда,"1,59",762,"1211,58"
,7/21/2022,foodbite,Гамбург,Север,Консервы,Говядина тушеная,"1,19",43,"51,17"
,7/21/2022,foodbite,Гамбург,Север,Специи,Кориандр,"0,65",49,"31,85"
,7/22/2022,Gold Food,Берлин,Восток,Напитки,Зеленый чай,"0,95",308,"292,6"
,7/22/2022,mymeal,Гамбург,Север,Масла,Оливковое масло,"1,7",194,"329,8"
,7/22/2022,mymeal,Гамбург,Север,Специи,Базилик,"0,7",102,"71,4"
,7/22/2022,NutriFix,Гамбург,Север,Масла,Сливочное масло,"1,5",345,"517,5"
,7/22/2022,NutriFix,Бремен,Север,Специи,Базилик,"0,7",23,"16,1"
,7/22/2022,NutriFix,Бремен,Север,Масла,Подсолнечное масло,"1,19",86,"102,34"
,7/23/2022,Cooking Corner,Берлин,Восток,Напитки,Черный чай,"0,99",1595,"1579,05"
,7/23/2022,NutriFix,Гамбург,Север,Сухофрукты,Курага,"1,19",85,"101,15"
,7/23/2022,NutriFix,Гамбург,Север,Сладости,Мармелад,"0,6",179,"107,4"
,7/23/2022,foodbite,Кёльн,Запад,Масла,Сливочное масло,"1,5",234,351
,7/23/2022,NutriFix,Бремен,Север,Сыры,Гауда,"1,59",135,"214,65"
,7/24/2022,Cooking Corner,Берлин,Восток,Сладости,Шоколад,"0,55",1588,"873,4"
,7/24/2022,mymeal,Берлин,Восток,Сладости,Шоколад,"0,55",1727,"949,85"
,7/24/2022,mymeal,Берлин,Восток,Сухофрукты,Курага,"1,19",379,"451,01"
,7/24/2022,Go Bio,Гамбург,Север,Сухофрукты,Курага,"1,19",82,"97,58"
,7/24/2022,mymeal,Кёльн,Запад,Крупы,Рис,"0,96",457,"438,72"
,7/24/2022,foodbite,Кёльн,Запад,Сыры,Филадельфия ,"0,89",102,"90,78"
,7/24/2022,Sweetables,Кёльн,Запад,Сладости,Шоколад,"0,55",326,"179,3"
,7/24/2022,Cooking Corner,Бремен,Север,Консервы,Шпроты,"1,15",69,"79,35"
,7/25/2022,Go Bio,Гамбург,Север,Сухофрукты,Сушеные яблоки,"1,09",111,"120,99"
,7/25/2022,mymeal,Кёльн,Запад,Специи,Базилик,"0,7",84,"58,8"
,7/25/2022,mymeal,Кёльн,Запад,Консервы,Говядина тушеная,"1,19",66,"78,54"
,7/25/2022,foodbite,Кёльн,Запад,Сладости,Мармелад,"0,6",93,"55,8"
,7/25/2022,Sweetables,Кёльн,Запад,Сухофрукты,Сушеные яблоки,"1,09",56,"61,04"
,7/25/2022,Go Bio,Кёльн,Запад,Сухофрукты,Сушеные яблоки,"1,09",56,"61,04"
,7/25/2022,Sweetables,Дрезден,Восток,Специи,Базилик,"0,7",39,"27,3"
,7/26/2022,mymeal,Мюнхен,Юг,Крупы,Гречка,"1,4",288,"403,2"
,7/26/2022,mymeal,Мюнхен,Юг,Сухофрукты,Сушеные яблоки,"1,09",235,"256,15"
,7/26/2022,Gold Food,Кёльн,Запад,Консервы,Шпроты,"1,15",66,"75,9"
,7/26/2022,Go Bio,Кёльн,Запад,Сыры,Гауда,"1,59",152,"241,68"
,7/26/2022,foodbite,Дрезден,Восток,Специи,Черный перец,"0,59",125,"73,75"
,7/26/2022,Sweetables,Дрезден,Восток,Специи,Базилик,"0,7",29,"20,3"
,7/27/2022,foodbite,Дрезден,Восток,Сыры,Гауда,"1,59",155,"246,45"
,7/27/2022,mymeal,Берлин,Восток,Напитки,Зеленый чай,"0,95",590,"560,5"
,7/27/2022,Gold Food,Берлин,Восток,Напитки,Черный чай,"0,99",436,"431,64"
,7/27/2022,NutriFix,Берлин,Восток,Крупы,Гречка,"1,4",268,"375,2"
,7/27/2022,Go Bio,Штутгарт,Юг,Сухофрукты,Курага,"1,19",56,"66,64"
,7/27/2022,Go Bio,Штутгарт,Юг,Масла,Подсолнечное масло,"1,19",180,"214,2"
,7/28/2022,NutriFix,Штутгарт,Юг,Масла,Сливочное масло,"1,5",248,372
,7/28/2022,NutriFix,Штутгарт,Юг,Сыры,Моцарелла,"0,59",138,"81,42"
,7/28/2022,foodbite,Дрезден,Восток,Сухофрукты,Сушеные яблоки,"1,09",65,"70,85"
,7/28/2022,mymeal,Берлин,Восток,Сладости,Мармелад,"0,6",323,"193,8"
,7/28/2022,Gold Food,Берлин,Восток,Сладости,Зефир,"0,65",148,"96,2"
,7/28/2022,NutriFix,Берлин,Восток,Напитки,Зеленый чай,"0,95",686,"651,7"
,7/28/2022,NutriFix,Берлин,Восток,Сухофрукты,Курага,"1,19",125,"148,75"
,7/28/2022,Sweetables,Мюнхен,Юг,Напитки,Черный чай,"0,99",248,"245,52"
,7/28/2022,Go Bio,Штутгарт,Юг,Сыры,Гауда,"1,59",177,"281,43"
,7/29/2022,Sweetables,Мюнхен,Юг,Специи,Базилик,"0,7",88,"61,6"
,7/29/2022,Gold Food,Франкфурт,Запад,Сухофрукты,Курага,"1,19",78,"92,82"
,7/29/2022,Gold Food,Франкфурт,Запад,Напитки,Зеленый чай,"0,95",174,"165,3"
,7/29/2022,NutriFix,Штутгарт,Юг,Сыры,Моцарелла,"0,59",197,"116,23"
,7/29/2022,NutriFix,Штутгарт,Юг,Консервы,Говядина тушеная,"1,19",36,"42,84"
,7/29/2022,foodbite,Берлин,Восток,Сухофрукты,Изюм,"0,99",201,"198,99"
,7/29/2022,Sweetables,Берлин,Восток,Масла,Сливочное масло,"1,5",571,"856,5"
,7/29/2022,Organica,Берлин,Восток,Крупы,Рис,"0,96",596,"572,16"
,7/29/2022,Organica,Берлин,Восток,Сухофрукты,Курага,"1,19",160,"190,4"
,7/29/2022,Cooking Corner,Берлин,Восток,Напитки,Зеленый чай,"0,95",623,"591,85"
,7/29/2022,Sweetables,Мюнхен,Юг,Сыры,Филадельфия ,"0,89",169,"150,41"
,7/29/2022,Organica,Мюнхен,Юг,Специи,Кориандр,"0,65",29,"18,85"
,7/29/2022,Organica,Мюнхен,Юг,Сыры,Моцарелла,"0,59",250,"147,5"
,7/29/2022,Go Bio,Дрезден,Восток,Масла,Сливочное масло,"1,5",113,"169,5"
,7/29/2022,Cooking Corner,Кёльн,Запад,Консервы,Килька в томате,"0,89",209,"186,01"
,7/30/2022,Sweetables,Мюнхен,Юг,Напитки,Кофе,"5,5",75,"412,5"
,7/30/2022,Sweetables,Франкфурт,Запад,Специи,Базилик,"0,7",59,"41,3"
,7/30/2022,Sweetables,Франкфурт,Запад,Консервы,Говядина тушеная,"1,19",30,"35,7"
,7/30/2022,Gold Food,Франкфурт,Запад,Напитки,Черный чай,"0,99",272,"269,28"
,7/30/2022,Cooking Corner,Штутгарт,Юг,Сухофрукты,Сушеные яблоки,"1,09",138,"150,42"
,7/30/2022,NutriFix,Штутгарт,Юг,Специи,Кориандр,"0,65",26,"16,9"
,7/30/2022,mymeal,Франкфурт,Запад,Напитки,Зеленый чай,"0,95",130,"123,5"
,7/30/2022,Cooking Corner,Берлин,Восток,Специи,Кориандр,"0,65",127,"82,55"
,7/30/2022,Gold Food,Мюнхен,Юг,Сыры,Гауда,"1,59",294,"467,46"
,7/30/2022,Organica,Кёльн,Запад,Сыры,Моцарелла,"0,59",188,"110,92"
,7/30/2022,Organica,Кёльн,Запад,Консервы,Говядина тушеная,"1,19",16,"19,04"
,7/30/2022,Organica,Бремен,Север,Сухофрукты,Курага,"1,19",22,"26,18"
,7/30/2022,Gold Food,Дрезден,Восток,Специи,Базилик,"0,7",26,"18,2"
,7/30/2022,Gold Food,Дрезден,Восток,Масла,Сливочное масло,"1,5",113,"169,5"
,7/30/2022,Cooking Corner,Берлин,Восток,Сухофрукты,Курага,"1,19",457,"543,83"
,7/30/2022,Gold Food,Берлин,Восток,Масла,Оливковое масло,"1,7",130,221
,7/30/2022,Gold Food,Берлин,Восток,Консервы,Шпроты,"1,15",86,"98,9"
,7/30/2022,Organica,Мюнхен,Юг,Сладости,Мармелад,"0,6",109,"65,4"
,7/30/2022,Go Bio,Мюнхен,Юг,Крупы,Перловка,"1,2",152,"182,4"
,7/30/2022,NutriFix,Штутгарт,Юг,Консервы,Говядина тушеная,"1,19",18,"21,42"
,7/30/2022,Go Bio,Дрезден,Восток,Специи,Кориандр,"0,65",10,"6,5"
,7/30/2022,Cooking Corner,Берлин,Восток,Масла,Сливочное масло,"1,5",1601,"2401,5"
,7/30/2022,Cooking Corner,Берлин,Восток,Крупы,Перловка,"1,2",765,918
,7/31/2022,NutriFix,Штутгарт,Юг,Масла,Оливковое масло,"1,7",41,"69,7"
,7/31/2022,Cooking Corner,Франкфурт,Запад,Сладости,Зефир,"0,65",100,65
,7/31/2022,Cooking Corner,Франкфурт,Запад,Сладости,Зефир,"0,65",81,"52,65"
,7/31/2022,mymeal,Франкфурт,Запад,Специи,Базилик,"0,7",61,"42,7"
,7/31/2022,mymeal,Франкфурт,Запад,Консервы,Шпроты,"1,15",109,"125,35"
,7/31/2022,Cooking Corner,Берлин,Восток,Напитки,Черный чай,"0,99",1384,"1370,16"
,7/31/2022,Gold Food,Мюнхен,Юг,Крупы,Рис,"0,96",381,"365,76"
,7/31/2022,Sweetables,Кёльн,Запад,Крупы,Рис,"0,96",214,"205,44"
,7/31/2022,Sweetables,Кёльн,Запад,Сыры,Моцарелла,"0,59",172,"101,48"
,7/31/2022,NutriFix,Кёльн,Запад,Консервы,Шпроты,"1,15",38,"43,7"
,7/31/2022,Organica,Кёльн,Запад,Сладости,Шоколад,"0,55",323,"177,65"
,7/31/2022,Sweetables,Франкфурт,Запад,Специи,Черный перец,"0,59",221,"130,39"
,7/31/2022,Gold Food,Франкфурт,Запад,Напитки,Кофе,"5,5",46,253
,7/31/2022,Organica,Франкфурт,Запад,Сыры,Моцарелла,"0,59",151,"89,09"
,7/31/2022,Organica,Франкфурт,Запад,Консервы,Говядина тушеная,"1,19",39,"46,41"
,7/31/2022,Sweetables,Дрезден,Восток,Сухофрукты,Курага,"1,19",48,"57,12"
,7/31/2022,Gold Food,Дрезден,Восток,Специи,Черный перец,"0,59",187,"110,33"
,7/31/2022,Gold Food,Берлин,Восток,Напитки,Черный чай,"0,99",402,"397,98"
,7/31/2022,Go Bio,Мюнхен,Юг,Масла,Сливочное масло,"1,5",272,408
,7/31/2022,Go Bio,Мюнхен,Юг,Сыры,Гауда,"1,59",286,"454,74"
,7/31/2022,Cooking Corner,Кёльн,Запад,Крупы,Гречка,"1,4",288,"403,2"
,7/31/2022,NutriFix,Штутгарт,Юг,Сыры,Гауда,"1,59",221,"351,39"
,7/31/2022,Cooking Corner,Берлин,Восток,Специи,Кориандр,"0,65",111,"72,15"
,8/1/2022,mymeal,Берлин,Восток,Сыры,Гауда,"1,59",1193,"1896,87"
,8/1/2022,mymeal,Мюнхен,Юг,Масла,Подсолнечное масло,"1,19",720,"856,8"
,8/1/2022,foodbite,Кёльн,Запад,Сыры,Гауда,"1,59",355,"564,45"
,8/1/2022,Cooking Corner,Кёльн,Запад,Крупы,Перловка,"1,2",315,378
,8/1/2022,foodbite,Кёльн,Запад,Напитки,Черный чай,"0,99",244,"241,56"
,8/1/2022,mymeal,Мюнхен,Юг,Напитки,Кофе,"5,5",225,"1237,5"
,8/1/2022,NutriFix,Кёльн,Запад,Крупы,Перловка,"1,2",223,"267,6"
,8/1/2022,Sweetables,Мюнхен,Юг,Сухофрукты,Изюм,"0,99",130,"128,7"
,8/1/2022,Gold Food,Франкфурт,Запад,Сладости,Мармелад,"0,6",103,"61,8"
,8/1/2022,foodbite,Штутгарт,Юг,Сладости,Мармелад,"0,6",92,"55,2"
,8/1/2022,Sweetables,Дрезден,Восток,Сладости,Мармелад,"0,6",75,45
,8/1/2022,foodbite,Берлин,Восток,Специи,Кориандр,"0,65",53,"34,45"
,8/1/2022,NutriFix,Штутгарт,Юг,Масла,Оливковое масло,"1,7",75,"127,5"
,8/1/2022,Gold Food,Мюнхен,Юг,Сладости,Зефир,"0,65",45,"29,25"
,8/1/2022,Organica,Франкфурт,Запад,Напитки,Черный чай,"0,99",52,"51,48"
,8/1/2022,Organica,Берлин,Восток,Специи,Кориандр,"0,65",40,26
,8/1/2022,foodbite,Кёльн,Запад,Консервы,Шпроты,"1,15",40,46
,8/1/2022,Sweetables,Бремен,Север,Специи,Базилик,"0,7",34,"23,8"
,8/1/2022,Sweetables,Кёльн,Запад,Специи,Кориандр,"0,65",33,"21,45"
,8/1/2022,NutriFix,Бремен,Север,Консервы,Шпроты,"1,15",22,"25,3"
,8/2/2022,mymeal,Мюнхен,Юг,Сыры,Гауда,"1,59",543,"863,37"
,8/2/2022,mymeal,Берлин,Восток,Напитки,Кофе,"5,5",488,2684
,8/2/2022,Sweetables,Мюнхен,Юг,Специи,Черный перец,"0,59",417,"246,03"
,8/2/2022,Go Bio,Гамбург,Север,Напитки,Черный чай,"0,99",407,"402,93"
,8/2/2022,foodbite,Кёльн,Запад,Сыры,Моцарелла,"0,59",273,"161,07"
,8/2/2022,foodbite,Франкфурт,Запад,Масла,Подсолнечное масло,"1,19",273,"324,87"
,8/2/2022,foodbite,Франкфурт,Запад,Крупы,Рис,"0,96",230,"220,8"
,8/2/2022,foodbite,Дрезден,Восток,Напитки,Черный чай,"0,99",169,"167,31"
,8/2/2022,Sweetables,Мюнхен,Юг,Напитки,Черный чай,"0,99",125,"123,75"
,8/2/2022,mymeal,Франкфурт,Запад,Консервы,Килька в томате,"0,89",116,"103,24"
,8/2/2022,Cooking Corner,Дрезден,Восток,Сухофрукты,Изюм,"0,99",82,"81,18"
,8/2/2022,Cooking Corner,Дрезден,Восток,Сладости,Зефир,"0,65",72,"46,8"
,8/2/2022,foodbite,Кёльн,Запад,Сладости,Зефир,"0,65",53,"34,45"
,8/2/2022,NutriFix,Кёльн,Запад,Сухофрукты,Курага,"1,19",53,"63,07"
,8/2/2022,Cooking Corner,Дрезден,Восток,Специи,Кориандр,"0,65",34,"22,1"
,8/3/2022,mymeal,Берлин,Восток,Сыры,Гауда,"1,59",1469,"2335,71"
,8/3/2022,mymeal,Мюнхен,Юг,Крупы,Рис,"0,96",645,"619,2"
,8/3/2022,Go Bio,Мюнхен,Юг,Сладости,Шоколад,"0,55",363,"199,65"
,8/3/2022,foodbite,Кёльн,Запад,Крупы,Рис,"0,96",342,"328,32"
,8/3/2022,foodbite,Гамбург,Север,Сладости,Мармелад,"0,6",147,"88,2"
,8/3/2022,mymeal,Франкфурт,Запад,Сладости,Мармелад,"0,6",177,"106,2"
,8/3/2022,Go Bio,Дрезден,Восток,Сыры,Моцарелла,"0,59",122,"71,98"
,8/3/2022,Sweetables,Штутгарт,Юг,Крупы,Гречка,"1,4",137,"191,8"
,8/3/2022,foodbite,Франкфурт,Запад,Сухофрукты,Изюм,"0,99",98,"97,02"
,8/3/2022,NutriFix,Франкфурт,Запад,Консервы,Килька в томате,"0,89",91,"80,99"
,8/3/2022,NutriFix,Франкфурт,Запад,Сладости,Мармелад,"0,6",82,"49,2"
,8/3/2022,foodbite,Бремен,Север,Напитки,Черный чай,"0,99",58,"57,42"
,8/3/2022,NutriFix,Франкфурт,Запад,Сладости,Мармелад,"0,6",68,"40,8"
,8/3/2022,Gold Food,Штутгарт,Юг,Сухофрукты,Курага,"1,19",69,"82,11"
,8/3/2022,mymeal,Франкфурт,Запад,Консервы,Шпроты,"1,15",59,"67,85"
,8/3/2022,Gold Food,Дрезден,Восток,Консервы,Килька в томате,"0,89",56,"49,84"
,8/3/2022,foodbite,Франкфурт,Запад,Консервы,Шпроты,"1,15",44,"50,6"
,8/3/2022,Organica,Дрезден,Восток,Масла,Оливковое масло,"1,7",44,"74,8"
,8/3/2022,Gold Food,Кёльн,Запад,Консервы,Шпроты,"1,15",32,"36,8"
,8/3/2022,Gold Food,Дрезден,Восток,Специи,Кориандр,"0,65",20,13
,8/4/2022,foodbite,Гамбург,Север,Масла,Сливочное масло,"1,5",549,"823,5"
,8/4/2022,Cooking Corner,Мюнхен,Юг,Масла,Подсолнечное масло,"1,19",417,"496,23"
,8/4/2022,Gold Food,Гамбург,Север,Специи,Черный перец,"0,59",321,"189,39"
,8/4/2022,foodbite,Гамбург,Север,Крупы,Гречка,"1,4",245,343
,8/4/2022,foodbite,Мюнхен,Юг,Напитки,Зеленый чай,"0,95",243,"230,85"
,8/4/2022,mymeal,Мюнхен,Юг,Масла,Оливковое масло,"1,7",230,391
,8/4/2022,Cooking Corner,Бремен,Север,Масла,Сливочное масло,"1,5",221,"331,5"
,8/4/2022,mymeal,Мюнхен,Юг,Консервы,Шпроты,"1,15",184,"211,6"
,8/4/2022,Go Bio,Мюнхен,Юг,Крупы,Гречка,"1,4",173,"242,2"
,8/4/2022,Cooking Corner,Бремен,Север,Сыры,Моцарелла,"0,59",162,"95,58"
,8/4/2022,mymeal,Штутгарт,Юг,Сыры,Моцарелла,"0,59",215,"126,85"
,8/4/2022,foodbite,Франкфурт,Запад,Сыры,Моцарелла,"0,59",181,"106,79"
,8/4/2022,foodbite,Кёльн,Запад,Сухофрукты,Изюм,"0,99",138,"136,62"
,8/4/2022,Sweetables,Мюнхен,Юг,Сухофрукты,Изюм,"0,99",137,"135,63"
,8/4/2022,mymeal,Гамбург,Север,Консервы,Говядина тушеная,"1,19",132,"157,08"
,8/4/2022,Gold Food,Штутгарт,Юг,Сыры,Гауда,"1,59",176,"279,84"
,8/4/2022,Sweetables,Берлин,Восток,Напитки,Кофе,"5,5",112,616
,8/4/2022,Go Bio,Мюнхен,Юг,Сладости,Мармелад,"0,6",111,"66,6"
,8/4/2022,Gold Food,Дрезден,Восток,Напитки,Черный чай,"0,99",144,"142,56"
,8/4/2022,Gold Food,Гамбург,Север,Консервы,Шпроты,"1,15",105,"120,75"
,8/4/2022,Sweetables,Мюнхен,Юг,Специи,Базилик,"0,7",86,"60,2"
,8/4/2022,mymeal,Штутгарт,Юг,Сухофрукты,Курага,"1,19",123,"146,37"
,8/4/2022,Gold Food,Кёльн,Запад,Консервы,Килька в томате,"0,89",78,"69,42"
,8/4/2022,Gold Food,Гамбург,Север,Специи,Базилик,"0,7",71,"49,7"
,8/4/2022,Organica,Гамбург,Север,Напитки,Кофе,"5,5",68,374
,8/4/2022,NutriFix,Франкфурт,Запад,Специи,Черный перец,"0,59",83,"48,97"
,8/4/2022,Gold Food,Штутгарт,Юг,Напитки,Кофе,"5,5",95,"522,5"
,8/4/2022,Cooking Corner,Бремен,Север,Масла,Оливковое масло,"1,7",51,"86,7"
,8/4/2022,Organica,Дрезден,Восток,Крупы,Гречка,"1,4",64,"89,6"
,8/4/2022,foodbite,Штутгарт,Юг,Сухофрукты,Курага,"1,19",71,"84,49"
,8/4/2022,Organica,Гамбург,Север,Консервы,Говядина тушеная,"1,19",30,"35,7"
,8/5/2022,Sweetables,Берлин,Восток,Специи,Черный перец,"0,59",543,"320,37"
,8/5/2022,mymeal,Гамбург,Север,Крупы,Гречка,"1,4",462,"646,8"
,8/5/2022,mymeal,Гамбург,Север,Сыры,Филадельфия ,"0,89",352,"313,28"
,8/5/2022,Go Bio,Мюнхен,Юг,Сыры,Гауда,"1,59",334,"531,06"
,8/5/2022,Organica,Мюнхен,Юг,Крупы,Перловка,"1,2",276,"331,2"
,8/5/2022,mymeal,Штутгарт,Юг,Специи,Черный перец,"0,59",365,"215,35"
,8/5/2022,foodbite,Берлин,Восток,Напитки,Кофе,"5,5",235,"1292,5"
,8/5/2022,foodbite,Кёльн,Запад,Масла,Сливочное масло,"1,5",226,339
,8/5/2022,foodbite,Бремен,Север,Крупы,Рис,"0,96",208,"199,68"
,8/5/2022,foodbite,Кёльн,Запад,Крупы,Перловка,"1,2",207,"248,4"
,8/5/2022,Organica,Кёльн,Запад,Крупы,Рис,"0,96",168,"161,28"
,8/5/2022,Gold Food,Штутгарт,Юг,Специи,Черный перец,"0,59",218,"128,62"
,8/5/2022,Gold Food,Штутгарт,Юг,Сыры,Филадельфия ,"0,89",99,"88,11"
,8/5/2022,Cooking Corner,Бремен,Север,Сладости,Мармелад,"0,6",64,"38,4"
,8/5/2022,Organica,Гамбург,Север,Специи,Базилик,"0,7",58,"40,6"
,8/5/2022,foodbite,Бремен,Север,Сухофрукты,Изюм,"0,99",49,"48,51"
,8/5/2022,foodbite,Штутгарт,Юг,Масла,Оливковое масло,"1,7",71,"120,7"
,8/5/2022,NutriFix,Франкфурт,Запад,Сладости,Мармелад,"0,6",57,"34,2"
,8/5/2022,foodbite,Франкфурт,Запад,Сухофрукты,Сушеные яблоки,"1,09",49,"53,41"
,8/5/2022,Gold Food,Штутгарт,Юг,Напитки,Черный чай,"0,99",56,"55,44"
,8/5/2022,Organica,Мюнхен,Юг,Консервы,Говядина тушеная,"1,19",32,"38,08"
,8/6/2022,foodbite,Берлин,Восток,Специи,Черный перец,"0,59",775,"457,25"
,8/6/2022,Sweetables,Берлин,Восток,Сыры,Моцарелла,"0,59",696,"410,64"
,8/6/2022,Cooking Corner,Гамбург,Север,Крупы,Гречка,"1,4",426,"596,4"
,8/6/2022,NutriFix,Мюнхен,Юг,Сыры,Гауда,"1,59",411,"653,49"
,8/6/2022,NutriFix,Мюнхен,Юг,Масла,Сливочное масло,"1,5",399,"598,5"
,8/6/2022,mymeal,Франкфурт,Запад,Напитки,Зеленый чай,"0,95",514,"488,3"
,8/6/2022,Sweetables,Берлин,Восток,Сладости,Мармелад,"0,6",252,"151,2"
,8/6/2022,mymeal,Франкфурт,Запад,Крупы,Перловка,"1,2",277,"332,4"
,8/6/2022,Cooking Corner,Гамбург,Север,Сладости,Зефир,"0,65",207,"134,55"
,8/6/2022,foodbite,Франкфурт,Запад,Масла,Подсолнечное масло,"1,19",265,"315,35"
,8/6/2022,foodbite,Берлин,Восток,Масла,Оливковое масло,"1,7",167,"283,9"
,8/6/2022,NutriFix,Франкфурт,Запад,Сыры,Моцарелла,"0,59",185,"109,15"
,8/6/2022,Gold Food,Франкфурт,Запад,Специи,Черный перец,"0,59",160,"94,4"
,8/6/2022,mymeal,Бремен,Север,Напитки,Кофе,"5,5",118,649
,8/6/2022,Organica,Мюнхен,Юг,Консервы,Килька в томате,"0,89",117,"104,13"
,8/6/2022,Sweetables,Бремен,Север,Сыры,Моцарелла,"0,59",81,"47,79"
,8/6/2022,Gold Food,Штутгарт,Юг,Консервы,Килька в томате,"0,89",107,"95,23"
,8/6/2022,Go Bio,Мюнхен,Юг,Масла,Оливковое масло,"1,7",62,"105,4"
,8/6/2022,Go Bio,Мюнхен,Юг,Консервы,Шпроты,"1,15",61,"70,15"
,8/6/2022,Cooking Corner,Дрезден,Восток,Специи,Базилик,"0,7",65,"45,5"
,8/6/2022,Organica,Кёльн,Запад,Масла,Оливковое масло,"1,7",46,"78,2"
,8/6/2022,Go Bio,Штутгарт,Юг,Сухофрукты,Курага,"1,19",51,"60,69"
,8/6/2022,foodbite,Франкфурт,Запад,Сладости,Зефир,"0,65",44,"28,6"
,8/7/2022,Organica,Берлин,Восток,Масла,Подсолнечное масло,"1,19",581,"691,39"
,8/7/2022,NutriFix,Мюнхен,Юг,Напитки,Черный чай,"0,99",388,"384,12"
,8/7/2022,mymeal,Бремен,Север,Крупы,Рис,"0,96",257,"246,72"
,8/7/2022,NutriFix,Гамбург,Север,Консервы,Килька в томате,"0,89",152,"135,28"
,8/7/2022,foodbite,Бремен,Север,Крупы,Рис,"0,96",126,"120,96"
,8/7/2022,Go Bio,Берлин,Восток,Сладости,Зефир,"0,65",126,"81,9"
,8/7/2022,NutriFix,Мюнхен,Юг,Сыры,Филадельфия ,"0,89",125,"111,25"
,8/7/2022,mymeal,Франкфурт,Запад,Консервы,Шпроты,"1,15",156,"179,4"
,8/7/2022,NutriFix,Мюнхен,Юг,Сухофрукты,Курага,"1,19",117,"139,23"
,8/7/2022,Organica,Кёльн,Запад,Крупы,Перловка,"1,2",106,"127,2"
,8/7/2022,Gold Food,Франкфурт,Запад,Напитки,Черный чай,"0,99",124,"122,76"
,8/7/2022,NutriFix,Мюнхен,Юг,Сухофрукты,Сушеные яблоки,"1,09",73,"79,57"
,8/7/2022,Cooking Corner,Дрезден,Восток,Напитки,Зеленый чай,"0,95",81,"76,95"
,8/7/2022,Cooking Corner,Штутгарт,Юг,Консервы,Шпроты,"1,15",92,"105,8"
,8/7/2022,Gold Food,Франкфурт,Запад,Сухофрукты,Сушеные яблоки,"1,09",72,"78,48"
,8/7/2022,NutriFix,Мюнхен,Юг,Специи,Кориандр,"0,65",23,"14,95"
,8/7/2022,Organica,Штутгарт,Юг,Специи,Базилик,"0,7",32,"22,4"
,8/7/2022,Go Bio,Бремен,Север,Сладости,Зефир,"0,65",18,"11,7"
,8/8/2022,NutriFix,Мюнхен,Юг,Напитки,Черный чай,"0,99",357,"353,43"
,8/8/2022,Cooking Corner,Гамбург,Север,Напитки,Зеленый чай,"0,95",355,"337,25"
,8/8/2022,Cooking Corner,Штутгарт,Юг,Специи,Черный перец,"0,59",479,"282,61"
,8/8/2022,Gold Food,Мюнхен,Юг,Сыры,Моцарелла,"0,59",304,"179,36"
,8/8/2022,mymeal,Бремен,Север,Сыры,Гауда,"1,59",260,"413,4"
,8/8/2022,Cooking Corner,Гамбург,Север,Специи,Базилик,"0,7",188,"131,6"
,8/8/2022,Organica,Берлин,Восток,Масла,Оливковое масло,"1,7",144,"244,8"
,8/8/2022,Cooking Corner,Штутгарт,Юг,Крупы,Гречка,"1,4",189,"264,6"
,8/8/2022,mymeal,Бремен,Север,Крупы,Перловка,"1,2",120,144
,8/8/2022,NutriFix,Мюнхен,Юг,Сухофрукты,Сушеные яблоки,"1,09",115,"125,35"
,8/8/2022,Cooking Corner,Штутгарт,Юг,Сыры,Филадельфия ,"0,89",143,"127,27"
,8/8/2022,foodbite,Бремен,Север,Напитки,Зеленый чай,"0,95",88,"83,6"
,8/8/2022,mymeal,Штутгарт,Юг,Сладости,Мармелад,"0,6",123,"73,8"
,8/8/2022,Sweetables,Дрезден,Восток,Сладости,Мармелад,"0,6",82,"49,2"
,8/8/2022,NutriFix,Дрезден,Восток,Специи,Черный перец,"0,59",77,"45,43"
,8/8/2022,Organica,Штутгарт,Юг,Сухофрукты,Изюм,"0,99",80,"79,2"
,8/8/2022,NutriFix,Бремен,Север,Сладости,Мармелад,"0,6",51,"30,6"
,8/8/2022,Go Bio,Кёльн,Запад,Сладости,Зефир,"0,65",46,"29,9"
,8/8/2022,Organica,Бремен,Север,Сыры,Филадельфия ,"0,89",39,"34,71"
,8/8/2022,Go Bio,Кёльн,Запад,Консервы,Говядина тушеная,"1,19",31,"36,89"
,8/8/2022,Go Bio,Франкфурт,Запад,Консервы,Шпроты,"1,15",39,"44,85"
,8/8/2022,Gold Food,Франкфурт,Запад,Сладости,Зефир,"0,65",35,"22,75"
,8/8/2022,Go Bio,Бремен,Север,Масла,Оливковое масло,"1,7",25,"42,5"
,8/8/2022,Sweetables,Бремен,Север,Сладости,Зефир,"0,65",20,13
,8/9/2022,Go Bio,Берлин,Восток,Сыры,Гауда,"1,59",891,"1416,69"
,8/9/2022,Organica,Берлин,Восток,Масла,Сливочное масло,"1,5",631,"946,5"
,8/9/2022,Sweetables,Гамбург,Север,Крупы,Рис,"0,96",553,"530,88"
,8/9/2022,Gold Food,Мюнхен,Юг,Сыры,Гауда,"1,59",484,"769,56"
,8/9/2022,Sweetables,Мюнхен,Юг,Масла,Сливочное масло,"1,5",416,624
,8/9/2022,mymeal,Бремен,Север,Крупы,Рис,"0,96",263,"252,48"
,8/9/2022,mymeal,Франкфурт,Запад,Сыры,Моцарелла,"0,59",334,"197,06"
,8/9/2022,Gold Food,Кёльн,Запад,Сыры,Моцарелла,"0,59",210,"123,9"
,8/9/2022,foodbite,Бремен,Север,Сладости,Шоколад,"0,55",182,"100,1"
,8/9/2022,Cooking Corner,Гамбург,Север,Сладости,Зефир,"0,65",178,"115,7"
,8/9/2022,Organica,Кёльн,Запад,Сыры,Гауда,"1,59",158,"251,22"
,8/9/2022,mymeal,Бремен,Север,Крупы,Гречка,"1,4",119,"166,6"
,8/9/2022,Gold Food,Мюнхен,Юг,Масла,Оливковое масло,"1,7",107,"181,9"
,8/9/2022,Organica,Кёльн,Запад,Сладости,Мармелад,"0,6",75,45
,8/9/2022,NutriFix,Франкфурт,Запад,Сладости,Мармелад,"0,6",88,"52,8"
,8/9/2022,foodbite,Гамбург,Север,Консервы,Говядина тушеная,"1,19",66,"78,54"
,8/9/2022,Sweetables,Бремен,Север,Специи,Черный перец,"0,59",65,"38,35"
,8/9/2022,Organica,Штутгарт,Юг,Консервы,Килька в томате,"0,89",89,"79,21"
,8/9/2022,Organica,Гамбург,Север,Консервы,Говядина тушеная,"1,19",52,"61,88"
,8/9/2022,Go Bio,Кёльн,Запад,Специи,Базилик,"0,7",45,"31,5"
,8/9/2022,foodbite,Бремен,Север,Сладости,Мармелад,"0,6",38,"22,8"
,8/9/2022,Organica,Бремен,Север,Сухофрукты,Сушеные яблоки,"1,09",24,"26,16"
,8/10/2022,mymeal,Мюнхен,Юг,Сыры,Гауда,"1,59",803,"1276,77"
,8/10/2022,foodbite,Мюнхен,Юг,Сыры,Гауда,"1,59",472,"750,48"
,8/10/2022,mymeal,Мюнхен,Юг,Сыры,Моцарелла,"0,59",471,"277,89"
,8/10/2022,Cooking Corner,Франкфурт,Запад,Сладости,Шоколад,"0,55",512,"281,6"
,8/10/2022,foodbite,Кёльн,Запад,Масла,Подсолнечное масло,"1,19",319,"379,61"
,8/10/2022,foodbite,Франкфурт,Запад,Крупы,Рис,"0,96",250,240
,8/10/2022,Sweetables,Мюнхен,Юг,Крупы,Гречка,"1,4",182,"254,8"
,8/10/2022,Sweetables,Бремен,Север,Напитки,Черный чай,"0,99",164,"162,36"
,8/10/2022,Gold Food,Гамбург,Север,Специи,Базилик,"0,7",105,"73,5"
,8/10/2022,mymeal,Франкфурт,Запад,Консервы,Килька в томате,"0,89",133,"118,37"
,8/10/2022,NutriFix,Кёльн,Запад,Сыры,Филадельфия ,"0,89",75,"66,75"
,8/10/2022,Organica,Гамбург,Север,Консервы,Говядина тушеная,"1,19",41,"48,79"
,8/10/2022,Organica,Дрезден,Восток,Специи,Базилик,"0,7",31,"21,7"
,8/10/2022,Organica,Кёльн,Запад,Специи,Кориандр,"0,65",23,"14,95"
,8/10/2022,Organica,Бремен,Север,Специи,Базилик,"0,7",15,"10,5"
,8/11/2022,Sweetables,Гамбург,Север,Сыры,Гауда,"1,59",453,"720,27"
,8/11/2022,Cooking Corner,Мюнхен,Юг,Сыры,Моцарелла,"0,59",425,"250,75"
,8/11/2022,Go Bio,Кёльн,Запад,Специи,Черный перец,"0,59",223,"131,57"
,8/11/2022,Sweetables,Мюнхен,Юг,Напитки,Зеленый чай,"0,95",201,"190,95"
,8/11/2022,Go Bio,Берлин,Восток,Консервы,Килька в томате,"0,89",165,"146,85"
,8/11/2022,Gold Food,Франкфурт,Запад,Напитки,Зеленый чай,"0,95",211,"200,45"
,8/11/2022,Gold Food,Штутгарт,Юг,Масла,Сливочное масло,"1,5",237,"355,5"
,8/11/2022,foodbite,Мюнхен,Юг,Специи,Черный перец,"0,59",156,"92,04"
,8/11/2022,Cooking Corner,Мюнхен,Юг,Сухофрукты,Сушеные яблоки,"1,09",149,"162,41"
,8/11/2022,Gold Food,Гамбург,Север,Сухофрукты,Сушеные яблоки,"1,09",140,"152,6"
,8/11/2022,Organica,Берлин,Восток,Масла,Оливковое масло,"1,7",119,"202,3"
,8/11/2022,Gold Food,Гамбург,Север,Консервы,Говядина тушеная,"1,19",92,"109,48"
,8/11/2022,Go Bio,Кёльн,Запад,Крупы,Гречка,"1,4",89,"124,6"
,8/11/2022,mymeal,Бремен,Север,Сладости,Мармелад,"0,6",85,51
,8/11/2022,Organica,Дрезден,Восток,Сыры,Гауда,"1,59",109,"173,31"
,8/11/2022,mymeal,Франкфурт,Запад,Сладости,Зефир,"0,65",88,"57,2"
,8/11/2022,Sweetables,Кёльн,Запад,Консервы,Говядина тушеная,"1,19",63,"74,97"
,8/11/2022,Cooking Corner,Бремен,Север,Сухофрукты,Курага,"1,19",62,"73,78"
,8/11/2022,Organica,Дрезден,Восток,Специи,Черный перец,"0,59",74,"43,66"
,8/11/2022,Sweetables,Кёльн,Запад,Консервы,Шпроты,"1,15",56,"64,4"
,8/11/2022,NutriFix,Дрезден,Восток,Сладости,Мармелад,"0,6",70,42
,8/11/2022,Sweetables,Бремен,Север,Сладости,Мармелад,"0,6",39,"23,4"
,8/11/2022,Cooking Corner,Бремен,Север,Сладости,Зефир,"0,65",36,"23,4"
,8/11/2022,Gold Food,Штутгарт,Юг,Специи,Базилик,"0,7",32,"22,4"
,8/12/2022,foodbite,Гамбург,Север,Сыры,Гауда,"1,59",568,"903,12"
,8/12/2022,NutriFix,Берлин,Восток,Сыры,Моцарелла,"0,59",555,"327,45"
,8/12/2022,mymeal,Кёльн,Запад,Сладости,Шоколад,"0,55",503,"276,65"
,8/12/2022,NutriFix,Гамбург,Север,Крупы,Перловка,"1,2",347,"416,4"
,8/12/2022,Gold Food,Гамбург,Север,Специи,Черный перец,"0,59",311,"183,49"
,8/12/2022,Gold Food,Штутгарт,Юг,Масла,Сливочное масло,"1,5",231,"346,5"
,8/12/2022,mymeal,Мюнхен,Юг,Сладости,Зефир,"0,65",135,"87,75"
,8/12/2022,Organica,Берлин,Восток,Масла,Оливковое масло,"1,7",133,"226,1"
,8/12/2022,mymeal,Мюнхен,Юг,Сладости,Зефир,"0,65",133,"86,45"
,8/12/2022,Organica,Штутгарт,Юг,Напитки,Зеленый чай,"0,95",188,"178,6"
,8/12/2022,Go Bio,Дрезден,Восток,Крупы,Рис,"0,96",147,"141,12"
,8/12/2022,Gold Food,Гамбург,Север,Сухофрукты,Курага,"1,19",101,"120,19"
,8/12/2022,mymeal,Бремен,Север,Специи,Черный перец,"0,59",101,"59,59"
,8/12/2022,Gold Food,Дрезден,Восток,Крупы,Гречка,"1,4",86,"120,4"
,8/12/2022,Go Bio,Мюнхен,Юг,Масла,Оливковое масло,"1,7",60,102
,8/12/2022,foodbite,Дрезден,Восток,Напитки,Кофе,"5,5",77,"423,5"
,8/12/2022,Organica,Франкфурт,Запад,Напитки,Кофе,"5,5",68,374
,8/12/2022,Gold Food,Дрезден,Восток,Напитки,Черный чай,"0,99",57,"56,43"
,8/12/2022,foodbite,Мюнхен,Юг,Консервы,Говядина тушеная,"1,19",30,"35,7"
,8/12/2022,Go Bio,Кёльн,Запад,Специи,Кориандр,"0,65",13,"8,45"
,8/13/2022,Cooking Corner,Кёльн,Запад,Крупы,Рис,"0,96",539,"517,44"
,8/13/2022,Cooking Corner,Берлин,Восток,Сухофрукты,Сушеные яблоки,"1,09",383,"417,47"
,8/13/2022,mymeal,Мюнхен,Юг,Сухофрукты,Изюм,"0,99",283,"280,17"
,8/13/2022,Organica,Мюнхен,Юг,Крупы,Перловка,"1,2",272,"326,4"
,8/13/2022,NutriFix,Гамбург,Север,Сладости,Мармелад,"0,6",205,123
,8/13/2022,Gold Food,Гамбург,Север,Специи,Черный перец,"0,59",194,"114,46"
,8/13/2022,Go Bio,Кёльн,Запад,Сыры,Моцарелла,"0,59",179,"105,61"
,8/13/2022,Organica,Берлин,Восток,Масла,Оливковое масло,"1,7",177,"300,9"
,8/13/2022,Sweetables,Дрезден,Восток,Масла,Подсолнечное масло,"1,19",224,"266,56"
,8/13/2022,Gold Food,Дрезден,Восток,Крупы,Рис,"0,96",218,"209,28"
,8/13/2022,Organica,Мюнхен,Юг,Крупы,Перловка,"1,2",164,"196,8"
,8/13/2022,Go Bio,Берлин,Восток,Консервы,Шпроты,"1,15",152,"174,8"
,8/13/2022,mymeal,Мюнхен,Юг,Специи,Базилик,"0,7",135,"94,5"
,8/13/2022,Sweetables,Гамбург,Север,Масла,Оливковое масло,"1,7",123,"209,1"
,8/13/2022,Organica,Штутгарт,Юг,Крупы,Перловка,"1,2",114,"136,8"
,8/13/2022,Sweetables,Дрезден,Восток,Специи,Черный перец,"0,59",81,"47,79"
,8/13/2022,Sweetables,Дрезден,Восток,Напитки,Кофе,"5,5",65,"357,5"
,8/13/2022,Sweetables,Дрезден,Восток,Сладости,Мармелад,"0,6",53,"31,8"
,8/13/2022,Organica,Франкфурт,Запад,Напитки,Кофе,"5,5",35,"192,5"
,8/13/2022,Organica,Штутгарт,Юг,Напитки,Кофе,"5,5",36,198
,8/14/2022,Cooking Corner,Гамбург,Север,Напитки,Кофе,"5,5",1171,"6440,5"
,8/14/2022,mymeal,Мюнхен,Юг,Напитки,Кофе,"5,5",1082,5951
,8/14/2022,Cooking Corner,Берлин,Восток,Напитки,Кофе,"5,5",836,4598
,8/14/2022,mymeal,Гамбург,Север,Крупы,Перловка,"1,2",670,804
,8/14/2022,Cooking Corner,Кёльн,Запад,Напитки,Зеленый чай,"0,95",600,570
,8/14/2022,Gold Food,Берлин,Восток,Специи,Черный перец,"0,59",590,"348,1"
,8/14/2022,Cooking Corner,Кёльн,Запад,Сыры,Моцарелла,"0,59",467,"275,53"
,8/14/2022,Sweetables,Гамбург,Север,Масла,Сливочное масло,"1,5",444,666
,8/14/2022,Organica,Мюнхен,Юг,Сыры,Гауда,"1,59",399,"634,41"
,8/14/2022,Sweetables,Гамбург,Север,Сухофрукты,Изюм,"0,99",207,"204,93"
,8/14/2022,Organica,Гамбург,Север,Крупы,Гречка,"1,4",168,"235,2"
,8/14/2022,Gold Food,Дрезден,Восток,Крупы,Рис,"0,96",163,"156,48"
,8/14/2022,NutriFix,Штутгарт,Юг,Крупы,Перловка,"1,2",140,168
,8/14/2022,Go Bio,Штутгарт,Юг,Сухофрукты,Изюм,"0,99",89,"88,11"
,8/14/2022,Organica,Кёльн,Запад,Напитки,Кофе,"5,5",52,286
,8/14/2022,Go Bio,Штутгарт,Юг,Консервы,Килька в томате,"0,89",75,"66,75"
,8/14/2022,Go Bio,Штутгарт,Юг,Напитки,Черный чай,"0,99",56,"55,44"
,8/14/2022,NutriFix,Штутгарт,Юг,Специи,Базилик,"0,7",53,"37,1"
,8/14/2022,Sweetables,Дрезден,Восток,Специи,Базилик,"0,7",39,"27,3"
,8/14/2022,Go Bio,Штутгарт,Юг,Специи,Базилик,"0,7",36,"25,2"
,8/14/2022,Cooking Corner,Франкфурт,Запад,Специи,Кориандр,"0,65",31,"20,15"
,8/14/2022,Gold Food,Штутгарт,Юг,Специи,Кориандр,"0,65",17,"11,05"
,8/15/2022,mymeal,Гамбург,Север,Напитки,Кофе,"5,5",942,5181
,8/15/2022,mymeal,Кёльн,Запад,Напитки,Кофе,"5,5",505,"2777,5"
,8/15/2022,Organica,Гамбург,Север,Сыры,Гауда,"1,59",441,"701,19"
,8/15/2022,Gold Food,Берлин,Восток,Специи,Черный перец,"0,59",349,"205,91"
,8/15/2022,mymeal,Штутгарт,Юг,Напитки,Зеленый чай,"0,95",503,"477,85"
,8/15/2022,Cooking Corner,Берлин,Восток,Сухофрукты,Курага,"1,19",289,"343,91"
,8/15/2022,Gold Food,Берлин,Восток,Консервы,Килька в томате,"0,89",268,"238,52"
,8/15/2022,mymeal,Штутгарт,Юг,Крупы,Перловка,"1,2",386,"463,2"
,8/15/2022,Cooking Corner,Кёльн,Запад,Сыры,Филадельфия ,"0,89",228,"202,92"
,8/15/2022,Gold Food,Берлин,Восток,Консервы,Говядина тушеная,"1,19",151,"179,69"
,8/15/2022,mymeal,Гамбург,Север,Сладости,Зефир,"0,65",150,"97,5"
,8/15/2022,Go Bio,Штутгарт,Юг,Напитки,Зеленый чай,"0,95",218,"207,1"
,8/15/2022,Organica,Гамбург,Север,Консервы,Килька в томате,"0,89",118,"105,02"
,8/15/2022,Go Bio,Штутгарт,Юг,Сладости,Шоколад,"0,55",173,"95,15"
,8/15/2022,Go Bio,Франкфурт,Запад,Сыры,Моцарелла,"0,59",146,"86,14"
,8/15/2022,Gold Food,Дрезден,Восток,Сыры,Гауда,"1,59",144,"228,96"
,8/15/2022,Gold Food,Штутгарт,Юг,Сыры,Филадельфия ,"0,89",95,"84,55"
,8/15/2022,mymeal,Штутгарт,Юг,Сладости,Зефир,"0,65",90,"58,5"
,8/15/2022,foodbite,Кёльн,Запад,Сухофрукты,Сушеные яблоки,"1,09",58,"63,22"
,8/15/2022,Go Bio,Штутгарт,Юг,Консервы,Килька в томате,"0,89",87,"77,43"
,8/15/2022,Go Bio,Штутгарт,Юг,Сухофрукты,Изюм,"0,99",59,"58,41"
,8/15/2022,NutriFix,Кёльн,Запад,Специи,Базилик,"0,7",39,"27,3"
,8/15/2022,Gold Food,Штутгарт,Юг,Специи,Базилик,"0,7",33,"23,1"
,8/16/2022,Organica,Берлин,Восток,Масла,Сливочное масло,"1,5",513,"769,5"
,8/16/2022,Go Bio,Мюнхен,Юг,Масла,Подсолнечное масло,"1,19",282,"335,58"
,8/16/2022,Cooking Corner,Кёльн,Запад,Специи,Черный перец,"0,59",269,"158,71"
,8/16/2022,NutriFix,Берлин,Восток,Сладости,Мармелад,"0,6",218,"130,8"
,8/16/2022,Go Bio,Мюнхен,Юг,Напитки,Зеленый чай,"0,95",216,"205,2"
,8/16/2022,Gold Food,Гамбург,Север,Сухофрукты,Курага,"1,19",150,"178,5"
,8/16/2022,NutriFix,Кёльн,Запад,Сухофрукты,Изюм,"0,99",78,"77,22"
,8/16/2022,Go Bio,Франкфурт,Запад,Сладости,Мармелад,"0,6",91,"54,6"
,8/16/2022,Gold Food,Штутгарт,Юг,Консервы,Шпроты,"1,15",54,"62,1"
,8/16/2022,Go Bio,Мюнхен,Юг,Специи,Кориандр,"0,65",27,"17,55"
,8/16/2022,Organica,Дрезден,Восток,Консервы,Килька в томате,"0,89",34,"30,26"
,8/16/2022,Go Bio,Франкфурт,Запад,Специи,Кориандр,"0,65",20,13
,8/17/2022,Cooking Corner,Берлин,Восток,Напитки,Кофе,"5,5",1747,"9608,5"
,8/17/2022,Organica,Берлин,Восток,Напитки,Кофе,"5,5",225,"1237,5"
,8/17/2022,Organica,Кёльн,Запад,Напитки,Кофе,"5,5",202,1111
,8/17/2022,Sweetables,Кёльн,Запад,Специи,Черный перец,"0,59",193,"113,87"
,8/17/2022,Go Bio,Бремен,Север,Крупы,Рис,"0,96",144,"138,24"
,8/17/2022,NutriFix,Кёльн,Запад,Сыры,Филадельфия ,"0,89",108,"96,12"
,8/17/2022,Gold Food,Франкфурт,Запад,Напитки,Черный чай,"0,99",117,"115,83"
,8/17/2022,Gold Food,Штутгарт,Юг,Напитки,Кофе,"5,5",95,"522,5"
,8/17/2022,Gold Food,Штутгарт,Юг,Сыры,Филадельфия ,"0,89",84,"74,76"
,8/17/2022,Gold Food,Франкфурт,Запад,Сухофрукты,Изюм,"0,99",68,"67,32"
,8/17/2022,mymeal,Франкфурт,Запад,Консервы,Говядина тушеная,"1,19",40,"47,6"
,8/17/2022,Organica,Бремен,Север,Сухофрукты,Курага,"1,19",23,"27,37"
,8/18/2022,foodbite,Берлин,Восток,Напитки,Кофе,"5,5",1119,"6154,5"
,8/18/2022,foodbite,Франкфурт,Запад,Напитки,Кофе,"5,5",373,"2051,5"
,8/18/2022,NutriFix,Франкфурт,Запад,Сладости,Шоколад,"0,55",298,"163,9"
,8/18/2022,NutriFix,Бремен,Север,Напитки,Черный чай,"0,99",123,"121,77"
,8/18/2022,Sweetables,Штутгарт,Юг,Масла,Подсолнечное масло,"1,19",182,"216,58"
,8/18/2022,Sweetables,Штутгарт,Юг,Консервы,Килька в томате,"0,89",126,"112,14"
,8/18/2022,Gold Food,Франкфурт,Запад,Сыры,Филадельфия ,"0,89",101,"89,89"
,8/18/2022,Sweetables,Франкфурт,Запад,Специи,Базилик,"0,7",55,"38,5"
,8/18/2022,Organica,Бремен,Север,Крупы,Гречка,"1,4",42,"58,8"
,8/18/2022,Go Bio,Бремен,Север,Консервы,Шпроты,"1,15",27,"31,05"
,8/19/2022,foodbite,Берлин,Восток,Крупы,Гречка,"1,4",386,"540,4"
,8/19/2022,Gold Food,Кёльн,Запад,Крупы,Рис,"0,96",357,"342,72"
,8/19/2022,Gold Food,Кёльн,Запад,Крупы,Рис,"0,96",268,"257,28"
,8/19/2022,foodbite,Берлин,Восток,Сыры,Филадельфия ,"0,89",203,"180,67"
,8/19/2022,Cooking Corner,Дрезден,Восток,Сладости,Мармелад,"0,6",135,81
,8/19/2022,Gold Food,Кёльн,Запад,Сладости,Мармелад,"0,6",63,"37,8"
,8/19/2022,Sweetables,Штутгарт,Юг,Напитки,Зеленый чай,"0,95",93,"88,35"
,8/19/2022,Cooking Corner,Дрезден,Восток,Сухофрукты,Сушеные яблоки,"1,09",61,"66,49"
,8/19/2022,Go Bio,Бремен,Север,Сухофрукты,Сушеные яблоки,"1,09",39,"42,51"
,8/19/2022,Organica,Бремен,Север,Специи,Кориандр,"0,65",12,"7,8"
,8/20/2022,foodbite,Гамбург,Север,Сладости,Шоколад,"0,55",420,231
,8/20/2022,Gold Food,Гамбург,Север,Масла,Подсолнечное масло,"1,19",264,"314,16"
,8/20/2022,Gold Food,Гамбург,Север,Сыры,Филадельфия ,"0,89",200,178
,8/20/2022,NutriFix,Дрезден,Восток,Масла,Сливочное масло,"1,5",176,264
,8/20/2022,Go Bio,Гамбург,Север,Сухофрукты,Курага,"1,19",95,"113,05"
,8/20/2022,Cooking Corner,Дрезден,Восток,Сыры,Филадельфия ,"0,89",96,"85,44"
,8/20/2022,Cooking Corner,Бремен,Север,Консервы,Говядина тушеная,"1,19",38,"45,22"
,8/20/2022,Go Bio,Бремен,Север,Специи,Кориандр,"0,65",10,"6,5"
,8/21/2022,Gold Food,Гамбург,Север,Сладости,Шоколад,"0,55",699,"384,45"
,8/21/2022,Cooking Corner,Гамбург,Север,Сыры,Моцарелла,"0,59",643,"379,37"
,8/21/2022,Go Bio,Бремен,Север,Крупы,Перловка,"1,2",84,"100,8"
,8/21/2022,NutriFix,Дрезден,Восток,Специи,Базилик,"0,7",21,"14,7"
,8/22/2022,Cooking Corner,Гамбург,Север,Сыры,Филадельфия ,"0,89",301,"267,89"
,8/22/2022,Sweetables,Гамбург,Север,Напитки,Кофе,"5,5",127,"698,5"
,8/22/2022,foodbite,Бремен,Север,Консервы,Шпроты,"1,15",39,"44,85"
,8/22/2022,Gold Food,Дрезден,Восток,Напитки,Зеленый чай,"0,95",40,38
,8/22/2022,foodbite,Дрезден,Восток,Специи,Базилик,"0,7",34,"23,8"
,8/22/2022,NutriFix,Дрезден,Восток,Консервы,Говядина тушеная,"1,19",33,"39,27"
,8/23/2022,Sweetables,Гамбург,Север,Сладости,Шоколад,"0,55",700,385
,8/23/2022,Gold Food,Берлин,Восток,Сладости,Мармелад,"0,6",287,"172,2"
,8/23/2022,NutriFix,Гамбург,Север,Консервы,Шпроты,"1,15",123,"141,45"
,8/23/2022,Organica,Дрезден,Восток,Крупы,Перловка,"1,2",126,"151,2"
,8/23/2022,Organica,Дрезден,Восток,Масла,Сливочное масло,"1,5",103,"154,5"
,8/23/2022,Cooking Corner,Штутгарт,Юг,Специи,Базилик,"0,7",104,"72,8"
,8/23/2022,mymeal,Дрезден,Восток,Консервы,Говядина тушеная,"1,19",27,"32,13"
,8/24/2022,Cooking Corner,Штутгарт,Юг,Крупы,Перловка,"1,2",261,"313,2"
,8/24/2022,Sweetables,Гамбург,Север,Консервы,Шпроты,"1,15",172,"197,8"
,8/24/2022,Cooking Corner,Штутгарт,Юг,Специи,Черный перец,"0,59",221,"130,39"
,8/24/2022,Organica,Дрезден,Восток,Крупы,Рис,"0,96",174,"167,04"
,8/24/2022,NutriFix,Гамбург,Север,Масла,Оливковое масло,"1,7",114,"193,8"
,8/24/2022,Cooking Corner,Штутгарт,Юг,Сухофрукты,Изюм,"0,99",123,"121,77"
,8/24/2022,Cooking Corner,Штутгарт,Юг,Сладости,Зефир,"0,65",104,"67,6"
,8/24/2022,Cooking Corner,Гамбург,Север,Специи,Кориандр,"0,65",69,"44,85"
,8/24/2022,Cooking Corner,Штутгарт,Юг,Масла,Оливковое масло,"1,7",92,"156,4"
,8/24/2022,mymeal,Дрезден,Восток,Сладости,Зефир,"0,65",42,"27,3"
,8/25/2022,Gold Food,Мюнхен,Юг,Сыры,Моцарелла,"0,59",281,"165,79"
,8/25/2022,Sweetables,Франкфурт,Запад,Масла,Сливочное масло,"1,5",324,486
,8/25/2022,Go Bio,Дрезден,Восток,Сладости,Шоколад,"0,55",233,"128,15"
,8/25/2022,Gold Food,Мюнхен,Юг,Сухофрукты,Курага,"1,19",81,"96,39"
,8/25/2022,Gold Food,Мюнхен,Юг,Масла,Оливковое масло,"1,7",74,"125,8"
,8/25/2022,Go Bio,Дрезден,Восток,Сухофрукты,Сушеные яблоки,"1,09",42,"45,78"
,8/26/2022,Sweetables,Кёльн,Запад,Сыры,Моцарелла,"0,59",190,"112,1"
,8/26/2022,Go Bio,Берлин,Восток,Сладости,Мармелад,"0,6",183,"109,8"
,8/26/2022,Cooking Corner,Берлин,Восток,Специи,Кориандр,"0,65",140,91
,8/26/2022,Sweetables,Франкфурт,Запад,Масла,Оливковое масло,"1,7",90,153
,8/26/2022,Organica,Дрезден,Восток,Сладости,Мармелад,"0,6",47,"28,2"
,8/26/2022,Sweetables,Штутгарт,Юг,Напитки,Кофе,"5,5",45,"247,5"
,8/26/2022,Gold Food,Штутгарт,Юг,Специи,Базилик,"0,7",44,"30,8"
,8/26/2022,Organica,Дрезден,Восток,Консервы,Килька в томате,"0,89",38,"33,82"
,8/26/2022,Go Bio,Кёльн,Запад,Специи,Кориандр,"0,65",15,"9,75"
,8/26/2022,Sweetables,Дрезден,Восток,Специи,Кориандр,"0,65",20,13
,8/27/2022,Cooking Corner,Берлин,Восток,Напитки,Кофе,"5,5",1604,8822
,8/27/2022,Cooking Corner,Штутгарт,Юг,Напитки,Кофе,"5,5",750,4125
,8/27/2022,mymeal,Франкфурт,Запад,Масла,Сливочное масло,"1,5",399,"598,5"
,8/27/2022,mymeal,Штутгарт,Юг,Сладости,Шоколад,"0,55",404,"222,2"
,8/27/2022,NutriFix,Кёльн,Запад,Сладости,Шоколад,"0,55",269,"147,95"
,8/27/2022,Organica,Франкфурт,Запад,Крупы,Перловка,"1,2",153,"183,6"
,8/27/2022,Go Bio,Берлин,Восток,Специи,Базилик,"0,7",108,"75,6"
,8/27/2022,Gold Food,Штутгарт,Юг,Масла,Подсолнечное масло,"1,19",147,"174,93"
,8/27/2022,foodbite,Гамбург,Север,Консервы,Говядина тушеная,"1,19",87,"103,53"
,8/27/2022,Go Bio,Мюнхен,Юг,Специи,Базилик,"0,7",60,42
,8/27/2022,Gold Food,Кёльн,Запад,Консервы,Говядина тушеная,"1,19",52,"61,88"
,8/27/2022,Organica,Франкфурт,Запад,Напитки,Кофе,"5,5",48,264
,8/27/2022,Organica,Дрезден,Восток,Сухофрукты,Курага,"1,19",38,"45,22"
,8/28/2022,foodbite,Гамбург,Север,Крупы,Рис,"0,96",542,"520,32"
,8/28/2022,Go Bio,Берлин,Восток,Напитки,Черный чай,"0,99",438,"433,62"
,8/28/2022,Go Bio,Мюнхен,Юг,Сыры,Гауда,"1,59",371,"589,89"
,8/28/2022,mymeal,Штутгарт,Юг,Специи,Черный перец,"0,59",390,"230,1"
,8/28/2022,Gold Food,Берлин,Восток,Сухофрукты,Сушеные яблоки,"1,09",185,"201,65"
,8/28/2022,Go Bio,Дрезден,Восток,Специи,Черный перец,"0,59",159,"93,81"
,8/28/2022,foodbite,Гамбург,Север,Специи,Базилик,"0,7",114,"79,8"
,8/28/2022,NutriFix,Кёльн,Запад,Сладости,Зефир,"0,65",59,"38,35"
,8/28/2022,Organica,Дрезден,Восток,Сухофрукты,Изюм,"0,99",62,"61,38"
,8/28/2022,Organica,Франкфурт,Запад,Сыры,Филадельфия ,"0,89",59,"52,51"
,8/28/2022,NutriFix,Бремен,Север,Консервы,Килька в томате,"0,89",43,"38,27"
,8/28/2022,Go Bio,Мюнхен,Юг,Специи,Кориандр,"0,65",34,"22,1"
,8/29/2022,Gold Food,Берлин,Восток,Напитки,Кофе,"5,5",888,4884
,8/29/2022,Go Bio,Штутгарт,Юг,Напитки,Кофе,"5,5",153,"841,5"
,8/29/2022,Cooking Corner,Франкфурт,Запад,Напитки,Кофе,"5,5",121,"665,5"
,8/29/2022,foodbite,Дрезден,Восток,Сухофрукты,Курага,"1,19",36,"42,84"
,8/29/2022,NutriFix,Бремен,Север,Специи,Базилик,"0,7",24,"16,8"
,8/30/2022,Cooking Corner,Франкфурт,Запад,Крупы,Перловка,"1,2",309,"370,8"
,8/30/2022,Sweetables,Бремен,Север,Сыры,Гауда,"1,59",169,"268,71"
,8/30/2022,Cooking Corner,Франкфурт,Запад,Консервы,Килька в томате,"0,89",205,"182,45"
,8/30/2022,NutriFix,Франкфурт,Запад,Консервы,Килька в томате,"0,89",107,"95,23"
,8/30/2022,Cooking Corner,Дрезден,Восток,Сладости,Зефир,"0,65",79,"51,35"
,8/31/2022,Cooking Corner,Франкфурт,Запад,Напитки,Черный чай,"0,99",473,"468,27"
,8/31/2022,mymeal,Франкфурт,Запад,Напитки,Черный чай,"0,99",163,"161,37"
,8/31/2022,mymeal,Бремен,Север,Консервы,Килька в томате,"0,89",108,"96,12"
,9/1/2022,mymeal,Франкфурт,Запад,Консервы,Шпроты,"1,15",88,"101,2"
,9/1/2022,mymeal,Берлин,Восток,Консервы,Шпроты,"1,15",420,483
,9/1/2022,mymeal,Берлин,Восток,Специи,Черный перец,"0,59",563,"332,17"
,9/2/2022,foodbite,Мюнхен,Юг,Сыры,Филадельфия ,"0,89",111,"98,79"
,9/2/2022,foodbite,Мюнхен,Юг,Специи,Кориандр,"0,65",37,"24,05"
,9/2/2022,Go Bio,Мюнхен,Юг,Сыры,Моцарелла,"0,59",250,"147,5"
,9/2/2022,Cooking Corner,Кёльн,Запад,Сладости,Зефир,"0,65",88,"57,2"
,9/2/2022,Sweetables,Кёльн,Запад,Специи,Кориандр,"0,65",21,"13,65"
,9/2/2022,Organica,Кёльн,Запад,Сухофрукты,Курага,"1,19",64,"76,16"
,9/2/2022,Go Bio,Кёльн,Запад,Масла,Сливочное масло,"1,5",205,"307,5"
,9/2/2022,foodbite,Франкфурт,Запад,Сладости,Мармелад,"0,6",86,"51,6"
,9/2/2022,Go Bio,Штутгарт,Юг,Сухофрукты,Изюм,"0,99",63,"62,37"
,9/2/2022,mymeal,Берлин,Восток,Сладости,Мармелад,"0,6",547,"328,2"
,9/2/2022,mymeal,Берлин,Восток,Масла,Сливочное масло,"1,5",1283,"1924,5"
,9/2/2022,mymeal,Берлин,Восток,Сухофрукты,Сушеные яблоки,"1,09",435,"474,15"
,9/2/2022,Gold Food,Берлин,Восток,Масла,Сливочное масло,"1,5",595,"892,5"
,9/3/2022,mymeal,Гамбург,Север,Консервы,Шпроты,"1,15",102,"117,3"
,9/3/2022,Go Bio,Мюнхен,Юг,Консервы,Говядина тушеная,"1,19",61,"72,59"
,9/3/2022,mymeal,Кёльн,Запад,Сладости,Мармелад,"0,6",150,90
,9/3/2022,Sweetables,Кёльн,Запад,Крупы,Рис,"0,96",283,"271,68"
,9/3/2022,Sweetables,Кёльн,Запад,Сухофрукты,Изюм,"0,99",100,99
,9/3/2022,Organica,Кёльн,Запад,Сухофрукты,Изюм,"0,99",73,"72,27"
,9/3/2022,Go Bio,Кёльн,Запад,Масла,Сливочное масло,"1,5",208,312
,9/3/2022,Go Bio,Бремен,Север,Сыры,Моцарелла,"0,59",55,"32,45"
,9/3/2022,Go Bio,Бремен,Север,Напитки,Черный чай,"0,99",90,"89,1"
,9/3/2022,mymeal,Берлин,Восток,Сухофрукты,Курага,"1,19",233,"277,27"
,9/3/2022,Organica,Штутгарт,Юг,Масла,Оливковое масло,"1,7",53,"90,1"
,9/3/2022,Organica,Штутгарт,Юг,Сладости,Шоколад,"0,55",170,"93,5"
,9/3/2022,Gold Food,Берлин,Восток,Консервы,Говядина тушеная,"1,19",49,"58,31"
,9/4/2022,mymeal,Кёльн,Запад,Крупы,Гречка,"1,4",260,364
,9/4/2022,Go Bio,Бремен,Север,Напитки,Зеленый чай,"0,95",68,"64,6"
,9/4/2022,NutriFix,Штутгарт,Юг,Сладости,Зефир,"0,65",33,"21,45"
,9/4/2022,NutriFix,Штутгарт,Юг,Специи,Черный перец,"0,59",96,"56,64"
,9/4/2022,Organica,Берлин,Восток,Напитки,Зеленый чай,"0,95",497,"472,15"
,9/5/2022,mymeal,Кёльн,Запад,Сладости,Мармелад,"0,6",155,93
,9/5/2022,Cooking Corner,Бремен,Север,Консервы,Шпроты,"1,15",38,"43,7"
,9/5/2022,Organica,Бремен,Север,Сухофрукты,Курага,"1,19",35,"41,65"
,9/5/2022,Organica,Бремен,Север,Масла,Сливочное масло,"1,5",77,"115,5"
,9/5/2022,Go Bio,Гамбург,Север,Сыры,Филадельфия ,"0,89",107,"95,23"
,9/5/2022,Go Bio,Гамбург,Север,Сухофрукты,Курага,"1,19",108,"128,52"
,9/5/2022,mymeal,Дрезден,Восток,Сухофрукты,Сушеные яблоки,"1,09",72,"78,48"
,9/5/2022,NutriFix,Штутгарт,Юг,Сухофрукты,Изюм,"0,99",93,"92,07"
,9/5/2022,Go Bio,Дрезден,Восток,Крупы,Рис,"0,96",157,"150,72"
,9/5/2022,Organica,Берлин,Восток,Сыры,Гауда,"1,59",481,"764,79"
,9/6/2022,Cooking Corner,Бремен,Север,Сыры,Моцарелла,"0,59",130,"76,7"
,9/6/2022,NutriFix,Бремен,Север,Сыры,Филадельфия ,"0,89",56,"49,84"
,9/6/2022,Organica,Бремен,Север,Напитки,Черный чай,"0,99",94,"93,06"
,9/6/2022,mymeal,Дрезден,Восток,Крупы,Рис,"0,96",456,"437,76"
,9/6/2022,Gold Food,Дрезден,Восток,Масла,Сливочное масло,"1,5",176,264
,9/6/2022,Organica,Дрезден,Восток,Консервы,Говядина тушеная,"1,19",10,"11,9"
,9/6/2022,Organica,Дрезден,Восток,Специи,Базилик,"0,7",29,"20,3"
,9/6/2022,Gold Food,Штутгарт,Юг,Сладости,Зефир,"0,65",33,"21,45"
,9/6/2022,mymeal,Дрезден,Восток,Специи,Кориандр,"0,65",38,"24,7"
,9/6/2022,mymeal,Дрезден,Восток,Сыры,Моцарелла,"0,59",251,"148,09"
,9/6/2022,Go Bio,Дрезден,Восток,Крупы,Перловка,"1,2",114,"136,8"
,9/6/2022,Go Bio,Дрезден,Восток,Специи,Кориандр,"0,65",17,"11,05"
,9/7/2022,Sweetables,Берлин,Восток,Напитки,Зеленый чай,"0,95",348,"330,6"
,9/7/2022,mymeal,Гамбург,Север,Сладости,Шоколад,"0,55",1164,"640,2"
,9/7/2022,Cooking Corner,Дрезден,Восток,Сладости,Мармелад,"0,6",124,"74,4"
,9/7/2022,Cooking Corner,Дрезден,Восток,Специи,Черный перец,"0,59",143,"84,37"
,9/7/2022,Gold Food,Дрезден,Восток,Масла,Оливковое масло,"1,7",48,"81,6"
,9/7/2022,Organica,Дрезден,Восток,Крупы,Рис,"0,96",124,"119,04"
,9/7/2022,Gold Food,Бремен,Север,Сухофрукты,Сушеные яблоки,"1,09",26,"28,34"
,9/7/2022,NutriFix,Дрезден,Восток,Напитки,Черный чай,"0,99",194,"192,06"
,9/7/2022,Go Bio,Берлин,Восток,Сладости,Мармелад,"0,6",237,"142,2"
,9/8/2022,foodbite,Бремен,Север,Напитки,Зеленый чай,"0,95",155,"147,25"
,9/8/2022,Cooking Corner,Гамбург,Север,Специи,Черный перец,"0,59",487,"287,33"
,9/8/2022,mymeal,Гамбург,Север,Сладости,Мармелад,"0,6",394,"236,4"
,9/8/2022,Sweetables,Бремен,Север,Специи,Черный перец,"0,59",107,"63,13"
,9/8/2022,Cooking Corner,Штутгарт,Юг,Сухофрукты,Сушеные яблоки,"1,09",89,"97,01"
,9/8/2022,foodbite,Штутгарт,Юг,Напитки,Кофе,"5,5",45,"247,5"
,9/8/2022,foodbite,Штутгарт,Юг,Специи,Кориандр,"0,65",27,"17,55"
,9/8/2022,foodbite,Штутгарт,Юг,Сладости,Мармелад,"0,6",120,72
,9/8/2022,Gold Food,Штутгарт,Юг,Напитки,Кофе,"5,5",77,"423,5"
,9/8/2022,Cooking Corner,Дрезден,Восток,Масла,Сливочное масло,"1,5",346,519
,9/8/2022,Gold Food,Дрезден,Восток,Крупы,Гречка,"1,4",77,"107,8"
,9/8/2022,NutriFix,Дрезден,Восток,Крупы,Перловка,"1,2",143,"171,6"
,9/9/2022,Gold Food,Берлин,Восток,Сыры,Гауда,"1,59",623,"990,57"
,9/9/2022,Go Bio,Берлин,Восток,Напитки,Черный чай,"0,99",273,"270,27"
,9/9/2022,foodbite,Мюнхен,Юг,Сухофрукты,Курага,"1,19",107,"127,33"
,9/9/2022,Cooking Corner,Франкфурт,Запад,Консервы,Говядина тушеная,"1,19",85,"101,15"
,9/9/2022,NutriFix,Бремен,Север,Масла,Подсолнечное масло,"1,19",152,"180,88"
,9/9/2022,Cooking Corner,Штутгарт,Юг,Сладости,Шоколад,"0,55",416,"228,8"
,9/9/2022,Sweetables,Штутгарт,Юг,Сухофрукты,Изюм,"0,99",65,"64,35"
,9/9/2022,Sweetables,Штутгарт,Юг,Сыры,Моцарелла,"0,59",191,"112,69"
,9/9/2022,Go Bio,Штутгарт,Юг,Сыры,Моцарелла,"0,59",93,"54,87"
,9/9/2022,Gold Food,Бремен,Север,Сладости,Шоколад,"0,55",151,"83,05"
,9/9/2022,Organica,Франкфурт,Запад,Сыры,Филадельфия ,"0,89",66,"58,74"
,9/10/2022,mymeal,Мюнхен,Юг,Напитки,Черный чай,"0,99",548,"542,52"
,9/10/2022,mymeal,Мюнхен,Юг,Сладости,Шоколад,"0,55",693,"381,15"
,9/10/2022,foodbite,Мюнхен,Юг,Крупы,Рис,"0,96",409,"392,64"
,9/10/2022,NutriFix,Мюнхен,Юг,Сыры,Гауда,"1,59",313,"497,67"
,9/10/2022,Go Bio,Мюнхен,Юг,Консервы,Килька в томате,"0,89",111,"98,79"
,9/10/2022,mymeal,Кёльн,Запад,Напитки,Кофе,"5,5",147,"808,5"
,9/10/2022,NutriFix,Бремен,Север,Сухофрукты,Изюм,"0,99",33,"32,67"
,9/10/2022,mymeal,Штутгарт,Юг,Специи,Базилик,"0,7",90,63
,9/10/2022,Organica,Штутгарт,Юг,Напитки,Кофе,"5,5",71,"390,5"
,9/10/2022,Go Bio,Штутгарт,Юг,Специи,Черный перец,"0,59",123,"72,57"
,9/10/2022,Go Bio,Штутгарт,Юг,Сладости,Мармелад,"0,6",63,"37,8"
,9/10/2022,Sweetables,Бремен,Север,Сухофрукты,Изюм,"0,99",61,"60,39"
,9/10/2022,Gold Food,Бремен,Север,Сыры,Филадельфия ,"0,89",62,"55,18"
,9/10/2022,Cooking Corner,Берлин,Восток,Сладости,Мармелад,"0,6",483,"289,8"
,9/10/2022,Cooking Corner,Берлин,Восток,Крупы,Рис,"0,96",995,"955,2"
,9/10/2022,Organica,Франкфурт,Запад,Сыры,Филадельфия ,"0,89",72,"64,08"
,9/10/2022,Go Bio,Франкфурт,Запад,Напитки,Черный чай,"0,99",221,"218,79"
,9/10/2022,Go Bio,Франкфурт,Запад,Специи,Черный перец,"0,59",138,"81,42"
,9/10/2022,NutriFix,Гамбург,Север,Консервы,Шпроты,"1,15",124,"142,6"
,9/10/2022,NutriFix,Гамбург,Север,Сыры,Гауда,"1,59",587,"933,33"
,9/11/2022,mymeal,Мюнхен,Юг,Крупы,Гречка,"1,4",272,"380,8"
,9/11/2022,NutriFix,Мюнхен,Юг,Сухофрукты,Сушеные яблоки,"1,09",65,"70,85"
,9/11/2022,Cooking Corner,Кёльн,Запад,Сладости,Зефир,"0,65",70,"45,5"
,9/11/2022,NutriFix,Франкфурт,Запад,Сыры,Гауда,"1,59",311,"494,49"
,9/11/2022,NutriFix,Франкфурт,Запад,Консервы,Килька в томате,"0,89",91,"80,99"
,9/11/2022,NutriFix,Бремен,Север,Крупы,Гречка,"1,4",74,"103,6"
,9/11/2022,Sweetables,Дрезден,Восток,Крупы,Перловка,"1,2",126,"151,2"
,9/11/2022,NutriFix,Дрезден,Восток,Консервы,Килька в томате,"0,89",66,"58,74"
,9/11/2022,Cooking Corner,Дрезден,Восток,Специи,Черный перец,"0,59",140,"82,6"
,9/11/2022,Gold Food,Бремен,Север,Сухофрукты,Курага,"1,19",29,"34,51"
,9/11/2022,Cooking Corner,Берлин,Восток,Сладости,Шоколад,"0,55",1066,"586,3"
,9/11/2022,foodbite,Берлин,Восток,Крупы,Перловка,"1,2",539,"646,8"
,9/11/2022,Gold Food,Берлин,Восток,Специи,Базилик,"0,7",103,"72,1"
,9/11/2022,Gold Food,Берлин,Восток,Консервы,Говядина тушеная,"1,19",158,"188,02"
,9/11/2022,Go Bio,Франкфурт,Запад,Напитки,Черный чай,"0,99",207,"204,93"
,9/11/2022,NutriFix,Гамбург,Север,Напитки,Кофе,"5,5",116,638
,9/11/2022,Organica,Гамбург,Север,Напитки,Черный чай,"0,99",240,"237,6"
,9/11/2022,Gold Food,Бремен,Север,Сыры,Гауда,"1,59",182,"289,38"
,9/12/2022,NutriFix,Мюнхен,Юг,Сыры,Моцарелла,"0,59",313,"184,67"
,9/12/2022,foodbite,Кёльн,Запад,Масла,Сливочное масло,"1,5",310,465
,9/12/2022,foodbite,Кёльн,Запад,Масла,Подсолнечное масло,"1,19",307,"365,33"
,9/12/2022,NutriFix,Франкфурт,Запад,Сухофрукты,Курага,"1,19",57,"67,83"
,9/12/2022,foodbite,Штутгарт,Юг,Крупы,Гречка,"1,4",116,"162,4"
,9/12/2022,NutriFix,Дрезден,Восток,Крупы,Перловка,"1,2",124,"148,8"
,9/12/2022,Organica,Дрезден,Восток,Специи,Базилик,"0,7",18,"12,6"
,9/12/2022,Organica,Дрезден,Восток,Сладости,Шоколад,"0,55",142,"78,1"
,9/12/2022,Organica,Бремен,Север,Сладости,Мармелад,"0,6",38,"22,8"
,9/12/2022,Gold Food,Берлин,Восток,Крупы,Перловка,"1,2",349,"418,8"
,9/12/2022,Cooking Corner,Мюнхен,Юг,Специи,Кориандр,"0,65",45,"29,25"
,9/12/2022,Gold Food,Бремен,Север,Напитки,Кофе,"5,5",48,264
,9/12/2022,Gold Food,Бремен,Север,Сладости,Зефир,"0,65",24,"15,6"
,9/13/2022,foodbite,Кёльн,Запад,Специи,Черный перец,"0,59",87,"51,33"
,9/13/2022,Sweetables,Кёльн,Запад,Консервы,Шпроты,"1,15",66,"75,9"
,9/13/2022,foodbite,Штутгарт,Юг,Сладости,Шоколад,"0,55",189,"103,95"
,9/13/2022,Organica,Бремен,Север,Консервы,Шпроты,"1,15",21,"24,15"
,9/13/2022,NutriFix,Дрезден,Восток,Крупы,Рис,"0,96",148,"142,08"
,9/13/2022,Organica,Дрезден,Восток,Напитки,Кофе,"5,5",49,"269,5"
,9/13/2022,Gold Food,Гамбург,Север,Масла,Сливочное масло,"1,5",417,"625,5"
,9/13/2022,NutriFix,Кёльн,Запад,Напитки,Зеленый чай,"0,95",86,"81,7"
,9/13/2022,foodbite,Дрезден,Восток,Консервы,Шпроты,"1,15",33,"37,95"
,9/13/2022,Sweetables,Франкфурт,Запад,Консервы,Шпроты,"1,15",83,"95,45"
,9/13/2022,Sweetables,Франкфурт,Запад,Крупы,Рис,"0,96",321,"308,16"
,9/13/2022,Organica,Бремен,Север,Сыры,Филадельфия ,"0,89",46,"40,94"
,9/13/2022,Organica,Бремен,Север,Сухофрукты,Сушеные яблоки,"1,09",23,"25,07"
,9/13/2022,Organica,Берлин,Восток,Специи,Базилик,"0,7",86,"60,2"
,9/13/2022,Organica,Мюнхен,Юг,Масла,Подсолнечное масло,"1,19",275,"327,25"
,9/13/2022,Gold Food,Кёльн,Запад,Напитки,Кофе,"5,5",62,341
,9/13/2022,NutriFix,Кёльн,Запад,Крупы,Гречка,"1,4",122,"170,8"
,9/13/2022,Cooking Corner,Мюнхен,Юг,Масла,Подсолнечное масло,"1,19",473,"562,87"
,9/13/2022,Cooking Corner,Мюнхен,Юг,Сухофрукты,Сушеные яблоки,"1,09",234,"255,06"
,9/13/2022,mymeal,Мюнхен,Юг,Сыры,Моцарелла,"0,59",399,"235,41"
,9/13/2022,Gold Food,Мюнхен,Юг,Специи,Черный перец,"0,59",104,"61,36"
,9/13/2022,foodbite,Франкфурт,Запад,Крупы,Перловка,"1,2",169,"202,8"
,9/13/2022,NutriFix,Бремен,Север,Сухофрукты,Изюм,"0,99",41,"40,59"
,9/14/2022,Sweetables,Кёльн,Запад,Крупы,Рис,"0,96",226,"216,96"
,9/14/2022,Gold Food,Кёльн,Запад,Крупы,Гречка,"1,4",128,"179,2"
,9/14/2022,Gold Food,Кёльн,Запад,Сыры,Филадельфия ,"0,89",84,"74,76"
,9/14/2022,Organica,Бремен,Север,Консервы,Шпроты,"1,15",23,"26,45"
,9/14/2022,NutriFix,Берлин,Восток,Консервы,Килька в томате,"0,89",211,"187,79"
,9/14/2022,NutriFix,Берлин,Восток,Сухофрукты,Сушеные яблоки,"1,09",227,"247,43"
,9/14/2022,Cooking Corner,Гамбург,Север,Напитки,Кофе,"5,5",236,1298
,9/14/2022,Cooking Corner,Гамбург,Север,Крупы,Гречка,"1,4",382,"534,8"
,9/14/2022,Gold Food,Гамбург,Север,Сухофрукты,Изюм,"0,99",206,"203,94"
,9/14/2022,Gold Food,Гамбург,Север,Сладости,Зефир,"0,65",93,"60,45"
,9/14/2022,mymeal,Кёльн,Запад,Крупы,Гречка,"1,4",212,"296,8"
,9/14/2022,Gold Food,Кёльн,Запад,Сладости,Зефир,"0,65",54,"35,1"
,9/14/2022,NutriFix,Кёльн,Запад,Масла,Оливковое масло,"1,7",57,"96,9"
,9/14/2022,NutriFix,Кёльн,Запад,Специи,Черный перец,"0,59",243,"143,37"
,9/14/2022,Sweetables,Берлин,Восток,Сыры,Моцарелла,"0,59",671,"395,89"
,9/14/2022,Sweetables,Берлин,Восток,Консервы,Килька в томате,"0,89",229,"203,81"
,9/14/2022,Sweetables,Берлин,Восток,Консервы,Килька в томате,"0,89",248,"220,72"
,9/14/2022,Organica,Берлин,Восток,Крупы,Гречка,"1,4",221,"309,4"
,9/14/2022,Organica,Берлин,Восток,Крупы,Рис,"0,96",626,"600,96"
,9/14/2022,Go Bio,Берлин,Восток,Сыры,Филадельфия ,"0,89",238,"211,82"
,9/14/2022,Organica,Мюнхен,Юг,Специи,Базилик,"0,7",53,"37,1"
,9/14/2022,Sweetables,Кёльн,Запад,Масла,Сливочное масло,"1,5",180,270
,9/14/2022,mymeal,Мюнхен,Юг,Специи,Базилик,"0,7",133,"93,1"
,9/14/2022,foodbite,Франкфурт,Запад,Сухофрукты,Сушеные яблоки,"1,09",91,"99,19"
,9/14/2022,NutriFix,Бремен,Север,Сухофрукты,Сушеные яблоки,"1,09",40,"43,6"
,9/15/2022,Cooking Corner,Берлин,Восток,Сладости,Шоколад,"0,55",2103,"1156,65"
,9/15/2022,NutriFix,Берлин,Восток,Крупы,Гречка,"1,4",271,"379,4"
,9/15/2022,Cooking Corner,Гамбург,Север,Сухофрукты,Курага,"1,19",259,"308,21"
,9/15/2022,Cooking Corner,Кёльн,Запад,Специи,Черный перец,"0,59",132,"77,88"
,9/15/2022,mymeal,Кёльн,Запад,Консервы,Шпроты,"1,15",157,"180,55"
,9/15/2022,Organica,Кёльн,Запад,Специи,Черный перец,"0,59",235,"138,65"
,9/15/2022,Gold Food,Штутгарт,Юг,Консервы,Шпроты,"1,15",59,"67,85"
,9/15/2022,Cooking Corner,Бремен,Север,Крупы,Рис,"0,96",288,"276,48"
,9/15/2022,Cooking Corner,Бремен,Север,Сыры,Гауда,"1,59",208,"330,72"
,9/15/2022,Go Bio,Берлин,Восток,Сладости,Зефир,"0,65",87,"56,55"
,9/15/2022,mymeal,Мюнхен,Юг,Сухофрукты,Сушеные яблоки,"1,09",184,"200,56"
,9/15/2022,NutriFix,Мюнхен,Юг,Крупы,Перловка,"1,2",238,"285,6"
,9/15/2022,Sweetables,Кёльн,Запад,Консервы,Килька в томате,"0,89",126,"112,14"
,9/15/2022,mymeal,Мюнхен,Юг,Крупы,Гречка,"1,4",299,"418,6"
,9/15/2022,Gold Food,Кёльн,Запад,Масла,Оливковое масло,"1,7",62,"105,4"
,9/15/2022,foodbite,Франкфурт,Запад,Сладости,Зефир,"0,65",59,"38,35"
,9/15/2022,Gold Food,Франкфурт,Запад,Сыры,Филадельфия ,"0,89",101,"89,89"
,9/15/2022,NutriFix,Бремен,Север,Напитки,Зеленый чай,"0,95",48,"45,6"
,9/16/2022,Organica,Берлин,Восток,Напитки,Зеленый чай,"0,95",588,"558,6"
,9/16/2022,mymeal,Гамбург,Север,Напитки,Зеленый чай,"0,95",778,"739,1"
,9/16/2022,foodbite,Гамбург,Север,Сухофрукты,Сушеные яблоки,"1,09",162,"176,58"
,9/16/2022,foodbite,Кёльн,Запад,Крупы,Гречка,"1,4",150,210
,9/16/2022,Gold Food,Штутгарт,Юг,Консервы,Шпроты,"1,15",39,"44,85"
,9/16/2022,mymeal,Бремен,Север,Сладости,Зефир,"0,65",35,"22,75"
,9/16/2022,Cooking Corner,Гамбург,Север,Сухофрукты,Изюм,"0,99",240,"237,6"
,9/16/2022,mymeal,Кёльн,Запад,Сладости,Зефир,"0,65",101,"65,65"
,9/16/2022,mymeal,Кёльн,Запад,Сладости,Мармелад,"0,6",132,"79,2"
,9/16/2022,NutriFix,Мюнхен,Юг,Консервы,Килька в томате,"0,89",90,"80,1"
,9/16/2022,Gold Food,Франкфурт,Запад,Сухофрукты,Курага,"1,19",81,"96,39"
,9/16/2022,Organica,Кёльн,Запад,Сладости,Шоколад,"0,55",182,"100,1"
,9/16/2022,Organica,Штутгарт,Юг,Масла,Подсолнечное масло,"1,19",135,"160,65"
,9/16/2022,Organica,Штутгарт,Юг,Сладости,Зефир,"0,65",30,"19,5"
,9/17/2022,Sweetables,Берлин,Восток,Консервы,Килька в томате,"0,89",233,"207,37"
,9/17/2022,Sweetables,Берлин,Восток,Крупы,Перловка,"1,2",647,"776,4"
,9/17/2022,Gold Food,Берлин,Восток,Масла,Подсолнечное масло,"1,19",504,"599,76"
,9/17/2022,Go Bio,Берлин,Восток,Масла,Сливочное масло,"1,5",416,624
,9/17/2022,foodbite,Кёльн,Запад,Напитки,Зеленый чай,"0,95",115,"109,25"
,9/17/2022,Organica,Франкфурт,Запад,Сыры,Гауда,"1,59",241,"383,19"
,9/17/2022,Organica,Франкфурт,Запад,Масла,Сливочное масло,"1,5",161,"241,5"
,9/17/2022,Go Bio,Берлин,Восток,Напитки,Черный чай,"0,99",495,"490,05"
,9/17/2022,Go Bio,Берлин,Восток,Напитки,Зеленый чай,"0,95",184,"174,8"
,9/17/2022,Cooking Corner,Гамбург,Север,Крупы,Перловка,"1,2",553,"663,6"
,9/17/2022,Cooking Corner,Гамбург,Север,Сухофрукты,Изюм,"0,99",236,"233,64"
,9/17/2022,mymeal,Кёльн,Запад,Масла,Сливочное масло,"1,5",427,"640,5"
,9/17/2022,foodbite,Кёльн,Запад,Сыры,Моцарелла,"0,59",240,"141,6"
,9/17/2022,foodbite,Кёльн,Запад,Напитки,Зеленый чай,"0,95",164,"155,8"
,9/17/2022,Cooking Corner,Франкфурт,Запад,Специи,Черный перец,"0,59",260,"153,4"
,9/17/2022,Cooking Corner,Франкфурт,Запад,Сухофрукты,Изюм,"0,99",173,"171,27"
,9/17/2022,foodbite,Гамбург,Север,Сухофрукты,Курага,"1,19",128,"152,32"
,9/17/2022,foodbite,Гамбург,Север,Напитки,Кофе,"5,5",109,"599,5"
,9/17/2022,Gold Food,Мюнхен,Юг,Специи,Кориандр,"0,65",33,"21,45"
,9/17/2022,NutriFix,Мюнхен,Юг,Сладости,Зефир,"0,65",71,"46,15"
,9/17/2022,Gold Food,Франкфурт,Запад,Напитки,Кофе,"5,5",109,"599,5"
,9/17/2022,Organica,Кёльн,Запад,Крупы,Гречка,"1,4",120,168
,9/17/2022,Organica,Кёльн,Запад,Напитки,Черный чай,"0,99",247,"244,53"
,9/17/2022,foodbite,Франкфурт,Запад,Сладости,Шоколад,"0,55",248,"136,4"
,9/17/2022,NutriFix,Штутгарт,Юг,Сладости,Мармелад,"0,6",60,36
,9/17/2022,Organica,Штутгарт,Юг,Напитки,Черный чай,"0,99",204,"201,96"
,9/18/2022,Sweetables,Берлин,Восток,Напитки,Кофе,"5,5",140,770
,9/18/2022,Go Bio,Берлин,Восток,Сухофрукты,Курага,"1,19",113,"134,47"
,9/18/2022,Go Bio,Берлин,Восток,Сыры,Гауда,"1,59",782,"1243,38"
,9/18/2022,foodbite,Гамбург,Север,Сыры,Гауда,"1,59",574,"912,66"
,9/18/2022,foodbite,Штутгарт,Юг,Сухофрукты,Курага,"1,19",72,"85,68"
,9/18/2022,Sweetables,Штутгарт,Юг,Сладости,Шоколад,"0,55",216,"118,8"
,9/18/2022,Sweetables,Штутгарт,Юг,Сыры,Гауда,"1,59",338,"537,42"
,9/18/2022,Gold Food,Дрезден,Восток,Сладости,Мармелад,"0,6",42,"25,2"
,9/18/2022,Cooking Corner,Кёльн,Запад,Крупы,Перловка,"1,2",432,"518,4"
,9/18/2022,Cooking Corner,Франкфурт,Запад,Консервы,Килька в томате,"0,89",112,"99,68"
,9/18/2022,foodbite,Франкфурт,Запад,Масла,Сливочное масло,"1,5",278,417
,9/18/2022,foodbite,Франкфурт,Запад,Сладости,Зефир,"0,65",36,"23,4"
,9/18/2022,Organica,Бремен,Север,Сладости,Шоколад,"0,55",158,"86,9"
,9/18/2022,mymeal,Дрезден,Восток,Специи,Базилик,"0,7",39,"27,3"
,9/18/2022,mymeal,Дрезден,Восток,Масла,Подсолнечное масло,"1,19",269,"320,11"
,9/18/2022,foodbite,Дрезден,Восток,Масла,Оливковое масло,"1,7",36,"61,2"
,9/19/2022,foodbite,Берлин,Восток,Напитки,Зеленый чай,"0,95",770,"731,5"
,9/19/2022,foodbite,Берлин,Восток,Сладости,Мармелад,"0,6",301,"180,6"
,9/19/2022,Cooking Corner,Мюнхен,Юг,Консервы,Килька в томате,"0,89",279,"248,31"
,9/19/2022,Cooking Corner,Мюнхен,Юг,Специи,Черный перец,"0,59",773,"456,07"
,9/19/2022,Cooking Corner,Штутгарт,Юг,Масла,Оливковое масло,"1,7",104,"176,8"
,9/19/2022,foodbite,Штутгарт,Юг,Сыры,Гауда,"1,59",308,"489,72"
,9/19/2022,Sweetables,Штутгарт,Юг,Масла,Подсолнечное масло,"1,19",207,"246,33"
,9/19/2022,foodbite,Дрезден,Восток,Масла,Оливковое масло,"1,7",68,"115,6"
,9/19/2022,foodbite,Дрезден,Восток,Сыры,Гауда,"1,59",189,"300,51"
,9/19/2022,Gold Food,Дрезден,Восток,Консервы,Говядина тушеная,"1,19",27,"32,13"
,9/19/2022,Gold Food,Дрезден,Восток,Сухофрукты,Изюм,"0,99",73,"72,27"
,9/19/2022,NutriFix,Дрезден,Восток,Специи,Кориандр,"0,65",16,"10,4"
,9/19/2022,Go Bio,Гамбург,Север,Консервы,Килька в томате,"0,89",120,"106,8"
,9/19/2022,Go Bio,Гамбург,Север,Сухофрукты,Курага,"1,19",81,"96,39"
,9/19/2022,Cooking Corner,Кёльн,Запад,Напитки,Зеленый чай,"0,95",459,"436,05"
,9/19/2022,mymeal,Франкфурт,Запад,Консервы,Килька в томате,"0,89",176,"156,64"
,9/19/2022,mymeal,Дрезден,Восток,Масла,Подсолнечное масло,"1,19",254,"302,26"
,9/19/2022,foodbite,Дрезден,Восток,Сыры,Гауда,"1,59",221,"351,39"
,9/20/2022,Cooking Corner,Мюнхен,Юг,Специи,Кориандр,"0,65",52,"33,8"
,9/20/2022,foodbite,Мюнхен,Юг,Специи,Базилик,"0,7",55,"38,5"
,9/20/2022,foodbite,Мюнхен,Юг,Сыры,Гауда,"1,59",571,"907,89"
,9/20/2022,NutriFix,Гамбург,Север,Сухофрукты,Сушеные яблоки,"1,09",150,"163,5"
,9/20/2022,NutriFix,Гамбург,Север,Напитки,Кофе,"5,5",147,"808,5"
,9/20/2022,Gold Food,Бремен,Север,Специи,Черный перец,"0,59",123,"72,57"
,9/20/2022,mymeal,Дрезден,Восток,Масла,Подсолнечное масло,"1,19",346,"411,74"
,9/20/2022,Organica,Дрезден,Восток,Сладости,Мармелад,"0,6",39,"23,4"
,9/20/2022,Organica,Дрезден,Восток,Напитки,Зеленый чай,"0,95",148,"140,6"
,9/20/2022,mymeal,Мюнхен,Юг,Консервы,Говядина тушеная,"1,19",160,"190,4"
,9/20/2022,NutriFix,Франкфурт,Запад,Напитки,Черный чай,"0,99",243,"240,57"
,9/20/2022,foodbite,Дрезден,Восток,Масла,Сливочное масло,"1,5",121,"181,5"
,9/20/2022,Cooking Corner,Берлин,Восток,Масла,Сливочное масло,"1,5",1047,"1570,5"
,9/21/2022,Sweetables,Берлин,Восток,Напитки,Зеленый чай,"0,95",518,"492,1"
,9/21/2022,mymeal,Мюнхен,Юг,Консервы,Килька в томате,"0,89",222,"197,58"
,9/21/2022,Organica,Франкфурт,Запад,Сладости,Шоколад,"0,55",268,"147,4"
,9/21/2022,Cooking Corner,Штутгарт,Юг,Масла,Подсолнечное масло,"1,19",393,"467,67"
,9/21/2022,Gold Food,Бремен,Север,Сыры,Филадельфия ,"0,89",40,"35,6"
,9/21/2022,Organica,Дрезден,Восток,Консервы,Шпроты,"1,15",17,"19,55"
,9/21/2022,Organica,Гамбург,Север,Сыры,Гауда,"1,59",449,"713,91"
,9/21/2022,mymeal,Мюнхен,Юг,Масла,Оливковое масло,"1,7",200,340
,9/21/2022,mymeal,Мюнхен,Юг,Сухофрукты,Сушеные яблоки,"1,09",157,"171,13"
,9/21/2022,Organica,Мюнхен,Юг,Сыры,Филадельфия ,"0,89",129,"114,81"
,9/21/2022,Organica,Мюнхен,Юг,Напитки,Зеленый чай,"0,95",189,"179,55"
,9/21/2022,Sweetables,Франкфурт,Запад,Сладости,Зефир,"0,65",44,"28,6"
,9/21/2022,NutriFix,Франкфурт,Запад,Сладости,Зефир,"0,65",38,"24,7"
,9/21/2022,Organica,Франкфурт,Запад,Масла,Оливковое масло,"1,7",59,"100,3"
,9/21/2022,Organica,Франкфурт,Запад,Сладости,Зефир,"0,65",46,"29,9"
,9/21/2022,Cooking Corner,Берлин,Восток,Сладости,Шоколад,"0,55",1552,"853,6"
,9/21/2022,Cooking Corner,Берлин,Восток,Напитки,Зеленый чай,"0,95",448,"425,6"
,9/21/2022,mymeal,Берлин,Восток,Консервы,Говядина тушеная,"1,19",125,"148,75"
,9/22/2022,Sweetables,Берлин,Восток,Сыры,Гауда,"1,59",651,"1035,09"
,9/22/2022,Sweetables,Берлин,Восток,Консервы,Килька в томате,"0,89",341,"303,49"
,9/22/2022,mymeal,Мюнхен,Юг,Сухофрукты,Сушеные яблоки,"1,09",235,"256,15"
,9/22/2022,Organica,Франкфурт,Запад,Специи,Кориандр,"0,65",14,"9,1"
,9/22/2022,Cooking Corner,Штутгарт,Юг,Консервы,Килька в томате,"0,89",111,"98,79"
,9/22/2022,mymeal,Бремен,Север,Консервы,Килька в томате,"0,89",95,"84,55"
,9/22/2022,Go Bio,Дрезден,Восток,Масла,Подсолнечное масло,"1,19",139,"165,41"
,9/22/2022,Sweetables,Берлин,Восток,Консервы,Шпроты,"1,15",133,"152,95"
,9/22/2022,Organica,Гамбург,Север,Напитки,Кофе,"5,5",83,"456,5"
,9/22/2022,Go Bio,Франкфурт,Запад,Крупы,Перловка,"1,2",160,192
,9/22/2022,Go Bio,Франкфурт,Запад,Сухофрукты,Курага,"1,19",39,"46,41"
,9/22/2022,Gold Food,Берлин,Восток,Сыры,Филадельфия ,"0,89",237,"210,93"
,9/23/2022,Cooking Corner,Мюнхен,Юг,Масла,Сливочное масло,"1,5",445,"667,5"
,9/23/2022,mymeal,Мюнхен,Юг,Специи,Черный перец,"0,59",269,"158,71"
,9/23/2022,foodbite,Бремен,Север,Сухофрукты,Курага,"1,19",44,"52,36"
,9/23/2022,foodbite,Бремен,Север,Крупы,Рис,"0,96",214,"205,44"
,9/23/2022,foodbite,Мюнхен,Юг,Масла,Сливочное масло,"1,5",391,"586,5"
,9/23/2022,Go Bio,Франкфурт,Запад,Сладости,Зефир,"0,65",30,"19,5"
,9/23/2022,foodbite,Берлин,Восток,Напитки,Зеленый чай,"0,95",641,"608,95"
,9/23/2022,Gold Food,Берлин,Восток,Сыры,Моцарелла,"0,59",435,"256,65"
,9/23/2022,Organica,Берлин,Восток,Сухофрукты,Сушеные яблоки,"1,09",133,"144,97"
,9/23/2022,Organica,Берлин,Восток,Крупы,Перловка,"1,2",438,"525,6"
,9/24/2022,foodbite,Мюнхен,Юг,Сухофрукты,Изюм,"0,99",142,"140,58"
,9/24/2022,NutriFix,Мюнхен,Юг,Сладости,Мармелад,"0,6",100,60
,9/24/2022,foodbite,Бремен,Север,Сладости,Зефир,"0,65",25,"16,25"
,9/24/2022,Gold Food,Дрезден,Восток,Сыры,Филадельфия ,"0,89",81,"72,09"
,9/24/2022,foodbite,Берлин,Восток,Специи,Кориандр,"0,65",84,"54,6"
,9/25/2022,foodbite,Мюнхен,Юг,Специи,Черный перец,"0,59",107,"63,13"
,9/25/2022,foodbite,Мюнхен,Юг,Крупы,Перловка,"1,2",379,"454,8"
,9/25/2022,NutriFix,Мюнхен,Юг,Консервы,Говядина тушеная,"1,19",37,"44,03"
,9/25/2022,NutriFix,Берлин,Восток,Сладости,Мармелад,"0,6",229,"137,4"
,9/25/2022,Gold Food,Дрезден,Восток,Сухофрукты,Сушеные яблоки,"1,09",49,"53,41"
,9/25/2022,Gold Food,Дрезден,Восток,Консервы,Килька в томате,"0,89",68,"60,52"
,9/25/2022,NutriFix,Дрезден,Восток,Масла,Подсолнечное масло,"1,19",146,"173,74"
,9/25/2022,NutriFix,Дрезден,Восток,Консервы,Килька в томате,"0,89",55,"48,95"
,9/25/2022,Sweetables,Бремен,Север,Крупы,Гречка,"1,4",64,"89,6"
,9/26/2022,NutriFix,Берлин,Восток,Специи,Базилик,"0,7",151,"105,7"
,9/26/2022,NutriFix,Берлин,Восток,Сыры,Гауда,"1,59",749,"1190,91"
,9/26/2022,Go Bio,Берлин,Восток,Сухофрукты,Сушеные яблоки,"1,09",183,"199,47"
,9/26/2022,NutriFix,Дрезден,Восток,Масла,Оливковое масло,"1,7",52,"88,4"
,9/26/2022,Sweetables,Бремен,Север,Масла,Подсолнечное масло,"1,19",171,"203,49"
,9/27/2022,Sweetables,Мюнхен,Юг,Специи,Кориандр,"0,65",34,"22,1"
,9/27/2022,Go Bio,Берлин,Восток,Сладости,Зефир,"0,65",90,"58,5"
,9/27/2022,mymeal,Гамбург,Север,Сыры,Моцарелла,"0,59",738,"435,42"
,9/27/2022,mymeal,Бремен,Север,Крупы,Рис,"0,96",331,"317,76"
,9/27/2022,NutriFix,Бремен,Север,Крупы,Гречка,"1,4",60,84
,9/27/2022,Organica,Дрезден,Восток,Крупы,Гречка,"1,4",53,"74,2"
,9/28/2022,Sweetables,Мюнхен,Юг,Масла,Подсолнечное масло,"1,19",393,"467,67"
,9/28/2022,Cooking Corner,Гамбург,Север,Консервы,Килька в томате,"0,89",357,"317,73"
,9/28/2022,Cooking Corner,Гамбург,Север,Крупы,Рис,"0,96",1073,"1030,08"
,9/28/2022,Cooking Corner,Гамбург,Север,Сыры,Филадельфия ,"0,89",238,"211,82"
,9/28/2022,mymeal,Гамбург,Север,Сыры,Моцарелла,"0,59",502,"296,18"
,9/28/2022,mymeal,Бремен,Север,Крупы,Гречка,"1,4",124,"173,6"
,9/28/2022,mymeal,Бремен,Север,Напитки,Зеленый чай,"0,95",189,"179,55"
,9/28/2022,NutriFix,Бремен,Север,Специи,Базилик,"0,7",17,"11,9"
,9/28/2022,Organica,Дрезден,Восток,Специи,Базилик,"0,7",33,"23,1"
,9/28/2022,Organica,Дрезден,Восток,Сыры,Гауда,"1,59",104,"165,36"
,9/29/2022,Cooking Corner,Гамбург,Север,Специи,Базилик,"0,7",134,"93,8"
,9/29/2022,Organica,Дрезден,Восток,Сыры,Моцарелла,"0,59",122,"71,98"
,9/30/2022,Go Bio,Франкфурт,Запад,Напитки,Черный чай,"0,99",59,"58,41"
,9/30/2022,Organica,Дрезден,Восток,Сыры,Гауда,"1,59",125,"198,75"
,9/30/2022,Organica,Дрезден,Восток,Сыры,Филадельфия ,"0,89",64,"56,96"
,9/30/2022,Sweetables,Дрезден,Восток,Сухофрукты,Сушеные яблоки,"1,09",51,"55,59"
,9/30/2022,Gold Food,Дрезден,Восток,Сухофрукты,Сушеные яблоки,"1,09",40,"43,6"
,10/1/2022,Sweetables,Гамбург,Север,Сыры,Филадельфия ,"0,89",140,"124,6"
,10/1/2022,foodbite,Дрезден,Восток,Масла,Оливковое масло,"1,7",51,"86,7"
,10/1/2022,foodbite,Дрезден,Восток,Крупы,Перловка,"1,2",98,"117,6"
,10/1/2022,Sweetables,Дрезден,Восток,Масла,Оливковое масло,"1,7",56,"95,2"
,10/1/2022,Gold Food,Дрезден,Восток,Специи,Черный перец,"0,59",118,"69,62"
,10/1/2022,foodbite,Берлин,Восток,Масла,Сливочное масло,"1,5",511,"766,5"
,10/1/2022,Organica,Берлин,Восток,Консервы,Шпроты,"1,15",75,"86,25"
,10/2/2022,Sweetables,Гамбург,Север,Консервы,Шпроты,"1,15",143,"164,45"
,10/2/2022,Sweetables,Гамбург,Север,Масла,Оливковое масло,"1,7",119,"202,3"
,10/2/2022,Go Bio,Дрезден,Восток,Сухофрукты,Сушеные яблоки,"1,09",47,"51,23"
,10/2/2022,foodbite,Дрезден,Восток,Напитки,Зеленый чай,"0,95",231,"219,45"
,10/2/2022,Sweetables,Дрезден,Восток,Масла,Оливковое масло,"1,7",53,"90,1"
,10/2/2022,foodbite,Берлин,Восток,Напитки,Черный чай,"0,99",690,"683,1"
,10/2/2022,foodbite,Берлин,Восток,Сухофрукты,Сушеные яблоки,"1,09",267,"291,03"
,10/2/2022,Sweetables,Берлин,Восток,Сыры,Гауда,"1,59",868,"1380,12"
,10/2/2022,Go Bio,Берлин,Восток,Сухофрукты,Сушеные яблоки,"1,09",192,"209,28"
,10/3/2022,Gold Food,Гамбург,Север,Сухофрукты,Курага,"1,19",142,"168,98"
,10/3/2022,Gold Food,Гамбург,Север,Специи,Черный перец,"0,59",397,"234,23"
,10/3/2022,Gold Food,Дрезден,Восток,Сыры,Моцарелла,"0,59",85,"50,15"
,10/3/2022,Go Bio,Дрезден,Восток,Сладости,Мармелад,"0,6",64,"38,4"
,10/3/2022,Organica,Штутгарт,Юг,Сладости,Шоколад,"0,55",179,"98,45"
,10/3/2022,Sweetables,Берлин,Восток,Специи,Базилик,"0,7",106,"74,2"
,10/4/2022,Gold Food,Гамбург,Север,Специи,Черный перец,"0,59",194,"114,46"
,10/4/2022,Cooking Corner,Бремен,Север,Консервы,Шпроты,"1,15",80,92
,10/4/2022,Gold Food,Дрезден,Восток,Консервы,Шпроты,"1,15",26,"29,9"
,10/4/2022,Organica,Штутгарт,Юг,Крупы,Гречка,"1,4",68,"95,2"
,10/4/2022,foodbite,Гамбург,Север,Напитки,Зеленый чай,"0,95",366,"347,7"
,10/5/2022,Go Bio,Мюнхен,Юг,Консервы,Шпроты,"1,15",39,"44,85"
,10/5/2022,mymeal,Штутгарт,Юг,Сухофрукты,Сушеные яблоки,"1,09",117,"127,53"
,10/5/2022,foodbite,Штутгарт,Юг,Консервы,Килька в томате,"0,89",66,"58,74"
,10/5/2022,foodbite,Штутгарт,Юг,Масла,Оливковое масло,"1,7",75,"127,5"
,10/5/2022,foodbite,Бремен,Север,Сыры,Гауда,"1,59",207,"329,13"
,10/5/2022,Sweetables,Бремен,Север,Сыры,Филадельфия ,"0,89",70,"62,3"
,10/5/2022,mymeal,Бремен,Север,Сладости,Зефир,"0,65",43,"27,95"
,10/5/2022,Sweetables,Бремен,Север,Крупы,Рис,"0,96",154,"147,84"
,10/5/2022,mymeal,Дрезден,Восток,Сухофрукты,Курага,"1,19",113,"134,47"
,10/5/2022,mymeal,Дрезден,Восток,Специи,Базилик,"0,7",68,"47,6"
,10/5/2022,mymeal,Дрезден,Восток,Крупы,Рис,"0,96",242,"232,32"
,10/5/2022,Organica,Штутгарт,Юг,Специи,Базилик,"0,7",35,"24,5"
,10/5/2022,Gold Food,Берлин,Восток,Сыры,Филадельфия ,"0,89",222,"197,58"
,10/5/2022,Cooking Corner,Гамбург,Север,Сухофрукты,Сушеные яблоки,"1,09",243,"264,87"
,10/6/2022,Organica,Мюнхен,Юг,Специи,Базилик,"0,7",66,"46,2"
,10/6/2022,Organica,Мюнхен,Юг,Сладости,Шоколад,"0,55",467,"256,85"
,10/6/2022,Go Bio,Мюнхен,Юг,Специи,Кориандр,"0,65",32,"20,8"
,10/6/2022,mymeal,Бремен,Север,Крупы,Перловка,"1,2",190,228
,10/6/2022,Organica,Дрезден,Восток,Масла,Подсолнечное масло,"1,19",91,"108,29"
,10/6/2022,mymeal,Штутгарт,Юг,Крупы,Рис,"0,96",441,"423,36"
,10/6/2022,mymeal,Штутгарт,Юг,Консервы,Килька в томате,"0,89",125,"111,25"
,10/6/2022,foodbite,Штутгарт,Юг,Крупы,Рис,"0,96",227,"217,92"
,10/6/2022,Sweetables,Штутгарт,Юг,Консервы,Шпроты,"1,15",71,"81,65"
,10/6/2022,foodbite,Бремен,Север,Сухофрукты,Изюм,"0,99",60,"59,4"
,10/6/2022,Sweetables,Бремен,Север,Специи,Черный перец,"0,59",138,"81,42"
,10/6/2022,mymeal,Бремен,Север,Консервы,Говядина тушеная,"1,19",21,"24,99"
,10/6/2022,foodbite,Бремен,Север,Сухофрукты,Сушеные яблоки,"1,09",42,"45,78"
,10/6/2022,foodbite,Бремен,Север,Сухофрукты,Изюм,"0,99",52,"51,48"
,10/6/2022,foodbite,Берлин,Восток,Крупы,Гречка,"1,4",312,"436,8"
,10/6/2022,Gold Food,Берлин,Восток,Сладости,Шоколад,"0,55",490,"269,5"
,10/6/2022,Cooking Corner,Франкфурт,Запад,Сухофрукты,Изюм,"0,99",147,"145,53"
,10/6/2022,Cooking Corner,Гамбург,Север,Специи,Базилик,"0,7",182,"127,4"
,10/6/2022,mymeal,Гамбург,Север,Напитки,Кофе,"5,5",218,1199
,10/6/2022,Cooking Corner,Штутгарт,Юг,Специи,Кориандр,"0,65",32,"20,8"
,10/6/2022,NutriFix,Штутгарт,Юг,Сухофрукты,Сушеные яблоки,"1,09",68,"74,12"
,10/6/2022,NutriFix,Штутгарт,Юг,Специи,Кориандр,"0,65",24,"15,6"
,10/7/2022,Organica,Гамбург,Север,Крупы,Гречка,"1,4",200,280
,10/7/2022,mymeal,Бремен,Север,Напитки,Кофе,"5,5",86,473
,10/7/2022,foodbite,Бремен,Север,Крупы,Перловка,"1,2",141,"169,2"
,10/7/2022,foodbite,Бремен,Север,Специи,Черный перец,"0,59",87,"51,33"
,10/7/2022,Organica,Дрезден,Восток,Масла,Сливочное масло,"1,5",166,249
,10/7/2022,Sweetables,Штутгарт,Юг,Масла,Сливочное масло,"1,5",234,351
,10/7/2022,Gold Food,Штутгарт,Юг,Сыры,Филадельфия ,"0,89",99,"88,11"
,10/7/2022,Sweetables,Франкфурт,Запад,Крупы,Рис,"0,96",355,"340,8"
,10/7/2022,Sweetables,Франкфурт,Запад,Крупы,Перловка,"1,2",179,"214,8"
,10/7/2022,Gold Food,Берлин,Восток,Сладости,Мармелад,"0,6",312,"187,2"
,10/7/2022,Gold Food,Берлин,Восток,Напитки,Зеленый чай,"0,95",770,"731,5"
,10/7/2022,Cooking Corner,Франкфурт,Запад,Специи,Базилик,"0,7",79,"55,3"
,10/7/2022,mymeal,Штутгарт,Юг,Крупы,Перловка,"1,2",411,"493,2"
,10/7/2022,Cooking Corner,Гамбург,Север,Напитки,Кофе,"5,5",299,"1644,5"
,10/7/2022,NutriFix,Франкфурт,Запад,Сухофрукты,Курага,"1,19",70,"83,3"
,10/7/2022,Cooking Corner,Штутгарт,Юг,Сыры,Моцарелла,"0,59",306,"180,54"
,10/7/2022,foodbite,Штутгарт,Юг,Масла,Оливковое масло,"1,7",87,"147,9"
,10/8/2022,Organica,Гамбург,Север,Консервы,Килька в томате,"0,89",127,"113,03"
,10/8/2022,Organica,Гамбург,Север,Сыры,Филадельфия ,"0,89",133,"118,37"
,10/8/2022,Go Bio,Гамбург,Север,Напитки,Кофе,"5,5",87,"478,5"
,10/8/2022,Gold Food,Дрезден,Восток,Сыры,Филадельфия ,"0,89",62,"55,18"
,10/8/2022,Gold Food,Франкфурт,Запад,Сладости,Шоколад,"0,55",355,"195,25"
,10/8/2022,Gold Food,Франкфурт,Запад,Сыры,Моцарелла,"0,59",120,"70,8"
,10/8/2022,Gold Food,Штутгарт,Юг,Специи,Кориандр,"0,65",17,"11,05"
,10/8/2022,Gold Food,Штутгарт,Юг,Консервы,Килька в томате,"0,89",101,"89,89"
,10/8/2022,Cooking Corner,Гамбург,Север,Сухофрукты,Изюм,"0,99",349,"345,51"
,10/8/2022,Sweetables,Франкфурт,Запад,Консервы,Килька в томате,"0,89",108,"96,12"
,10/8/2022,Gold Food,Франкфурт,Запад,Крупы,Рис,"0,96",325,312
,10/8/2022,Gold Food,Франкфурт,Запад,Масла,Оливковое масло,"1,7",55,"93,5"
,10/8/2022,Sweetables,Франкфурт,Запад,Консервы,Килька в томате,"0,89",91,"80,99"
,10/8/2022,NutriFix,Гамбург,Север,Масла,Оливковое масло,"1,7",90,153
,10/8/2022,mymeal,Франкфурт,Запад,Крупы,Перловка,"1,2",300,360
,10/8/2022,mymeal,Франкфурт,Запад,Масла,Подсолнечное масло,"1,19",338,"402,22"
,10/8/2022,Organica,Франкфурт,Запад,Сыры,Моцарелла,"0,59",143,"84,37"
,10/8/2022,Cooking Corner,Штутгарт,Юг,Сухофрукты,Курага,"1,19",153,"182,07"
,10/8/2022,foodbite,Штутгарт,Юг,Крупы,Рис,"0,96",281,"269,76"
,10/9/2022,Go Bio,Гамбург,Север,Консервы,Шпроты,"1,15",71,"81,65"
,10/9/2022,Go Bio,Кёльн,Запад,Специи,Кориандр,"0,65",15,"9,75"
,10/9/2022,Gold Food,Франкфурт,Запад,Специи,Кориандр,"0,65",27,"17,55"
,10/9/2022,Cooking Corner,Гамбург,Север,Сыры,Филадельфия ,"0,89",297,"264,33"
,10/9/2022,NutriFix,Бремен,Север,Консервы,Килька в томате,"0,89",46,"40,94"
,10/9/2022,Organica,Бремен,Север,Напитки,Черный чай,"0,99",75,"74,25"
,10/9/2022,NutriFix,Гамбург,Север,Напитки,Зеленый чай,"0,95",144,"136,8"
,10/9/2022,Go Bio,Гамбург,Север,Специи,Черный перец,"0,59",191,"112,69"
,10/9/2022,Go Bio,Гамбург,Север,Консервы,Килька в томате,"0,89",139,"123,71"
,10/9/2022,Go Bio,Кёльн,Запад,Сухофрукты,Сушеные яблоки,"1,09",71,"77,39"
,10/9/2022,foodbite,Франкфурт,Запад,Крупы,Перловка,"1,2",182,"218,4"
,10/9/2022,NutriFix,Франкфурт,Запад,Крупы,Гречка,"1,4",83,"116,2"
,10/9/2022,Sweetables,Штутгарт,Юг,Напитки,Зеленый чай,"0,95",171,"162,45"
,10/9/2022,NutriFix,Гамбург,Север,Крупы,Гречка,"1,4",171,"239,4"
,10/9/2022,Organica,Кёльн,Запад,Специи,Черный перец,"0,59",165,"97,35"
,10/9/2022,Go Bio,Кёльн,Запад,Консервы,Шпроты,"1,15",71,"81,65"
,10/9/2022,mymeal,Франкфурт,Запад,Напитки,Зеленый чай,"0,95",166,"157,7"
,10/9/2022,Organica,Франкфурт,Запад,Консервы,Говядина тушеная,"1,19",25,"29,75"
,10/10/2022,Sweetables,Кёльн,Запад,Сухофрукты,Курага,"1,19",56,"66,64"
,10/10/2022,Gold Food,Дрезден,Восток,Крупы,Гречка,"1,4",70,98
,10/10/2022,Go Bio,Дрезден,Восток,Консервы,Говядина тушеная,"1,19",20,"23,8"
,10/10/2022,NutriFix,Берлин,Восток,Масла,Подсолнечное масло,"1,19",718,"854,42"
,10/10/2022,Cooking Corner,Берлин,Восток,Крупы,Рис,"0,96",1277,"1225,92"
,10/10/2022,Organica,Берлин,Восток,Напитки,Черный чай,"0,99",474,"469,26"
,10/10/2022,Organica,Франкфурт,Запад,Сухофрукты,Курага,"1,19",38,"45,22"
,10/10/2022,NutriFix,Бремен,Север,Крупы,Перловка,"1,2",124,"148,8"
,10/10/2022,NutriFix,Бремен,Север,Сыры,Гауда,"1,59",160,"254,4"
,10/10/2022,Organica,Бремен,Север,Сухофрукты,Изюм,"0,99",40,"39,6"
,10/10/2022,NutriFix,Гамбург,Север,Крупы,Перловка,"1,2",283,"339,6"
,10/10/2022,NutriFix,Гамбург,Север,Специи,Черный перец,"0,59",311,"183,49"
,10/10/2022,Sweetables,Кёльн,Запад,Крупы,Перловка,"1,2",236,"283,2"
,10/10/2022,Sweetables,Кёльн,Запад,Консервы,Шпроты,"1,15",102,"117,3"
,10/10/2022,Go Bio,Кёльн,Запад,Крупы,Гречка,"1,4",110,154
,10/10/2022,NutriFix,Гамбург,Север,Сладости,Мармелад,"0,6",165,99
,10/10/2022,NutriFix,Мюнхен,Юг,Сухофрукты,Курага,"1,19",111,"132,09"
,10/10/2022,Organica,Кёльн,Запад,Сухофрукты,Сушеные яблоки,"1,09",53,"57,77"
,10/10/2022,Go Bio,Дрезден,Восток,Масла,Подсолнечное масло,"1,19",165,"196,35"
,10/11/2022,mymeal,Кёльн,Запад,Крупы,Гречка,"1,4",251,"351,4"
,10/11/2022,mymeal,Кёльн,Запад,Крупы,Рис,"0,96",372,"357,12"
,10/11/2022,Go Bio,Дрезден,Восток,Сладости,Мармелад,"0,6",44,"26,4"
,10/11/2022,NutriFix,Берлин,Восток,Сухофрукты,Сушеные яблоки,"1,09",235,"256,15"
,10/11/2022,Cooking Corner,Дрезден,Восток,Сухофрукты,Курага,"1,19",68,"80,92"
,10/11/2022,Cooking Corner,Дрезден,Восток,Масла,Сливочное масло,"1,5",338,507
,10/11/2022,foodbite,Дрезден,Восток,Сладости,Шоколад,"0,55",267,"146,85"
,10/11/2022,Cooking Corner,Берлин,Восток,Консервы,Говядина тушеная,"1,19",140,"166,6"
,10/11/2022,mymeal,Берлин,Восток,Масла,Сливочное масло,"1,5",1171,"1756,5"
,10/11/2022,Organica,Берлин,Восток,Масла,Оливковое масло,"1,7",148,"251,6"
,10/11/2022,Cooking Corner,Кёльн,Запад,Сыры,Моцарелла,"0,59",364,"214,76"
,10/11/2022,Cooking Corner,Кёльн,Запад,Крупы,Перловка,"1,2",320,384
,10/11/2022,foodbite,Кёльн,Запад,Сыры,Филадельфия ,"0,89",140,"124,6"
,10/11/2022,foodbite,Кёльн,Запад,Масла,Сливочное масло,"1,5",243,"364,5"
,10/11/2022,Go Bio,Бремен,Север,Масла,Сливочное масло,"1,5",110,165
,10/11/2022,NutriFix,Мюнхен,Юг,Напитки,Черный чай,"0,99",359,"355,41"
,10/11/2022,Organica,Франкфурт,Запад,Напитки,Кофе,"5,5",62,341
,10/11/2022,Organica,Гамбург,Север,Напитки,Зеленый чай,"0,95",297,"282,15"
,10/11/2022,foodbite,Мюнхен,Юг,Сухофрукты,Сушеные яблоки,"1,09",136,"148,24"
,10/11/2022,Sweetables,Кёльн,Запад,Сладости,Мармелад,"0,6",101,"60,6"
,10/11/2022,Gold Food,Кёльн,Запад,Крупы,Рис,"0,96",302,"289,92"
,10/11/2022,Gold Food,Кёльн,Запад,Сыры,Гауда,"1,59",296,"470,64"
,10/11/2022,NutriFix,Кёльн,Запад,Консервы,Говядина тушеная,"1,19",41,"48,79"
,10/11/2022,NutriFix,Мюнхен,Юг,Крупы,Гречка,"1,4",138,"193,2"
,10/11/2022,Go Bio,Гамбург,Север,Консервы,Говядина тушеная,"1,19",67,"79,73"
,10/11/2022,Sweetables,Кёльн,Запад,Масла,Сливочное масло,"1,5",227,"340,5"
,10/11/2022,Sweetables,Кёльн,Запад,Консервы,Килька в томате,"0,89",95,"84,55"
,10/11/2022,Organica,Дрезден,Восток,Крупы,Рис,"0,96",144,"138,24"
,10/11/2022,Go Bio,Дрезден,Восток,Сухофрукты,Курага,"1,19",43,"51,17"
,10/11/2022,mymeal,Франкфурт,Запад,Напитки,Черный чай,"0,99",228,"225,72"
,10/11/2022,foodbite,Франкфурт,Запад,Сухофрукты,Курага,"1,19",96,"114,24"
,10/12/2022,Gold Food,Бремен,Север,Крупы,Рис,"0,96",152,"145,92"
,10/12/2022,Gold Food,Бремен,Север,Консервы,Килька в томате,"0,89",41,"36,49"
,10/12/2022,foodbite,Дрезден,Восток,Напитки,Кофе,"5,5",31,"170,5"
,10/12/2022,foodbite,Дрезден,Восток,Специи,Черный перец,"0,59",52,"30,68"
,10/12/2022,foodbite,Берлин,Восток,Напитки,Черный чай,"0,99",558,"552,42"
,10/12/2022,Cooking Corner,Дрезден,Восток,Специи,Черный перец,"0,59",190,"112,1"
,10/12/2022,foodbite,Дрезден,Восток,Сладости,Мармелад,"0,6",81,"48,6"
,10/12/2022,mymeal,Берлин,Восток,Сыры,Моцарелла,"0,59",699,"412,41"
,10/12/2022,foodbite,Берлин,Восток,Напитки,Зеленый чай,"0,95",900,855
,10/12/2022,foodbite,Берлин,Восток,Крупы,Гречка,"1,4",458,"641,2"
,10/12/2022,foodbite,Берлин,Восток,Специи,Базилик,"0,7",180,126
,10/12/2022,Organica,Берлин,Восток,Напитки,Кофе,"5,5",177,"973,5"
,10/12/2022,foodbite,Франкфурт,Запад,Сыры,Моцарелла,"0,59",133,"78,47"
,10/12/2022,Go Bio,Бремен,Север,Масла,Сливочное масло,"1,5",94,141
,10/12/2022,Organica,Дрезден,Восток,Крупы,Гречка,"1,4",56,"78,4"
,10/12/2022,Organica,Дрезден,Восток,Сладости,Шоколад,"0,55",101,"55,55"
,10/12/2022,Sweetables,Гамбург,Север,Консервы,Шпроты,"1,15",176,"202,4"
,10/12/2022,Gold Food,Мюнхен,Юг,Напитки,Зеленый чай,"0,95",173,"164,35"
,10/12/2022,Cooking Corner,Штутгарт,Юг,Сухофрукты,Сушеные яблоки,"1,09",96,"104,64"
,10/12/2022,Organica,Гамбург,Север,Крупы,Перловка,"1,2",267,"320,4"
,10/12/2022,Organica,Гамбург,Север,Крупы,Перловка,"1,2",267,"320,4"
,10/12/2022,Organica,Мюнхен,Юг,Сладости,Шоколад,"0,55",363,"199,65"
,10/12/2022,Gold Food,Кёльн,Запад,Сыры,Филадельфия ,"0,89",75,"66,75"
,10/12/2022,Gold Food,Берлин,Восток,Сладости,Мармелад,"0,6",218,"130,8"
,10/12/2022,mymeal,Гамбург,Север,Напитки,Кофе,"5,5",160,880
,10/12/2022,foodbite,Гамбург,Север,Крупы,Рис,"0,96",463,"444,48"
,10/12/2022,Go Bio,Гамбург,Север,Напитки,Черный чай,"0,99",158,"156,42"
,10/12/2022,Sweetables,Кёльн,Запад,Крупы,Перловка,"1,2",223,"267,6"
,10/12/2022,Organica,Бремен,Север,Специи,Черный перец,"0,59",33,"19,47"
,10/12/2022,Go Bio,Дрезден,Восток,Сыры,Моцарелла,"0,59",73,"43,07"
,10/12/2022,Cooking Corner,Франкфурт,Запад,Консервы,Говядина тушеная,"1,19",46,"54,74"
,10/12/2022,foodbite,Франкфурт,Запад,Масла,Подсолнечное масло,"1,19",196,"233,24"
,10/12/2022,Sweetables,Франкфурт,Запад,Масла,Оливковое масло,"1,7",94,"159,8"
,10/13/2022,foodbite,Дрезден,Восток,Специи,Базилик,"0,7",40,28
,10/13/2022,Gold Food,Гамбург,Север,Сыры,Гауда,"1,59",520,"826,8"
,10/13/2022,Gold Food,Гамбург,Север,Консервы,Говядина тушеная,"1,19",71,"84,49"
,10/13/2022,NutriFix,Штутгарт,Юг,Сыры,Моцарелла,"0,59",161,"94,99"
,10/13/2022,Go Bio,Штутгарт,Юг,Сыры,Моцарелла,"0,59",159,"93,81"
,10/13/2022,foodbite,Франкфурт,Запад,Консервы,Килька в томате,"0,89",121,"107,69"
,10/13/2022,Go Bio,Бремен,Север,Крупы,Гречка,"1,4",40,56
,10/13/2022,NutriFix,Дрезден,Восток,Крупы,Рис,"0,96",138,"132,48"
,10/13/2022,Organica,Дрезден,Восток,Сладости,Мармелад,"0,6",61,"36,6"
,10/13/2022,Sweetables,Гамбург,Север,Напитки,Кофе,"5,5",106,583
,10/13/2022,Go Bio,Гамбург,Север,Напитки,Черный чай,"0,99",114,"112,86"
,10/13/2022,Sweetables,Мюнхен,Юг,Специи,Базилик,"0,7",84,"58,8"
,10/13/2022,foodbite,Кёльн,Запад,Специи,Кориандр,"0,65",21,"13,65"
,10/13/2022,Gold Food,Берлин,Восток,Консервы,Говядина тушеная,"1,19",124,"147,56"
,10/13/2022,foodbite,Гамбург,Север,Консервы,Говядина тушеная,"1,19",69,"82,11"
,10/13/2022,Sweetables,Гамбург,Север,Крупы,Перловка,"1,2",396,"475,2"
,10/13/2022,NutriFix,Мюнхен,Юг,Сладости,Шоколад,"0,55",482,"265,1"
,10/13/2022,NutriFix,Кёльн,Запад,Масла,Оливковое масло,"1,7",69,"117,3"
,10/13/2022,foodbite,Франкфурт,Запад,Специи,Базилик,"0,7",61,"42,7"
,10/14/2022,Cooking Corner,Дрезден,Восток,Напитки,Кофе,"5,5",107,"588,5"
,10/14/2022,Sweetables,Штутгарт,Юг,Специи,Черный перец,"0,59",203,"119,77"
,10/14/2022,Gold Food,Гамбург,Север,Сухофрукты,Сушеные яблоки,"1,09",117,"127,53"
,10/14/2022,Organica,Гамбург,Север,Специи,Базилик,"0,7",45,"31,5"
,10/14/2022,NutriFix,Штутгарт,Юг,Сыры,Филадельфия ,"0,89",81,"72,09"
,10/14/2022,Organica,Штутгарт,Юг,Масла,Оливковое масло,"1,7",66,"112,2"
,10/14/2022,Cooking Corner,Бремен,Север,Сладости,Шоколад,"0,55",217,"119,35"
,10/14/2022,NutriFix,Мюнхен,Юг,Крупы,Гречка,"1,4",209,"292,6"
,10/14/2022,foodbite,Кёльн,Запад,Масла,Подсолнечное масло,"1,19",329,"391,51"
,10/14/2022,Cooking Corner,Гамбург,Север,Крупы,Рис,"0,96",967,"928,32"
,10/14/2022,Cooking Corner,Гамбург,Север,Консервы,Килька в томате,"0,89",374,"332,86"
,10/14/2022,Sweetables,Гамбург,Север,Сухофрукты,Изюм,"0,99",150,"148,5"
,10/14/2022,Sweetables,Гамбург,Север,Напитки,Зеленый чай,"0,95",386,"366,7"
,10/14/2022,foodbite,Мюнхен,Юг,Сыры,Моцарелла,"0,59",308,"181,72"
,10/14/2022,foodbite,Мюнхен,Юг,Масла,Сливочное масло,"1,5",482,723
,10/14/2022,Sweetables,Мюнхен,Юг,Масла,Оливковое масло,"1,7",98,"166,6"
,10/14/2022,NutriFix,Мюнхен,Юг,Сухофрукты,Сушеные яблоки,"1,09",68,"74,12"
,10/15/2022,Sweetables,Кёльн,Запад,Сладости,Зефир,"0,65",68,"44,2"
,10/15/2022,Sweetables,Штутгарт,Юг,Масла,Сливочное масло,"1,5",204,306
,10/15/2022,mymeal,Штутгарт,Юг,Крупы,Перловка,"1,2",257,"308,4"
,10/15/2022,Cooking Corner,Бремен,Север,Масла,Оливковое масло,"1,7",82,"139,4"
,10/15/2022,Cooking Corner,Бремен,Север,Сладости,Шоколад,"0,55",373,"205,15"
,10/15/2022,mymeal,Бремен,Север,Сыры,Филадельфия ,"0,89",113,"100,57"
,10/15/2022,Organica,Бремен,Север,Масла,Сливочное масло,"1,5",70,105
,10/15/2022,Cooking Corner,Гамбург,Север,Напитки,Кофе,"5,5",199,"1094,5"
,10/15/2022,Cooking Corner,Гамбург,Север,Специи,Базилик,"0,7",128,"89,6"
,10/15/2022,Sweetables,Мюнхен,Юг,Крупы,Рис,"0,96",461,"442,56"
,10/15/2022,Sweetables,Мюнхен,Юг,Сухофрукты,Курага,"1,19",135,"160,65"
,10/15/2022,foodbite,Кёльн,Запад,Масла,Оливковое масло,"1,7",94,"159,8"
,10/15/2022,Gold Food,Гамбург,Север,Напитки,Зеленый чай,"0,95",387,"367,65"
,10/15/2022,Gold Food,Гамбург,Север,Крупы,Рис,"0,96",572,"549,12"
,10/15/2022,Sweetables,Мюнхен,Юг,Масла,Оливковое масло,"1,7",143,"243,1"
,10/15/2022,Organica,Франкфурт,Запад,Консервы,Килька в томате,"0,89",68,"60,52"
,10/16/2022,mymeal,Штутгарт,Юг,Специи,Черный перец,"0,59",161,"94,99"
,10/16/2022,Sweetables,Дрезден,Восток,Крупы,Перловка,"1,2",151,"181,2"
,10/16/2022,mymeal,Штутгарт,Юг,Крупы,Рис,"0,96",597,"573,12"
,10/16/2022,mymeal,Бремен,Север,Консервы,Килька в томате,"0,89",65,"57,85"
,10/16/2022,mymeal,Бремен,Север,Консервы,Говядина тушеная,"1,19",23,"27,37"
,10/16/2022,Sweetables,Мюнхен,Юг,Специи,Базилик,"0,7",70,49
,10/16/2022,foodbite,Берлин,Восток,Напитки,Кофе,"5,5",197,"1083,5"
,10/16/2022,Go Bio,Берлин,Восток,Масла,Оливковое масло,"1,7",164,"278,8"
,10/16/2022,Gold Food,Гамбург,Север,Специи,Черный перец,"0,59",118,"69,62"
,10/16/2022,Sweetables,Мюнхен,Юг,Специи,Черный перец,"0,59",322,"189,98"
,10/16/2022,Sweetables,Дрезден,Восток,Крупы,Рис,"0,96",163,"156,48"
,10/16/2022,mymeal,Берлин,Восток,Масла,Подсолнечное масло,"1,19",1115,"1326,85"
,10/16/2022,foodbite,Кёльн,Запад,Сладости,Мармелад,"0,6",75,45
,10/17/2022,Gold Food,Мюнхен,Юг,Специи,Кориандр,"0,65",36,"23,4"
,10/17/2022,Cooking Corner,Франкфурт,Запад,Консервы,Говядина тушеная,"1,19",52,"61,88"
,10/17/2022,Cooking Corner,Франкфурт,Запад,Масла,Оливковое масло,"1,7",90,153
,10/17/2022,mymeal,Штутгарт,Юг,Масла,Оливковое масло,"1,7",146,"248,2"
,10/17/2022,mymeal,Дрезден,Восток,Сладости,Мармелад,"0,6",78,"46,8"
,10/17/2022,Sweetables,Дрезден,Восток,Напитки,Зеленый чай,"0,95",87,"82,65"
,10/17/2022,Go Bio,Мюнхен,Юг,Масла,Сливочное масло,"1,5",279,"418,5"
,10/17/2022,Sweetables,Дрезден,Восток,Сладости,Мармелад,"0,6",48,"28,8"
,10/17/2022,Sweetables,Дрезден,Восток,Напитки,Черный чай,"0,99",137,"135,63"
,10/17/2022,foodbite,Кёльн,Запад,Крупы,Перловка,"1,2",217,"260,4"
,10/17/2022,Cooking Corner,Штутгарт,Юг,Консервы,Шпроты,"1,15",156,"179,4"
,10/18/2022,Cooking Corner,Франкфурт,Запад,Крупы,Гречка,"1,4",209,"292,6"
,10/18/2022,Gold Food,Гамбург,Север,Напитки,Кофе,"5,5",187,"1028,5"
,10/18/2022,mymeal,Кёльн,Запад,Сладости,Мармелад,"0,6",179,"107,4"
,10/18/2022,Sweetables,Кёльн,Запад,Напитки,Черный чай,"0,99",190,"188,1"
,10/18/2022,Sweetables,Кёльн,Запад,Консервы,Килька в томате,"0,89",136,"121,04"
,10/18/2022,Gold Food,Франкфурт,Запад,Крупы,Рис,"0,96",307,"294,72"
,10/18/2022,Gold Food,Франкфурт,Запад,Крупы,Перловка,"1,2",131,"157,2"
,10/18/2022,foodbite,Берлин,Восток,Сухофрукты,Изюм,"0,99",193,"191,07"
,10/18/2022,foodbite,Кёльн,Запад,Напитки,Зеленый чай,"0,95",269,"255,55"
,10/19/2022,Organica,Гамбург,Север,Сладости,Шоколад,"0,55",577,"317,35"
,10/19/2022,Gold Food,Бремен,Север,Специи,Кориандр,"0,65",13,"8,45"
,10/19/2022,Go Bio,Франкфурт,Запад,Сыры,Гауда,"1,59",192,"305,28"
,10/19/2022,Sweetables,Кёльн,Запад,Сухофрукты,Курага,"1,19",82,"97,58"
,10/19/2022,NutriFix,Кёльн,Запад,Сладости,Мармелад,"0,6",68,"40,8"
,10/19/2022,Organica,Кёльн,Запад,Напитки,Черный чай,"0,99",162,"160,38"
,10/19/2022,Organica,Кёльн,Запад,Масла,Сливочное масло,"1,5",232,348
,10/19/2022,Sweetables,Берлин,Восток,Консервы,Килька в томате,"0,89",282,"250,98"
,10/19/2022,mymeal,Штутгарт,Юг,Крупы,Перловка,"1,2",371,"445,2"
,10/19/2022,mymeal,Штутгарт,Юг,Специи,Черный перец,"0,59",110,"64,9"
,10/20/2022,NutriFix,Гамбург,Север,Сыры,Гауда,"1,59",389,"618,51"
,10/20/2022,Go Bio,Гамбург,Север,Сыры,Моцарелла,"0,59",227,"133,93"
,10/20/2022,Cooking Corner,Мюнхен,Юг,Сыры,Филадельфия ,"0,89",262,"233,18"
,10/20/2022,Cooking Corner,Мюнхен,Юг,Специи,Базилик,"0,7",95,"66,5"
,10/20/2022,Go Bio,Франкфурт,Запад,Сухофрукты,Сушеные яблоки,"1,09",61,"66,49"
,10/20/2022,Go Bio,Франкфурт,Запад,Крупы,Гречка,"1,4",72,"100,8"
,10/20/2022,foodbite,Бремен,Север,Напитки,Зеленый чай,"0,95",59,"56,05"
,10/20/2022,Gold Food,Бремен,Север,Сыры,Гауда,"1,59",173,"275,07"
,10/20/2022,NutriFix,Кёльн,Запад,Напитки,Кофе,"5,5",120,660
,10/20/2022,NutriFix,Кёльн,Запад,Масла,Подсолнечное масло,"1,19",241,"286,79"
,10/20/2022,foodbite,Франкфурт,Запад,Сладости,Шоколад,"0,55",195,"107,25"
,10/20/2022,Organica,Кёльн,Запад,Сладости,Зефир,"0,65",49,"31,85"
,10/20/2022,Sweetables,Берлин,Восток,Консервы,Говядина тушеная,"1,19",150,"178,5"
,10/20/2022,Go Bio,Мюнхен,Юг,Специи,Кориандр,"0,65",28,"18,2"
,10/20/2022,Go Bio,Мюнхен,Юг,Масла,Оливковое масло,"1,7",89,"151,3"
,10/21/2022,Cooking Corner,Мюнхен,Юг,Напитки,Черный чай,"0,99",805,"796,95"
,10/21/2022,Go Bio,Франкфурт,Запад,Консервы,Шпроты,"1,15",53,"60,95"
,10/21/2022,NutriFix,Кёльн,Запад,Масла,Оливковое масло,"1,7",52,"88,4"
,10/21/2022,Organica,Кёльн,Запад,Крупы,Гречка,"1,4",94,"131,6"
,10/21/2022,Organica,Кёльн,Запад,Сухофрукты,Курага,"1,19",61,"72,59"
,10/21/2022,Go Bio,Гамбург,Север,Масла,Подсолнечное масло,"1,19",288,"342,72"
,10/21/2022,Go Bio,Гамбург,Север,Консервы,Килька в томате,"0,89",131,"116,59"
,10/21/2022,Sweetables,Франкфурт,Запад,Сухофрукты,Курага,"1,19",49,"58,31"
,10/21/2022,Gold Food,Франкфурт,Запад,Сыры,Гауда,"1,59",291,"462,69"
,10/21/2022,Gold Food,Франкфурт,Запад,Крупы,Гречка,"1,4",137,"191,8"
,10/21/2022,Gold Food,Кёльн,Запад,Масла,Оливковое масло,"1,7",90,153
,10/21/2022,mymeal,Франкфурт,Запад,Крупы,Перловка,"1,2",377,"452,4"
,10/21/2022,Organica,Франкфурт,Запад,Консервы,Шпроты,"1,15",27,"31,05"
,10/21/2022,NutriFix,Дрезден,Восток,Специи,Черный перец,"0,59",157,"92,63"
,10/21/2022,Sweetables,Берлин,Восток,Сладости,Мармелад,"0,6",241,"144,6"
,10/21/2022,Gold Food,Берлин,Восток,Крупы,Гречка,"1,4",290,406
,10/21/2022,Gold Food,Гамбург,Север,Сыры,Филадельфия ,"0,89",132,"117,48"
,10/21/2022,Go Bio,Мюнхен,Юг,Специи,Базилик,"0,7",44,"30,8"
,10/22/2022,NutriFix,Бремен,Север,Специи,Базилик,"0,7",30,21
,10/22/2022,NutriFix,Гамбург,Север,Крупы,Рис,"0,96",462,"443,52"
,10/22/2022,Go Bio,Гамбург,Север,Специи,Базилик,"0,7",56,"39,2"
,10/22/2022,Gold Food,Франкфурт,Запад,Сухофрукты,Сушеные яблоки,"1,09",57,"62,13"
,10/22/2022,Sweetables,Кёльн,Запад,Сухофрукты,Сушеные яблоки,"1,09",98,"106,82"
,10/22/2022,Gold Food,Кёльн,Запад,Сладости,Зефир,"0,65",54,"35,1"
,10/22/2022,mymeal,Франкфурт,Запад,Сухофрукты,Изюм,"0,99",187,"185,13"
,10/22/2022,Organica,Франкфурт,Запад,Сладости,Мармелад,"0,6",69,"41,4"
,10/22/2022,Organica,Франкфурт,Запад,Сладости,Мармелад,"0,6",87,"52,2"
,10/22/2022,mymeal,Бремен,Север,Напитки,Черный чай,"0,99",154,"152,46"
,10/22/2022,foodbite,Бремен,Север,Масла,Сливочное масло,"1,5",154,231
,10/22/2022,Go Bio,Дрезден,Восток,Сыры,Моцарелла,"0,59",75,"44,25"
,10/22/2022,Gold Food,Берлин,Восток,Масла,Подсолнечное масло,"1,19",572,"680,68"
,10/22/2022,foodbite,Гамбург,Север,Консервы,Килька в томате,"0,89",183,"162,87"
,10/22/2022,Gold Food,Гамбург,Север,Специи,Базилик,"0,7",86,"60,2"
,10/22/2022,mymeal,Мюнхен,Юг,Масла,Подсолнечное масло,"1,19",739,"879,41"
,10/22/2022,NutriFix,Мюнхен,Юг,Масла,Подсолнечное масло,"1,19",400,476
,10/22/2022,NutriFix,Штутгарт,Юг,Напитки,Черный чай,"0,99",210,"207,9"
,10/22/2022,Sweetables,Бремен,Север,Масла,Подсолнечное масло,"1,19",172,"204,68"
,10/23/2022,mymeal,Франкфурт,Запад,Сыры,Филадельфия ,"0,89",126,"112,14"
,10/23/2022,mymeal,Франкфурт,Запад,Напитки,Черный чай,"0,99",424,"419,76"
,10/23/2022,Sweetables,Франкфурт,Запад,Специи,Базилик,"0,7",38,"26,6"
,10/23/2022,NutriFix,Франкфурт,Запад,Консервы,Килька в томате,"0,89",65,"57,85"
,10/23/2022,NutriFix,Гамбург,Север,Специи,Черный перец,"0,59",328,"193,52"
,10/23/2022,foodbite,Кёльн,Запад,Специи,Базилик,"0,7",54,"37,8"
,10/23/2022,mymeal,Бремен,Север,Сладости,Зефир,"0,65",37,"24,05"
,10/23/2022,foodbite,Гамбург,Север,Напитки,Кофе,"5,5",158,869
,10/23/2022,mymeal,Мюнхен,Юг,Крупы,Гречка,"1,4",347,"485,8"
,10/23/2022,Sweetables,Штутгарт,Юг,Напитки,Кофе,"5,5",114,627
,10/23/2022,Sweetables,Штутгарт,Юг,Специи,Базилик,"0,7",59,"41,3"
,10/23/2022,Sweetables,Штутгарт,Юг,Сладости,Шоколад,"0,55",218,"119,9"
,10/23/2022,NutriFix,Штутгарт,Юг,Специи,Базилик,"0,7",44,"30,8"
,10/23/2022,NutriFix,Штутгарт,Юг,Сладости,Мармелад,"0,6",105,63
,10/23/2022,Organica,Франкфурт,Запад,Сыры,Моцарелла,"0,59",177,"104,43"
,10/23/2022,Sweetables,Бремен,Север,Масла,Оливковое масло,"1,7",42,"71,4"
,10/24/2022,NutriFix,Франкфурт,Запад,Консервы,Килька в томате,"0,89",100,89
,10/24/2022,Gold Food,Гамбург,Север,Сыры,Филадельфия ,"0,89",188,"167,32"
,10/24/2022,NutriFix,Гамбург,Север,Сыры,Филадельфия ,"0,89",167,"148,63"
,10/24/2022,NutriFix,Франкфурт,Запад,Сладости,Шоколад,"0,55",267,"146,85"
,10/24/2022,Go Bio,Мюнхен,Юг,Сухофрукты,Изюм,"0,99",110,"108,9"
,10/24/2022,foodbite,Кёльн,Запад,Масла,Оливковое масло,"1,7",81,"137,7"
,10/24/2022,foodbite,Кёльн,Запад,Сухофрукты,Курага,"1,19",68,"80,92"
,10/24/2022,mymeal,Бремен,Север,Масла,Подсолнечное масло,"1,19",235,"279,65"
,10/24/2022,foodbite,Гамбург,Север,Специи,Базилик,"0,7",69,"48,3"
,10/24/2022,Go Bio,Штутгарт,Юг,Сыры,Моцарелла,"0,59",107,"63,13"
,10/24/2022,Organica,Франкфурт,Запад,Масла,Сливочное масло,"1,5",207,"310,5"
,10/24/2022,Go Bio,Франкфурт,Запад,Масла,Оливковое масло,"1,7",55,"93,5"
,10/24/2022,Go Bio,Франкфурт,Запад,Крупы,Рис,"0,96",166,"159,36"
,10/24/2022,Cooking Corner,Бремен,Север,Масла,Сливочное масло,"1,5",194,291
,10/25/2022,Sweetables,Мюнхен,Юг,Сладости,Шоколад,"0,55",514,"282,7"
,10/25/2022,Sweetables,Мюнхен,Юг,Масла,Сливочное масло,"1,5",406,609
,10/25/2022,Gold Food,Гамбург,Север,Сыры,Моцарелла,"0,59",281,"165,79"
,10/25/2022,Gold Food,Гамбург,Север,Консервы,Говядина тушеная,"1,19",76,"90,44"
,10/25/2022,Cooking Corner,Гамбург,Север,Сухофрукты,Сушеные яблоки,"1,09",172,"187,48"
,10/25/2022,Go Bio,Штутгарт,Юг,Крупы,Гречка,"1,4",92,"128,8"
,10/25/2022,Organica,Франкфурт,Запад,Сухофрукты,Сушеные яблоки,"1,09",60,"65,4"
,10/25/2022,foodbite,Штутгарт,Юг,Сухофрукты,Курага,"1,19",92,"109,48"
,10/25/2022,Gold Food,Штутгарт,Юг,Масла,Сливочное масло,"1,5",233,"349,5"
,10/25/2022,Gold Food,Штутгарт,Юг,Масла,Подсолнечное масло,"1,19",206,"245,14"
,10/25/2022,Gold Food,Штутгарт,Юг,Крупы,Рис,"0,96",246,"236,16"
,10/25/2022,Cooking Corner,Бремен,Север,Сыры,Моцарелла,"0,59",137,"80,83"
,10/26/2022,Sweetables,Мюнхен,Юг,Сладости,Мармелад,"0,6",176,"105,6"
,10/26/2022,Organica,Франкфурт,Запад,Масла,Оливковое масло,"1,7",51,"86,7"
,10/26/2022,Organica,Франкфурт,Запад,Сладости,Шоколад,"0,55",170,"93,5"
,10/26/2022,Organica,Франкфурт,Запад,Напитки,Кофе,"5,5",72,396
,10/26/2022,NutriFix,Штутгарт,Юг,Масла,Подсолнечное масло,"1,19",194,"230,86"
,10/26/2022,NutriFix,Дрезден,Восток,Масла,Оливковое масло,"1,7",31,"52,7"
,10/26/2022,NutriFix,Дрезден,Восток,Сыры,Филадельфия ,"0,89",62,"55,18"
,10/26/2022,Cooking Corner,Гамбург,Север,Специи,Кориандр,"0,65",55,"35,75"
,10/26/2022,Cooking Corner,Гамбург,Север,Сухофрукты,Изюм,"0,99",334,"330,66"
,10/26/2022,Go Bio,Штутгарт,Юг,Масла,Сливочное масло,"1,5",188,282
,10/26/2022,mymeal,Штутгарт,Юг,Напитки,Кофе,"5,5",57,"313,5"
,10/26/2022,mymeal,Штутгарт,Юг,Масла,Подсолнечное масло,"1,19",462,"549,78"
,10/26/2022,Go Bio,Штутгарт,Юг,Масла,Подсолнечное масло,"1,19",117,"139,23"
,10/26/2022,Go Bio,Штутгарт,Юг,Масла,Оливковое масло,"1,7",42,"71,4"
,10/27/2022,Organica,Берлин,Восток,Специи,Базилик,"0,7",102,"71,4"
,10/27/2022,Gold Food,Штутгарт,Юг,Крупы,Рис,"0,96",216,"207,36"
,10/27/2022,NutriFix,Штутгарт,Юг,Сладости,Зефир,"0,65",41,"26,65"
,10/27/2022,Go Bio,Штутгарт,Юг,Сладости,Зефир,"0,65",27,"17,55"
,10/27/2022,Sweetables,Дрезден,Восток,Сыры,Моцарелла,"0,59",142,"83,78"
,10/27/2022,Sweetables,Дрезден,Восток,Консервы,Шпроты,"1,15",57,"65,55"
,10/27/2022,NutriFix,Дрезден,Восток,Масла,Оливковое масло,"1,7",51,"86,7"
,10/27/2022,Go Bio,Дрезден,Восток,Сладости,Шоколад,"0,55",192,"105,6"
,10/27/2022,Go Bio,Дрезден,Восток,Консервы,Килька в томате,"0,89",65,"57,85"
,10/27/2022,Gold Food,Франкфурт,Запад,Консервы,Шпроты,"1,15",47,"54,05"
,10/27/2022,Sweetables,Штутгарт,Юг,Специи,Черный перец,"0,59",171,"100,89"
,10/27/2022,Go Bio,Штутгарт,Юг,Напитки,Кофе,"5,5",78,429
,10/27/2022,mymeal,Дрезден,Восток,Консервы,Килька в томате,"0,89",109,"97,01"
,10/27/2022,foodbite,Дрезден,Восток,Масла,Оливковое масло,"1,7",57,"96,9"
,10/28/2022,NutriFix,Мюнхен,Юг,Крупы,Гречка,"1,4",172,"240,8"
,10/28/2022,NutriFix,Мюнхен,Юг,Масла,Подсолнечное масло,"1,19",349,"415,31"
,10/28/2022,Go Bio,Берлин,Восток,Сладости,Шоколад,"0,55",788,"433,4"
,10/28/2022,mymeal,Гамбург,Север,Консервы,Говядина тушеная,"1,19",110,"130,9"
,10/28/2022,mymeal,Гамбург,Север,Сухофрукты,Сушеные яблоки,"1,09",178,"194,02"
,10/28/2022,Organica,Бремен,Север,Напитки,Кофе,"5,5",39,"214,5"
,10/28/2022,Organica,Бремен,Север,Крупы,Гречка,"1,4",57,"79,8"
,10/28/2022,Go Bio,Дрезден,Восток,Сыры,Моцарелла,"0,59",69,"40,71"
,10/28/2022,Gold Food,Гамбург,Север,Сладости,Мармелад,"0,6",117,"70,2"
,10/28/2022,Go Bio,Гамбург,Север,Крупы,Гречка,"1,4",167,"233,8"
,10/28/2022,Cooking Corner,Бремен,Север,Масла,Подсолнечное масло,"1,19",218,"259,42"
,10/28/2022,Go Bio,Гамбург,Север,Сухофрукты,Изюм,"0,99",121,"119,79"
,10/28/2022,Gold Food,Франкфурт,Запад,Консервы,Шпроты,"1,15",73,"83,95"
,10/28/2022,Organica,Штутгарт,Юг,Сладости,Мармелад,"0,6",54,"32,4"
,10/28/2022,Organica,Штутгарт,Юг,Консервы,Килька в томате,"0,89",60,"53,4"
,10/28/2022,Go Bio,Берлин,Восток,Масла,Оливковое масло,"1,7",144,"244,8"
,10/28/2022,Go Bio,Берлин,Восток,Сыры,Филадельфия ,"0,89",198,"176,22"
,10/29/2022,foodbite,Гамбург,Север,Крупы,Перловка,"1,2",373,"447,6"
,10/29/2022,foodbite,Гамбург,Север,Сухофрукты,Изюм,"0,99",177,"175,23"
,10/29/2022,mymeal,Берлин,Восток,Масла,Сливочное масло,"1,5",1121,"1681,5"
,10/29/2022,Go Bio,Берлин,Восток,Сыры,Моцарелла,"0,59",493,"290,87"
,10/29/2022,Gold Food,Гамбург,Север,Масла,Подсолнечное масло,"1,19",379,"451,01"
,10/29/2022,Organica,Гамбург,Север,Сладости,Мармелад,"0,6",147,"88,2"
,10/29/2022,Go Bio,Гамбург,Север,Крупы,Перловка,"1,2",240,288
,10/29/2022,Go Bio,Гамбург,Север,Напитки,Черный чай,"0,99",417,"412,83"
,10/29/2022,Go Bio,Штутгарт,Юг,Крупы,Гречка,"1,4",69,"96,6"
,10/29/2022,Cooking Corner,Бремен,Север,Консервы,Говядина тушеная,"1,19",54,"64,26"
,10/29/2022,Cooking Corner,Бремен,Север,Масла,Оливковое масло,"1,7",50,85
,10/29/2022,NutriFix,Гамбург,Север,Сухофрукты,Курага,"1,19",108,"128,52"
,10/29/2022,foodbite,Франкфурт,Запад,Крупы,Перловка,"1,2",151,"181,2"
,10/29/2022,foodbite,Франкфурт,Запад,Масла,Подсолнечное масло,"1,19",299,"355,81"
,10/29/2022,Sweetables,Франкфурт,Запад,Крупы,Гречка,"1,4",117,"163,8"
,10/30/2022,mymeal,Берлин,Восток,Напитки,Кофе,"5,5",550,3025
,10/30/2022,mymeal,Берлин,Восток,Специи,Кориандр,"0,65",122,"79,3"
,10/30/2022,foodbite,Гамбург,Север,Сыры,Гауда,"1,59",638,"1014,42"
,10/30/2022,Cooking Corner,Дрезден,Восток,Крупы,Гречка,"1,4",192,"268,8"
,10/30/2022,foodbite,Берлин,Восток,Напитки,Черный чай,"0,99",556,"550,44"
,10/30/2022,Cooking Corner,Гамбург,Север,Сыры,Филадельфия ,"0,89",372,"331,08"
,10/30/2022,foodbite,Штутгарт,Юг,Сухофрукты,Сушеные яблоки,"1,09",93,"101,37"
,10/30/2022,foodbite,Штутгарт,Юг,Сухофрукты,Сушеные яблоки,"1,09",83,"90,47"
,10/30/2022,foodbite,Штутгарт,Юг,Специи,Черный перец,"0,59",159,"93,81"
,10/30/2022,mymeal,Бремен,Север,Масла,Подсолнечное масло,"1,19",232,"276,08"
,10/30/2022,NutriFix,Гамбург,Север,Напитки,Черный чай,"0,99",295,"292,05"
,10/30/2022,Cooking Corner,Мюнхен,Юг,Напитки,Кофе,"5,5",275,"1512,5"
,10/30/2022,Cooking Corner,Мюнхен,Юг,Сыры,Гауда,"1,59",999,"1588,41"
,10/30/2022,foodbite,Мюнхен,Юг,Напитки,Кофе,"5,5",57,"313,5"
,10/30/2022,foodbite,Мюнхен,Юг,Специи,Черный перец,"0,59",118,"69,62"
,10/30/2022,foodbite,Франкфурт,Запад,Сухофрукты,Курага,"1,19",60,"71,4"
,10/30/2022,Sweetables,Франкфурт,Запад,Масла,Подсолнечное масло,"1,19",303,"360,57"
,10/30/2022,mymeal,Берлин,Восток,Сыры,Моцарелла,"0,59",795,"469,05"
,10/30/2022,mymeal,Берлин,Восток,Сыры,Филадельфия ,"0,89",491,"436,99"
,10/30/2022,mymeal,Берлин,Восток,Сухофрукты,Сушеные яблоки,"1,09",413,"450,17"
,10/31/2022,Go Bio,Мюнхен,Юг,Сыры,Гауда,"1,59",391,"621,69"
,10/31/2022,foodbite,Берлин,Восток,Масла,Сливочное масло,"1,5",738,1107
,10/31/2022,Cooking Corner,Мюнхен,Юг,Масла,Оливковое масло,"1,7",232,"394,4"
,10/31/2022,foodbite,Мюнхен,Юг,Специи,Базилик,"0,7",50,35
,10/31/2022,Organica,Кёльн,Запад,Сухофрукты,Изюм,"0,99",86,"85,14"
,10/31/2022,Sweetables,Франкфурт,Запад,Сыры,Гауда,"1,59",203,"322,77"
,11/1/2022,Go Bio,Мюнхен,Юг,Сыры,Моцарелла,"0,59",146,"86,14"
,11/1/2022,mymeal,Кёльн,Запад,Сыры,Гауда,"1,59",479,"761,61"
,11/1/2022,Sweetables,Дрезден,Восток,Консервы,Говядина тушеная,"1,19",30,"35,7"
,11/1/2022,foodbite,Берлин,Восток,Крупы,Перловка,"1,2",622,"746,4"
,11/1/2022,Sweetables,Берлин,Восток,Сладости,Шоколад,"0,55",1182,"650,1"
,11/1/2022,Sweetables,Берлин,Восток,Сухофрукты,Сушеные яблоки,"1,09",150,"163,5"
,11/1/2022,NutriFix,Бремен,Север,Масла,Сливочное масло,"1,5",147,"220,5"
,11/2/2022,Sweetables,Дрезден,Восток,Специи,Черный перец,"0,59",212,"125,08"
,11/2/2022,Organica,Дрезден,Восток,Сухофрукты,Сушеные яблоки,"1,09",48,"52,32"
,11/2/2022,Sweetables,Бремен,Север,Специи,Черный перец,"0,59",88,"51,92"
,11/2/2022,NutriFix,Бремен,Север,Сыры,Моцарелла,"0,59",105,"61,95"
,11/2/2022,Go Bio,Бремен,Север,Консервы,Говядина тушеная,"1,19",11,"13,09"
,11/2/2022,Cooking Corner,Дрезден,Восток,Масла,Подсолнечное масло,"1,19",317,"377,23"
,11/3/2022,Cooking Corner,Дрезден,Восток,Сухофрукты,Изюм,"0,99",103,"101,97"
,11/3/2022,Sweetables,Дрезден,Восток,Консервы,Шпроты,"1,15",35,"40,25"
,11/3/2022,Sweetables,Дрезден,Восток,Сухофрукты,Изюм,"0,99",83,"82,17"
,11/3/2022,Cooking Corner,Гамбург,Север,Сладости,Шоколад,"0,55",1415,"778,25"
,11/3/2022,Cooking Corner,Гамбург,Север,Сухофрукты,Курага,"1,19",222,"264,18"
,11/3/2022,Cooking Corner,Гамбург,Север,Масла,Подсолнечное масло,"1,19",885,"1053,15"
,11/3/2022,foodbite,Гамбург,Север,Напитки,Кофе,"5,5",116,638
,11/3/2022,foodbite,Гамбург,Север,Сладости,Шоколад,"0,55",705,"387,75"
,11/4/2022,foodbite,Дрезден,Восток,Сухофрукты,Сушеные яблоки,"1,09",65,"70,85"
,11/4/2022,foodbite,Дрезден,Восток,Крупы,Гречка,"1,4",114,"159,6"
,11/4/2022,Sweetables,Дрезден,Восток,Крупы,Рис,"0,96",238,"228,48"
,11/4/2022,Organica,Дрезден,Восток,Сыры,Гауда,"1,59",157,"249,63"
,11/4/2022,Organica,Дрезден,Восток,Сухофрукты,Изюм,"0,99",35,"34,65"
,11/4/2022,foodbite,Гамбург,Север,Масла,Сливочное масло,"1,5",396,594
,11/4/2022,Sweetables,Гамбург,Север,Масла,Подсолнечное масло,"1,19",530,"630,7"
,11/5/2022,Organica,Кёльн,Запад,Напитки,Кофе,"5,5",48,264
,11/5/2022,Organica,Дрезден,Восток,Масла,Подсолнечное масло,"1,19",112,"133,28"
,11/5/2022,foodbite,Гамбург,Север,Крупы,Гречка,"1,4",300,420
,11/5/2022,Sweetables,Гамбург,Север,Сладости,Шоколад,"0,55",511,"281,05"
,11/5/2022,Go Bio,Гамбург,Север,Крупы,Перловка,"1,2",242,"290,4"
,11/6/2022,Organica,Кёльн,Запад,Масла,Сливочное масло,"1,5",216,324
,11/6/2022,Organica,Кёльн,Запад,Специи,Базилик,"0,7",39,"27,3"
,11/6/2022,foodbite,Гамбург,Север,Сладости,Зефир,"0,65",76,"49,4"
,11/6/2022,Sweetables,Гамбург,Север,Сухофрукты,Изюм,"0,99",131,"129,69"
,11/6/2022,Gold Food,Гамбург,Север,Крупы,Рис,"0,96",415,"398,4"
,11/6/2022,Go Bio,Франкфурт,Запад,Консервы,Шпроты,"1,15",27,"31,05"
,11/7/2022,Go Bio,Бремен,Север,Сухофрукты,Курага,"1,19",34,"40,46"
,11/7/2022,Organica,Гамбург,Север,Специи,Базилик,"0,7",84,"58,8"
,11/7/2022,Organica,Гамбург,Север,Напитки,Кофе,"5,5",84,462
,11/7/2022,Go Bio,Франкфурт,Запад,Сыры,Гауда,"1,59",182,"289,38"
,11/8/2022,Cooking Corner,Франкфурт,Запад,Сухофрукты,Сушеные яблоки,"1,09",83,"90,47"
,11/8/2022,Go Bio,Бремен,Север,Сладости,Мармелад,"0,6",39,"23,4"
,11/8/2022,Gold Food,Берлин,Восток,Сыры,Гауда,"1,59",810,"1287,9"
,11/8/2022,mymeal,Мюнхен,Юг,Специи,Базилик,"0,7",131,"91,7"
,11/8/2022,Sweetables,Франкфурт,Запад,Сыры,Филадельфия ,"0,89",95,"84,55"
,11/9/2022,Cooking Corner,Франкфурт,Запад,Сухофрукты,Изюм,"0,99",174,"172,26"
,11/9/2022,Cooking Corner,Франкфурт,Запад,Сухофрукты,Курага,"1,19",85,"101,15"
,11/9/2022,Cooking Corner,Франкфурт,Запад,Напитки,Черный чай,"0,99",150,"148,5"
,11/9/2022,Sweetables,Франкфурт,Запад,Сладости,Зефир,"0,65",52,"33,8"
,11/9/2022,Sweetables,Франкфурт,Запад,Сыры,Гауда,"1,59",276,"438,84"
,11/9/2022,Organica,Франкфурт,Запад,Специи,Кориандр,"0,65",17,"11,05"
,11/9/2022,foodbite,Штутгарт,Юг,Консервы,Килька в томате,"0,89",77,"68,53"
,11/10/2022,foodbite,Штутгарт,Юг,Сухофрукты,Сушеные яблоки,"1,09",95,"103,55"
,11/10/2022,Go Bio,Штутгарт,Юг,Напитки,Кофе,"5,5",65,"357,5"
,11/10/2022,Organica,Бремен,Север,Сухофрукты,Изюм,"0,99",29,"28,71"
,11/10/2022,Gold Food,Бремен,Север,Консервы,Шпроты,"1,15",23,"26,45"
,11/10/2022,Cooking Corner,Франкфурт,Запад,Напитки,Кофе,"5,5",105,"577,5"
,11/10/2022,Organica,Франкфурт,Запад,Консервы,Шпроты,"1,15",38,"43,7"
,11/10/2022,Organica,Франкфурт,Запад,Специи,Черный перец,"0,59",155,"91,45"
,11/10/2022,foodbite,Штутгарт,Юг,Сыры,Гауда,"1,59",201,"319,59"
,11/11/2022,NutriFix,Франкфурт,Запад,Сладости,Зефир,"0,65",53,"34,45"
,11/11/2022,Go Bio,Франкфурт,Запад,Масла,Сливочное масло,"1,5",170,255
,11/11/2022,foodbite,Штутгарт,Юг,Крупы,Рис,"0,96",332,"318,72"
,11/11/2022,foodbite,Штутгарт,Юг,Сладости,Зефир,"0,65",47,"30,55"
,11/11/2022,Go Bio,Штутгарт,Юг,Специи,Базилик,"0,7",29,"20,3"
,11/11/2022,Cooking Corner,Бремен,Север,Специи,Кориандр,"0,65",31,"20,15"
,11/11/2022,Cooking Corner,Бремен,Север,Сладости,Зефир,"0,65",43,"27,95"
,11/11/2022,Gold Food,Бремен,Север,Сладости,Зефир,"0,65",26,"16,9"
,11/11/2022,Organica,Мюнхен,Юг,Консервы,Говядина тушеная,"1,19",19,"22,61"
,11/11/2022,foodbite,Штутгарт,Юг,Специи,Базилик,"0,7",38,"26,6"
,11/11/2022,Sweetables,Дрезден,Восток,Крупы,Гречка,"1,4",86,"120,4"
,11/12/2022,mymeal,Штутгарт,Юг,Сладости,Зефир,"0,65",83,"53,95"
,11/12/2022,Cooking Corner,Бремен,Север,Специи,Кориандр,"0,65",20,13
,11/12/2022,foodbite,Бремен,Север,Сыры,Моцарелла,"0,59",84,"49,56"
,11/12/2022,Sweetables,Бремен,Север,Консервы,Шпроты,"1,15",25,"28,75"
,11/12/2022,Sweetables,Бремен,Север,Сыры,Гауда,"1,59",111,"176,49"
,11/12/2022,Sweetables,Бремен,Север,Специи,Базилик,"0,7",28,"19,6"
,11/12/2022,Organica,Мюнхен,Юг,Масла,Оливковое масло,"1,7",73,"124,1"
,11/12/2022,Cooking Corner,Штутгарт,Юг,Масла,Оливковое масло,"1,7",84,"142,8"
,11/12/2022,Cooking Corner,Штутгарт,Юг,Крупы,Перловка,"1,2",378,"453,6"
,11/12/2022,mymeal,Дрезден,Восток,Специи,Черный перец,"0,59",177,"104,43"
,11/12/2022,Sweetables,Дрезден,Восток,Напитки,Зеленый чай,"0,95",151,"143,45"
,11/12/2022,NutriFix,Дрезден,Восток,Масла,Оливковое масло,"1,7",57,"96,9"
,11/13/2022,Gold Food,Штутгарт,Юг,Сладости,Шоколад,"0,55",366,"201,3"
,11/13/2022,Sweetables,Штутгарт,Юг,Специи,Кориандр,"0,65",27,"17,55"
,11/13/2022,Cooking Corner,Бремен,Север,Консервы,Говядина тушеная,"1,19",59,"70,21"
,11/13/2022,mymeal,Дрезден,Восток,Крупы,Перловка,"1,2",177,"212,4"
,11/13/2022,NutriFix,Дрезден,Восток,Сладости,Мармелад,"0,6",61,"36,6"
,11/14/2022,Cooking Corner,Бремен,Север,Напитки,Черный чай,"0,99",272,"269,28"
,11/14/2022,Go Bio,Кёльн,Запад,Сладости,Шоколад,"0,55",239,"131,45"
,11/14/2022,Go Bio,Кёльн,Запад,Специи,Базилик,"0,7",32,"22,4"
,11/14/2022,Gold Food,Бремен,Север,Сыры,Филадельфия ,"0,89",54,"48,06"
,11/14/2022,NutriFix,Дрезден,Восток,Консервы,Килька в томате,"0,89",47,"41,83"
,11/15/2022,mymeal,Берлин,Восток,Крупы,Перловка,"1,2",699,"838,8"
,11/15/2022,mymeal,Бремен,Север,Консервы,Шпроты,"1,15",56,"64,4"
,11/15/2022,Gold Food,Бремен,Север,Сыры,Моцарелла,"0,59",97,"57,23"
,11/16/2022,Organica,Дрезден,Восток,Крупы,Гречка,"1,4",79,"110,6"
,11/16/2022,Organica,Штутгарт,Юг,Сыры,Филадельфия ,"0,89",77,"68,53"
,11/16/2022,Organica,Штутгарт,Юг,Масла,Подсолнечное масло,"1,19",120,"142,8"
,11/16/2022,mymeal,Бремен,Север,Сыры,Моцарелла,"0,59",131,"77,29"
,11/17/2022,NutriFix,Дрезден,Восток,Масла,Оливковое масло,"1,7",49,"83,3"
,11/17/2022,NutriFix,Дрезден,Восток,Специи,Базилик,"0,7",29,"20,3"
,11/17/2022,NutriFix,Дрезден,Восток,Масла,Оливковое масло,"1,7",31,"52,7"
,11/17/2022,Organica,Дрезден,Восток,Сухофрукты,Сушеные яблоки,"1,09",47,"51,23"
,11/17/2022,foodbite,Берлин,Восток,Сыры,Моцарелла,"0,59",709,"418,31"
,11/17/2022,Sweetables,Бремен,Север,Специи,Кориандр,"0,65",15,"9,75"
,11/17/2022,Gold Food,Бремен,Север,Сыры,Гауда,"1,59",185,"294,15"
,11/17/2022,Gold Food,Франкфурт,Запад,Сладости,Зефир,"0,65",56,"36,4"
,11/17/2022,Go Bio,Франкфурт,Запад,Консервы,Говядина тушеная,"1,19",14,"16,66"
,11/17/2022,NutriFix,Штутгарт,Юг,Сыры,Филадельфия ,"0,89",56,"49,84"
,11/17/2022,Organica,Штутгарт,Юг,Напитки,Зеленый чай,"0,95",159,"151,05"
,11/17/2022,mymeal,Кёльн,Запад,Сладости,Зефир,"0,65",59,"38,35"
,11/17/2022,Gold Food,Кёльн,Запад,Сладости,Шоколад,"0,55",237,"130,35"
,11/17/2022,Gold Food,Кёльн,Запад,Сыры,Филадельфия ,"0,89",117,"104,13"
,11/17/2022,Gold Food,Кёльн,Запад,Сыры,Филадельфия ,"0,89",113,"100,57"
,11/17/2022,Organica,Кёльн,Запад,Сухофрукты,Изюм,"0,99",55,"54,45"
,11/17/2022,NutriFix,Берлин,Восток,Сыры,Моцарелла,"0,59",480,"283,2"
,11/18/2022,Organica,Дрезден,Восток,Сухофрукты,Курага,"1,19",39,"46,41"
,11/18/2022,foodbite,Бремен,Север,Крупы,Рис,"0,96",159,"152,64"
,11/18/2022,Gold Food,Бремен,Север,Сухофрукты,Изюм,"0,99",35,"34,65"
,11/18/2022,Gold Food,Бремен,Север,Консервы,Шпроты,"1,15",25,"28,75"
,11/18/2022,NutriFix,Бремен,Север,Крупы,Рис,"0,96",156,"149,76"
,11/18/2022,Go Bio,Франкфурт,Запад,Масла,Подсолнечное масло,"1,19",168,"199,92"
,11/18/2022,Go Bio,Штутгарт,Юг,Сладости,Зефир,"0,65",33,"21,45"
,11/18/2022,Gold Food,Берлин,Восток,Сладости,Шоколад,"0,55",966,"531,3"
,11/18/2022,NutriFix,Берлин,Восток,Консервы,Килька в томате,"0,89",198,"176,22"
,11/19/2022,Gold Food,Дрезден,Восток,Сладости,Зефир,"0,65",26,"16,9"
,11/19/2022,Cooking Corner,Бремен,Север,Напитки,Черный чай,"0,99",276,"273,24"
,11/19/2022,mymeal,Франкфурт,Запад,Сладости,Мармелад,"0,6",159,"95,4"
,11/19/2022,Go Bio,Штутгарт,Юг,Сухофрукты,Курага,"1,19",59,"70,21"
,11/20/2022,Sweetables,Берлин,Восток,Масла,Оливковое масло,"1,7",144,"244,8"
,11/20/2022,Gold Food,Берлин,Восток,Напитки,Зеленый чай,"0,95",793,"753,35"
,11/20/2022,Organica,Бремен,Север,Консервы,Шпроты,"1,15",32,"36,8"
,11/20/2022,Gold Food,Берлин,Восток,Консервы,Килька в томате,"0,89",213,"189,57"
,11/20/2022,Gold Food,Берлин,Восток,Крупы,Гречка,"1,4",284,"397,6"
,11/20/2022,Gold Food,Берлин,Восток,Сыры,Филадельфия ,"0,89",184,"163,76"
,11/20/2022,Sweetables,Франкфурт,Запад,Крупы,Рис,"0,96",243,"233,28"
,11/20/2022,Sweetables,Гамбург,Север,Масла,Оливковое масло,"1,7",105,"178,5"
,11/21/2022,Gold Food,Берлин,Восток,Масла,Подсолнечное масло,"1,19",508,"604,52"
,11/21/2022,Sweetables,Мюнхен,Юг,Сладости,Мармелад,"0,6",182,"109,2"
,11/21/2022,Organica,Бремен,Север,Специи,Черный перец,"0,59",112,"66,08"
,11/21/2022,Go Bio,Берлин,Восток,Масла,Сливочное масло,"1,5",360,540
,11/21/2022,Gold Food,Кёльн,Запад,Консервы,Килька в томате,"0,89",83,"73,87"
,11/21/2022,Gold Food,Кёльн,Запад,Специи,Кориандр,"0,65",30,"19,5"
,11/21/2022,foodbite,Франкфурт,Запад,Крупы,Гречка,"1,4",155,217
,11/21/2022,foodbite,Франкфурт,Запад,Сладости,Зефир,"0,65",65,"42,25"
,11/21/2022,foodbite,Франкфурт,Запад,Специи,Кориандр,"0,65",22,"14,3"
,11/21/2022,Sweetables,Франкфурт,Запад,Крупы,Перловка,"1,2",134,"160,8"
,11/21/2022,Sweetables,Франкфурт,Запад,Специи,Базилик,"0,7",36,"25,2"
,11/21/2022,Sweetables,Гамбург,Север,Сухофрукты,Изюм,"0,99",244,"241,56"
,11/21/2022,Cooking Corner,Кёльн,Запад,Напитки,Черный чай,"0,99",182,"180,18"
,11/22/2022,Sweetables,Мюнхен,Юг,Масла,Подсолнечное масло,"1,19",461,"548,59"
,11/22/2022,Sweetables,Мюнхен,Юг,Консервы,Говядина тушеная,"1,19",25,"29,75"
,11/22/2022,Sweetables,Мюнхен,Юг,Напитки,Черный чай,"0,99",458,"453,42"
,11/22/2022,Sweetables,Мюнхен,Юг,Сухофрукты,Изюм,"0,99",158,"156,42"
,11/22/2022,NutriFix,Штутгарт,Юг,Сыры,Гауда,"1,59",203,"322,77"
,11/22/2022,Sweetables,Дрезден,Восток,Сухофрукты,Изюм,"0,99",52,"51,48"
,11/22/2022,Organica,Берлин,Восток,Напитки,Кофе,"5,5",92,506
,11/22/2022,Organica,Берлин,Восток,Напитки,Зеленый чай,"0,95",389,"369,55"
,11/22/2022,Go Bio,Берлин,Восток,Сухофрукты,Изюм,"0,99",230,"227,7"
,11/23/2022,foodbite,Мюнхен,Юг,Масла,Оливковое масло,"1,7",93,"158,1"
,11/23/2022,Sweetables,Дрезден,Восток,Сухофрукты,Курага,"1,19",66,"78,54"
,11/23/2022,Sweetables,Дрезден,Восток,Сыры,Моцарелла,"0,59",172,"101,48"
,11/23/2022,mymeal,Гамбург,Север,Крупы,Перловка,"1,2",612,"734,4"
,11/23/2022,Sweetables,Кёльн,Запад,Напитки,Кофе,"5,5",54,297
,11/24/2022,NutriFix,Берлин,Восток,Специи,Базилик,"0,7",148,"103,6"
,11/24/2022,mymeal,Мюнхен,Юг,Крупы,Перловка,"1,2",610,732
,11/24/2022,NutriFix,Мюнхен,Юг,Напитки,Черный чай,"0,99",395,"391,05"
,11/24/2022,NutriFix,Мюнхен,Юг,Напитки,Кофе,"5,5",150,825
,11/24/2022,foodbite,Мюнхен,Юг,Сухофрукты,Сушеные яблоки,"1,09",102,"111,18"
,11/24/2022,mymeal,Дрезден,Восток,Специи,Базилик,"0,7",64,"44,8"
,11/24/2022,Go Bio,Дрезден,Восток,Консервы,Шпроты,"1,15",20,23
,11/24/2022,Go Bio,Дрезден,Восток,Сыры,Гауда,"1,59",144,"228,96"
,11/24/2022,Cooking Corner,Гамбург,Север,Крупы,Перловка,"1,2",693,"831,6"
,11/24/2022,mymeal,Гамбург,Север,Сухофрукты,Сушеные яблоки,"1,09",198,"215,82"
,11/24/2022,Sweetables,Мюнхен,Юг,Сухофрукты,Курага,"1,19",85,"101,15"
,11/24/2022,Sweetables,Кёльн,Запад,Специи,Черный перец,"0,59",223,"131,57"
,11/24/2022,Sweetables,Кёльн,Запад,Крупы,Перловка,"1,2",241,"289,2"
,11/24/2022,Organica,Гамбург,Север,Напитки,Зеленый чай,"0,95",381,"361,95"
,11/24/2022,Organica,Гамбург,Север,Крупы,Рис,"0,96",433,"415,68"
,11/25/2022,NutriFix,Берлин,Восток,Специи,Черный перец,"0,59",213,"125,67"
,11/25/2022,Go Bio,Гамбург,Север,Специи,Базилик,"0,7",47,"32,9"
,11/25/2022,NutriFix,Мюнхен,Юг,Консервы,Шпроты,"1,15",125,"143,75"
,11/25/2022,Sweetables,Франкфурт,Запад,Сухофрукты,Сушеные яблоки,"1,09",77,"83,93"
,11/25/2022,Sweetables,Франкфурт,Запад,Напитки,Кофе,"5,5",65,"357,5"
,11/25/2022,mymeal,Мюнхен,Юг,Специи,Черный перец,"0,59",170,"100,3"
,11/25/2022,mymeal,Мюнхен,Юг,Сыры,Гауда,"1,59",613,"974,67"
,11/25/2022,mymeal,Мюнхен,Юг,Напитки,Черный чай,"0,99",340,"336,6"
,11/25/2022,foodbite,Франкфурт,Запад,Крупы,Перловка,"1,2",218,"261,6"
,11/25/2022,Cooking Corner,Дрезден,Восток,Сухофрукты,Изюм,"0,99",113,"111,87"
,11/25/2022,mymeal,Дрезден,Восток,Крупы,Рис,"0,96",436,"418,56"
,11/25/2022,mymeal,Дрезден,Восток,Консервы,Говядина тушеная,"1,19",43,"51,17"
,11/25/2022,Go Bio,Дрезден,Восток,Крупы,Гречка,"1,4",65,91
,11/25/2022,Cooking Corner,Гамбург,Север,Крупы,Гречка,"1,4",424,"593,6"
,11/25/2022,mymeal,Гамбург,Север,Крупы,Перловка,"1,2",792,"950,4"
,11/25/2022,Sweetables,Мюнхен,Юг,Консервы,Говядина тушеная,"1,19",35,"41,65"
,11/25/2022,Organica,Гамбург,Север,Сыры,Филадельфия ,"0,89",114,"101,46"
,11/26/2022,Organica,Берлин,Восток,Крупы,Перловка,"1,2",427,"512,4"
,11/26/2022,Organica,Берлин,Восток,Масла,Оливковое масло,"1,7",198,"336,6"
,11/26/2022,mymeal,Кёльн,Запад,Масла,Сливочное масло,"1,5",460,690
,11/26/2022,mymeal,Кёльн,Запад,Напитки,Черный чай,"0,99",525,"519,75"
,11/26/2022,Sweetables,Кёльн,Запад,Сладости,Зефир,"0,65",55,"35,75"
,11/26/2022,NutriFix,Гамбург,Север,Специи,Черный перец,"0,59",293,"172,87"
,11/26/2022,Go Bio,Кёльн,Запад,Консервы,Шпроты,"1,15",71,"81,65"
,11/26/2022,Go Bio,Кёльн,Запад,Сыры,Моцарелла,"0,59",106,"62,54"
,11/26/2022,Sweetables,Мюнхен,Юг,Напитки,Кофе,"5,5",53,"291,5"
,11/27/2022,Sweetables,Гамбург,Север,Сыры,Моцарелла,"0,59",468,"276,12"
,11/27/2022,Sweetables,Гамбург,Север,Крупы,Перловка,"1,2",379,"454,8"
,11/27/2022,Sweetables,Гамбург,Север,Сухофрукты,Курага,"1,19",139,"165,41"
,11/27/2022,mymeal,Кёльн,Запад,Сладости,Зефир,"0,65",67,"43,55"
,11/27/2022,Go Bio,Кёльн,Запад,Сыры,Гауда,"1,59",178,"283,02"
,11/27/2022,mymeal,Дрезден,Восток,Сыры,Гауда,"1,59",459,"729,81"
,11/27/2022,mymeal,Дрезден,Восток,Сухофрукты,Изюм,"0,99",117,"115,83"
,11/27/2022,foodbite,Дрезден,Восток,Напитки,Кофе,"5,5",39,"214,5"
,11/27/2022,foodbite,Дрезден,Восток,Сухофрукты,Курага,"1,19",51,"60,69"
,11/27/2022,NutriFix,Гамбург,Север,Крупы,Гречка,"1,4",170,238
,11/27/2022,NutriFix,Гамбург,Север,Крупы,Рис,"0,96",537,"515,52"
,11/27/2022,Cooking Corner,Мюнхен,Юг,Консервы,Шпроты,"1,15",107,"123,05"
,11/27/2022,Cooking Corner,Мюнхен,Юг,Консервы,Шпроты,"1,15",164,"188,6"
,11/27/2022,NutriFix,Франкфурт,Запад,Масла,Подсолнечное масло,"1,19",268,"318,92"
,11/27/2022,NutriFix,Франкфурт,Запад,Сладости,Мармелад,"0,6",57,"34,2"
,11/27/2022,NutriFix,Гамбург,Север,Крупы,Рис,"0,96",392,"376,32"
,11/27/2022,NutriFix,Гамбург,Север,Напитки,Черный чай,"0,99",113,"111,87"
,11/27/2022,mymeal,Мюнхен,Юг,Сыры,Гауда,"1,59",490,"779,1"
,11/28/2022,Gold Food,Кёльн,Запад,Сухофрукты,Сушеные яблоки,"1,09",86,"93,74"
,11/28/2022,Go Bio,Кёльн,Запад,Крупы,Гречка,"1,4",79,"110,6"
,11/28/2022,mymeal,Дрезден,Восток,Сладости,Мармелад,"0,6",90,54
,11/28/2022,Gold Food,Дрезден,Восток,Сыры,Моцарелла,"0,59",137,"80,83"
,11/28/2022,Cooking Corner,Мюнхен,Юг,Сухофрукты,Курага,"1,19",149,"177,31"
,11/28/2022,Organica,Бремен,Север,Специи,Кориандр,"0,65",11,"7,15"
,11/28/2022,foodbite,Дрезден,Восток,Сладости,Шоколад,"0,55",291,"160,05"
,11/28/2022,Go Bio,Гамбург,Север,Напитки,Зеленый чай,"0,95",318,"302,1"
,11/28/2022,Go Bio,Гамбург,Север,Напитки,Зеленый чай,"0,95",272,"258,4"
,11/29/2022,foodbite,Гамбург,Север,Консервы,Килька в томате,"0,89",196,"174,44"
,11/29/2022,foodbite,Гамбург,Север,Сухофрукты,Сушеные яблоки,"1,09",177,"192,93"
,11/29/2022,foodbite,Гамбург,Север,Масла,Оливковое масло,"1,7",142,"241,4"
,11/29/2022,NutriFix,Кёльн,Запад,Консервы,Килька в томате,"0,89",120,"106,8"
,11/29/2022,NutriFix,Франкфурт,Запад,Консервы,Килька в томате,"0,89",75,"66,75"
,11/29/2022,Gold Food,Дрезден,Восток,Сухофрукты,Сушеные яблоки,"1,09",35,"38,15"
,11/29/2022,Gold Food,Дрезден,Восток,Напитки,Зеленый чай,"0,95",109,"103,55"
,11/29/2022,Cooking Corner,Гамбург,Север,Сладости,Зефир,"0,65",105,"68,25"
,11/29/2022,Cooking Corner,Гамбург,Север,Масла,Оливковое масло,"1,7",228,"387,6"
,11/29/2022,Cooking Corner,Гамбург,Север,Крупы,Перловка,"1,2",666,"799,2"
,11/29/2022,Organica,Гамбург,Север,Сладости,Зефир,"0,65",68,"44,2"
,11/29/2022,NutriFix,Бремен,Север,Напитки,Черный чай,"0,99",93,"92,07"
,11/29/2022,Organica,Бремен,Север,Сыры,Гауда,"1,59",115,"182,85"
,11/29/2022,foodbite,Дрезден,Восток,Сладости,Мармелад,"0,6",53,"31,8"
,11/29/2022,foodbite,Дрезден,Восток,Масла,Подсолнечное масло,"1,19",217,"258,23"
,11/29/2022,NutriFix,Дрезден,Восток,Специи,Черный перец,"0,59",83,"48,97"
,11/29/2022,NutriFix,Берлин,Восток,Масла,Оливковое масло,"1,7",192,"326,4"
,11/29/2022,Organica,Берлин,Восток,Сухофрукты,Сушеные яблоки,"1,09",165,"179,85"
,11/30/2022,NutriFix,Франкфурт,Запад,Крупы,Перловка,"1,2",216,"259,2"
,11/30/2022,mymeal,Штутгарт,Юг,Специи,Кориандр,"0,65",27,"17,55"
,11/30/2022,Organica,Бремен,Север,Крупы,Перловка,"1,2",94,"112,8"
,11/30/2022,Cooking Corner,Кёльн,Запад,Масла,Сливочное масло,"1,5",350,525
,11/30/2022,Organica,Кёльн,Запад,Крупы,Перловка,"1,2",142,"170,4"
,11/30/2022,Go Bio,Кёльн,Запад,Сухофрукты,Сушеные яблоки,"1,09",66,"71,94"
,11/30/2022,Go Bio,Кёльн,Запад,Сыры,Гауда,"1,59",215,"341,85"
,11/30/2022,Sweetables,Штутгарт,Юг,Сладости,Шоколад,"0,55",237,"130,35"
,11/30/2022,Organica,Штутгарт,Юг,Масла,Оливковое масло,"1,7",45,"76,5"
,11/30/2022,NutriFix,Дрезден,Восток,Сыры,Филадельфия ,"0,89",44,"39,16"
,11/30/2022,mymeal,Берлин,Восток,Сыры,Филадельфия ,"0,89",516,"459,24"
,11/30/2022,mymeal,Берлин,Восток,Специи,Базилик,"0,7",252,"176,4"
,11/30/2022,NutriFix,Берлин,Восток,Сухофрукты,Изюм,"0,99",308,"304,92"
,11/30/2022,Go Bio,Кёльн,Запад,Напитки,Черный чай,"0,99",109,"107,91"
,11/30/2022,Go Bio,Штутгарт,Юг,Консервы,Шпроты,"1,15",30,"34,5"
,11/30/2022,Go Bio,Штутгарт,Юг,Напитки,Зеленый чай,"0,95",135,"128,25"
,12/1/2022,mymeal,Штутгарт,Юг,Сухофрукты,Изюм,"0,99",137,"135,63"
,12/1/2022,Organica,Бремен,Север,Крупы,Рис,"0,96",98,"94,08"
,12/1/2022,Cooking Corner,Кёльн,Запад,Сладости,Зефир,"0,65",108,"70,2"
,12/1/2022,Organica,Кёльн,Запад,Крупы,Перловка,"1,2",128,"153,6"
,12/1/2022,Organica,Кёльн,Запад,Масла,Подсолнечное масло,"1,19",245,"291,55"
,12/1/2022,Cooking Corner,Франкфурт,Запад,Специи,Базилик,"0,7",88,"61,6"
,12/1/2022,Cooking Corner,Франкфурт,Запад,Консервы,Килька в томате,"0,89",192,"170,88"
,12/1/2022,Sweetables,Штутгарт,Юг,Специи,Черный перец,"0,59",113,"66,67"
,12/1/2022,Sweetables,Штутгарт,Юг,Сухофрукты,Изюм,"0,99",110,"108,9"
,12/1/2022,Organica,Штутгарт,Юг,Специи,Кориандр,"0,65",18,"11,7"
,12/1/2022,Organica,Штутгарт,Юг,Крупы,Перловка,"1,2",156,"187,2"
,12/1/2022,NutriFix,Берлин,Восток,Крупы,Рис,"0,96",958,"919,68"
,12/1/2022,Go Bio,Берлин,Восток,Специи,Кориандр,"0,65",46,"29,9"
,12/2/2022,NutriFix,Штутгарт,Юг,Крупы,Гречка,"1,4",128,"179,2"
,12/2/2022,Organica,Бремен,Север,Масла,Сливочное масло,"1,5",75,"112,5"
,12/2/2022,Organica,Бремен,Север,Консервы,Говядина тушеная,"1,19",25,"29,75"
,12/2/2022,foodbite,Кёльн,Запад,Напитки,Кофе,"5,5",78,429
,12/2/2022,Gold Food,Кёльн,Запад,Крупы,Гречка,"1,4",142,"198,8"
,12/2/2022,Cooking Corner,Франкфурт,Запад,Сухофрукты,Изюм,"0,99",129,"127,71"
,12/2/2022,Go Bio,Франкфурт,Запад,Консервы,Говядина тушеная,"1,19",33,"39,27"
,12/2/2022,Gold Food,Штутгарт,Юг,Крупы,Гречка,"1,4",128,"179,2"
,12/2/2022,foodbite,Бремен,Север,Специи,Базилик,"0,7",33,"23,1"
,12/3/2022,NutriFix,Штутгарт,Юг,Консервы,Килька в томате,"0,89",92,"81,88"
,12/3/2022,Organica,Штутгарт,Юг,Специи,Кориандр,"0,65",23,"14,95"
,12/3/2022,Organica,Штутгарт,Юг,Сыры,Моцарелла,"0,59",102,"60,18"
,12/3/2022,foodbite,Дрезден,Восток,Сыры,Моцарелла,"0,59",95,"56,05"
,12/3/2022,foodbite,Дрезден,Восток,Масла,Оливковое масло,"1,7",35,"59,5"
,12/3/2022,Cooking Corner,Берлин,Восток,Напитки,Черный чай,"0,99",726,"718,74"
,12/3/2022,Organica,Берлин,Восток,Крупы,Перловка,"1,2",370,444
,12/3/2022,Organica,Берлин,Восток,Консервы,Говядина тушеная,"1,19",45,"53,55"
,12/3/2022,Organica,Франкфурт,Запад,Консервы,Говядина тушеная,"1,19",25,"29,75"
,12/3/2022,Go Bio,Франкфурт,Запад,Сухофрукты,Изюм,"0,99",47,"46,53"
,12/3/2022,foodbite,Штутгарт,Юг,Напитки,Черный чай,"0,99",113,"111,87"
,12/3/2022,foodbite,Бремен,Север,Масла,Оливковое масло,"1,7",52,"88,4"
,12/3/2022,Gold Food,Франкфурт,Запад,Крупы,Перловка,"1,2",153,"183,6"
,12/3/2022,Gold Food,Штутгарт,Юг,Напитки,Черный чай,"0,99",236,"233,64"
,12/3/2022,mymeal,Бремен,Север,Консервы,Шпроты,"1,15",86,"98,9"
,12/3/2022,mymeal,Бремен,Север,Сухофрукты,Сушеные яблоки,"1,09",79,"86,11"
,12/3/2022,foodbite,Бремен,Север,Консервы,Говядина тушеная,"1,19",33,"39,27"
,12/4/2022,Organica,Штутгарт,Юг,Напитки,Черный чай,"0,99",170,"168,3"
,12/4/2022,Sweetables,Дрезден,Восток,Сыры,Филадельфия ,"0,89",62,"55,18"
,12/4/2022,Gold Food,Дрезден,Восток,Консервы,Говядина тушеная,"1,19",26,"30,94"
,12/4/2022,foodbite,Штутгарт,Юг,Сладости,Шоколад,"0,55",341,"187,55"
,12/4/2022,Go Bio,Франкфурт,Запад,Масла,Оливковое масло,"1,7",38,"64,6"
,12/4/2022,Cooking Corner,Штутгарт,Юг,Сыры,Моцарелла,"0,59",290,"171,1"
,12/4/2022,Cooking Corner,Штутгарт,Юг,Крупы,Рис,"0,96",623,"598,08"
,12/4/2022,Sweetables,Штутгарт,Юг,Масла,Сливочное масло,"1,5",266,399
,12/4/2022,Sweetables,Штутгарт,Юг,Сладости,Зефир,"0,65",47,"30,55"
,12/5/2022,mymeal,Дрезден,Восток,Сладости,Шоколад,"0,55",380,209
,12/5/2022,foodbite,Мюнхен,Юг,Напитки,Черный чай,"0,99",124,"122,76"
,12/5/2022,Go Bio,Берлин,Восток,Сухофрукты,Сушеные яблоки,"1,09",103,"112,27"
,12/5/2022,Go Bio,Берлин,Восток,Сладости,Зефир,"0,65",68,"44,2"
,12/5/2022,Sweetables,Гамбург,Север,Сыры,Филадельфия ,"0,89",171,"152,19"
,12/5/2022,Cooking Corner,Берлин,Восток,Консервы,Говядина тушеная,"1,19",260,"309,4"
,12/5/2022,Cooking Corner,Берлин,Восток,Специи,Черный перец,"0,59",1219,"719,21"
,12/5/2022,Cooking Corner,Берлин,Восток,Крупы,Гречка,"1,4",587,"821,8"
,12/5/2022,Cooking Corner,Мюнхен,Юг,Масла,Оливковое масло,"1,7",134,"227,8"
,12/5/2022,Gold Food,Мюнхен,Юг,Сухофрукты,Сушеные яблоки,"1,09",66,"71,94"
,12/5/2022,Gold Food,Бремен,Север,Консервы,Шпроты,"1,15",39,"44,85"
,12/6/2022,mymeal,Дрезден,Восток,Напитки,Зеленый чай,"0,95",94,"89,3"
,12/6/2022,mymeal,Дрезден,Восток,Сухофрукты,Сушеные яблоки,"1,09",69,"75,21"
,12/6/2022,NutriFix,Гамбург,Север,Сухофрукты,Сушеные яблоки,"1,09",88,"95,92"
,12/6/2022,NutriFix,Гамбург,Север,Сладости,Зефир,"0,65",67,"43,55"
,12/6/2022,NutriFix,Гамбург,Север,Сухофрукты,Сушеные яблоки,"1,09",87,"94,83"
,12/6/2022,NutriFix,Мюнхен,Юг,Сладости,Мармелад,"0,6",119,"71,4"
,12/6/2022,Cooking Corner,Гамбург,Север,Сухофрукты,Сушеные яблоки,"1,09",299,"325,91"
,12/6/2022,Sweetables,Гамбург,Север,Масла,Подсолнечное масло,"1,19",602,"716,38"
,12/6/2022,Sweetables,Гамбург,Север,Напитки,Зеленый чай,"0,95",138,"131,1"
,12/6/2022,Organica,Гамбург,Север,Масла,Оливковое масло,"1,7",94,"159,8"
,12/6/2022,Go Bio,Гамбург,Север,Сладости,Зефир,"0,65",87,"56,55"
,12/6/2022,Organica,Дрезден,Восток,Консервы,Шпроты,"1,15",29,"33,35"
,12/6/2022,Organica,Дрезден,Восток,Сладости,Зефир,"0,65",18,"11,7"
,12/6/2022,Gold Food,Мюнхен,Юг,Специи,Черный перец,"0,59",232,"136,88"
,12/6/2022,Sweetables,Франкфурт,Запад,Масла,Оливковое масло,"1,7",90,153
,12/6/2022,Sweetables,Франкфурт,Запад,Масла,Оливковое масло,"1,7",96,"163,2"
,12/6/2022,Sweetables,Франкфурт,Запад,Консервы,Говядина тушеная,"1,19",25,"29,75"
,12/6/2022,Gold Food,Бремен,Север,Специи,Кориандр,"0,65",15,"9,75"
,12/7/2022,Cooking Corner,Гамбург,Север,Сладости,Мармелад,"0,6",372,"223,2"
,12/7/2022,foodbite,Гамбург,Север,Сухофрукты,Сушеные яблоки,"1,09",123,"134,07"
,12/7/2022,Sweetables,Мюнхен,Юг,Сладости,Шоколад,"0,55",646,"355,3"
,12/7/2022,Sweetables,Мюнхен,Юг,Напитки,Кофе,"5,5",157,"863,5"
,12/7/2022,Sweetables,Мюнхен,Юг,Напитки,Черный чай,"0,99",327,"323,73"
,12/7/2022,mymeal,Кёльн,Запад,Напитки,Зеленый чай,"0,95",554,"526,3"
,12/7/2022,Cooking Corner,Гамбург,Север,Консервы,Говядина тушеная,"1,19",109,"129,71"
,12/7/2022,Organica,Гамбург,Север,Сухофрукты,Курага,"1,19",82,"97,58"
,12/7/2022,Go Bio,Гамбург,Север,Крупы,Гречка,"1,4",199,"278,6"
,12/7/2022,Cooking Corner,Кёльн,Запад,Напитки,Зеленый чай,"0,95",377,"358,15"
,12/7/2022,Sweetables,Дрезден,Восток,Сладости,Мармелад,"0,6",91,"54,6"
,12/8/2022,mymeal,Кёльн,Запад,Масла,Подсолнечное масло,"1,19",409,"486,71"
,12/8/2022,Organica,Штутгарт,Юг,Специи,Черный перец,"0,59",50,"29,5"
,12/8/2022,Go Bio,Штутгарт,Юг,Консервы,Килька в томате,"0,89",77,"68,53"
,12/8/2022,Go Bio,Штутгарт,Юг,Специи,Черный перец,"0,59",128,"75,52"
,12/8/2022,Cooking Corner,Бремен,Север,Сладости,Мармелад,"0,6",114,"68,4"
,12/8/2022,Cooking Corner,Гамбург,Север,Сухофрукты,Сушеные яблоки,"1,09",253,"275,77"
,12/8/2022,mymeal,Гамбург,Север,Консервы,Килька в томате,"0,89",266,"236,74"
,12/8/2022,mymeal,Гамбург,Север,Сухофрукты,Сушеные яблоки,"1,09",222,"241,98"
,12/8/2022,Organica,Мюнхен,Юг,Сухофрукты,Курага,"1,19",92,"109,48"
,12/8/2022,NutriFix,Кёльн,Запад,Сыры,Филадельфия ,"0,89",66,"58,74"
,12/8/2022,mymeal,Дрезден,Восток,Масла,Сливочное масло,"1,5",363,"544,5"
,12/8/2022,Organica,Бремен,Север,Специи,Базилик,"0,7",15,"10,5"
,12/8/2022,Organica,Бремен,Север,Сладости,Шоколад,"0,55",119,"65,45"
,12/9/2022,Cooking Corner,Кёльн,Запад,Сыры,Моцарелла,"0,59",309,"182,31"
,12/9/2022,Gold Food,Кёльн,Запад,Сыры,Гауда,"1,59",231,"367,29"
,12/9/2022,Sweetables,Франкфурт,Запад,Сухофрукты,Изюм,"0,99",78,"77,22"
,12/9/2022,NutriFix,Франкфурт,Запад,Специи,Кориандр,"0,65",21,"13,65"
,12/9/2022,Gold Food,Штутгарт,Юг,Сыры,Филадельфия ,"0,89",108,"96,12"
,12/9/2022,Organica,Штутгарт,Юг,Сухофрукты,Изюм,"0,99",75,"74,25"
,12/9/2022,Organica,Штутгарт,Юг,Напитки,Черный чай,"0,99",140,"138,6"
,12/9/2022,Go Bio,Штутгарт,Юг,Сыры,Филадельфия ,"0,89",57,"50,73"
,12/9/2022,Cooking Corner,Бремен,Север,Сладости,Зефир,"0,65",51,"33,15"
,12/9/2022,mymeal,Гамбург,Север,Крупы,Перловка,"1,2",630,756
,12/9/2022,mymeal,Мюнхен,Юг,Сладости,Мармелад,"0,6",171,"102,6"
,12/9/2022,mymeal,Мюнхен,Юг,Крупы,Гречка,"1,4",391,"547,4"
,12/9/2022,Organica,Мюнхен,Юг,Специи,Черный перец,"0,59",275,"162,25"
,12/9/2022,Organica,Мюнхен,Юг,Специи,Кориандр,"0,65",20,13
,12/9/2022,NutriFix,Кёльн,Запад,Масла,Оливковое масло,"1,7",89,"151,3"
,12/9/2022,NutriFix,Кёльн,Запад,Крупы,Рис,"0,96",219,"210,24"
,12/9/2022,mymeal,Дрезден,Восток,Специи,Кориандр,"0,65",30,"19,5"
,12/9/2022,Go Bio,Бремен,Север,Консервы,Килька в томате,"0,89",28,"24,92"
,12/9/2022,Gold Food,Дрезден,Восток,Консервы,Говядина тушеная,"1,19",17,"20,23"
,12/10/2022,Sweetables,Гамбург,Север,Сыры,Филадельфия ,"0,89",214,"190,46"
,12/10/2022,Gold Food,Кёльн,Запад,Крупы,Гречка,"1,4",98,"137,2"
,12/10/2022,Gold Food,Кёльн,Запад,Консервы,Шпроты,"1,15",38,"43,7"
,12/10/2022,NutriFix,Франкфурт,Запад,Сухофрукты,Сушеные яблоки,"1,09",83,"90,47"
,12/10/2022,Gold Food,Штутгарт,Юг,Специи,Черный перец,"0,59",54,"31,86"
,12/10/2022,Gold Food,Штутгарт,Юг,Специи,Черный перец,"0,59",93,"54,87"
,12/10/2022,Cooking Corner,Франкфурт,Запад,Консервы,Шпроты,"1,15",121,"139,15"
,12/10/2022,Cooking Corner,Франкфурт,Запад,Консервы,Килька в томате,"0,89",122,"108,58"
,12/10/2022,Sweetables,Бремен,Север,Консервы,Шпроты,"1,15",31,"35,65"
,12/10/2022,NutriFix,Бремен,Север,Консервы,Килька в томате,"0,89",52,"46,28"
,12/10/2022,NutriFix,Бремен,Север,Напитки,Кофе,"5,5",18,99
,12/10/2022,Go Bio,Бремен,Север,Крупы,Перловка,"1,2",86,"103,2"
,12/10/2022,Gold Food,Дрезден,Восток,Сыры,Гауда,"1,59",221,"351,39"
,12/11/2022,NutriFix,Кёльн,Запад,Сладости,Шоколад,"0,55",257,"141,35"
,12/11/2022,NutriFix,Кёльн,Запад,Сыры,Моцарелла,"0,59",176,"103,84"
,12/11/2022,Cooking Corner,Штутгарт,Юг,Специи,Черный перец,"0,59",426,"251,34"
,12/11/2022,NutriFix,Штутгарт,Юг,Консервы,Килька в томате,"0,89",95,"84,55"
,12/11/2022,NutriFix,Штутгарт,Юг,Масла,Подсолнечное масло,"1,19",155,"184,45"
,12/11/2022,mymeal,Бремен,Север,Сладости,Шоколад,"0,55",226,"124,3"
,12/11/2022,NutriFix,Мюнхен,Юг,Напитки,Зеленый чай,"0,95",196,"186,2"
,12/11/2022,NutriFix,Мюнхен,Юг,Сладости,Шоколад,"0,55",335,"184,25"
,12/11/2022,Cooking Corner,Франкфурт,Запад,Напитки,Кофе,"5,5",161,"885,5"
,12/11/2022,foodbite,Франкфурт,Запад,Сладости,Зефир,"0,65",35,"22,75"
,12/11/2022,Gold Food,Франкфурт,Запад,Консервы,Килька в томате,"0,89",104,"92,56"
,12/11/2022,Sweetables,Бремен,Север,Специи,Базилик,"0,7",25,"17,5"
,12/11/2022,NutriFix,Бремен,Север,Масла,Оливковое масло,"1,7",43,"73,1"
,12/11/2022,Cooking Corner,Бремен,Север,Сухофрукты,Курага,"1,19",91,"108,29"
,12/11/2022,foodbite,Бремен,Север,Консервы,Шпроты,"1,15",36,"41,4"
,12/11/2022,mymeal,Франкфурт,Запад,Сладости,Зефир,"0,65",101,"65,65"
,12/12/2022,Sweetables,Берлин,Восток,Сладости,Шоколад,"0,55",1187,"652,85"
,12/12/2022,NutriFix,Штутгарт,Юг,Сыры,Моцарелла,"0,59",170,"100,3"
,12/12/2022,foodbite,Франкфурт,Запад,Напитки,Кофе,"5,5",73,"401,5"
,12/12/2022,Gold Food,Франкфурт,Запад,Сладости,Зефир,"0,65",35,"22,75"
,12/12/2022,Sweetables,Бремен,Север,Напитки,Зеленый чай,"0,95",180,171
,12/12/2022,Cooking Corner,Берлин,Восток,Сладости,Зефир,"0,65",302,"196,3"
,12/12/2022,Cooking Corner,Бремен,Север,Сухофрукты,Сушеные яблоки,"1,09",80,"87,2"
,12/12/2022,foodbite,Бремен,Север,Специи,Базилик,"0,7",21,"14,7"
,12/12/2022,Cooking Corner,Дрезден,Восток,Сухофрукты,Изюм,"0,99",90,"89,1"
,12/12/2022,Cooking Corner,Дрезден,Восток,Сладости,Шоколад,"0,55",519,"285,45"
,12/12/2022,foodbite,Дрезден,Восток,Сладости,Шоколад,"0,55",298,"163,9"
,12/12/2022,foodbite,Дрезден,Восток,Крупы,Перловка,"1,2",143,"171,6"
,12/12/2022,NutriFix,Гамбург,Север,Напитки,Кофе,"5,5",204,1122
,12/12/2022,Go Bio,Гамбург,Север,Консервы,Говядина тушеная,"1,19",30,"35,7"
,12/13/2022,Gold Food,Бремен,Север,Сладости,Зефир,"0,65",20,13
,12/13/2022,Gold Food,Бремен,Север,Напитки,Кофе,"5,5",18,99
,12/13/2022,Cooking Corner,Берлин,Восток,Сладости,Зефир,"0,65",266,"172,9"
,12/13/2022,NutriFix,Кёльн,Запад,Сладости,Зефир,"0,65",58,"37,7"
,12/13/2022,NutriFix,Бремен,Север,Сухофрукты,Курага,"1,19",35,"41,65"
,12/13/2022,NutriFix,Бремен,Север,Масла,Оливковое масло,"1,7",40,68
,12/13/2022,Sweetables,Гамбург,Север,Сладости,Мармелад,"0,6",205,123
,12/13/2022,Sweetables,Гамбург,Север,Консервы,Шпроты,"1,15",131,"150,65"
,12/13/2022,Sweetables,Гамбург,Север,Сыры,Моцарелла,"0,59",330,"194,7"
,12/13/2022,Organica,Гамбург,Север,Сухофрукты,Сушеные яблоки,"1,09",98,"106,82"
,12/13/2022,Go Bio,Гамбург,Север,Напитки,Зеленый чай,"0,95",224,"212,8"
,12/14/2022,foodbite,Штутгарт,Юг,Специи,Базилик,"0,7",32,"22,4"
,12/14/2022,Gold Food,Бремен,Север,Сыры,Филадельфия ,"0,89",46,"40,94"
,12/14/2022,Cooking Corner,Берлин,Восток,Масла,Оливковое масло,"1,7",451,"766,7"
,12/14/2022,Sweetables,Мюнхен,Юг,Сладости,Шоколад,"0,55",664,"365,2"
,12/14/2022,Sweetables,Мюнхен,Юг,Крупы,Перловка,"1,2",315,378
,12/14/2022,NutriFix,Кёльн,Запад,Напитки,Кофе,"5,5",83,"456,5"
,12/14/2022,Organica,Кёльн,Запад,Специи,Базилик,"0,7",34,"23,8"
,12/14/2022,mymeal,Бремен,Север,Крупы,Перловка,"1,2",235,282
,12/14/2022,NutriFix,Бремен,Север,Крупы,Перловка,"1,2",65,78
,12/14/2022,foodbite,Мюнхен,Юг,Сухофрукты,Изюм,"0,99",195,"193,05"
,12/14/2022,Go Bio,Франкфурт,Запад,Сухофрукты,Изюм,"0,99",91,"90,09"
,12/14/2022,mymeal,Штутгарт,Юг,Крупы,Рис,"0,96",585,"561,6"
,12/14/2022,Sweetables,Штутгарт,Юг,Специи,Кориандр,"0,65",29,"18,85"
,12/15/2022,Sweetables,Штутгарт,Юг,Специи,Кориандр,"0,65",26,"16,9"
,12/15/2022,Sweetables,Мюнхен,Юг,Специи,Базилик,"0,7",51,"35,7"
,12/15/2022,Go Bio,Кёльн,Запад,Специи,Кориандр,"0,65",13,"8,45"
,12/15/2022,Go Bio,Штутгарт,Юг,Крупы,Гречка,"1,4",78,"109,2"
,12/15/2022,mymeal,Бремен,Север,Сладости,Мармелад,"0,6",92,"55,2"
,12/15/2022,mymeal,Бремен,Север,Консервы,Килька в томате,"0,89",69,"61,41"
,12/15/2022,Cooking Corner,Штутгарт,Юг,Специи,Базилик,"0,7",63,"44,1"
,12/15/2022,Cooking Corner,Штутгарт,Юг,Сухофрукты,Курага,"1,19",158,"188,02"
,12/15/2022,Organica,Штутгарт,Юг,Масла,Сливочное масло,"1,5",147,"220,5"
,12/16/2022,Sweetables,Штутгарт,Юг,Крупы,Гречка,"1,4",155,217
,12/16/2022,NutriFix,Гамбург,Север,Сыры,Филадельфия ,"0,89",160,"142,4"
,12/16/2022,Go Bio,Гамбург,Север,Сухофрукты,Курага,"1,19",91,"108,29"
,12/16/2022,Go Bio,Кёльн,Запад,Консервы,Говядина тушеная,"1,19",39,"46,41"
,12/16/2022,Go Bio,Штутгарт,Юг,Консервы,Килька в томате,"0,89",80,"71,2"
,12/16/2022,Go Bio,Штутгарт,Юг,Сыры,Гауда,"1,59",191,"303,69"
,12/16/2022,NutriFix,Мюнхен,Юг,Крупы,Перловка,"1,2",286,"343,2"
,12/16/2022,Gold Food,Штутгарт,Юг,Консервы,Говядина тушеная,"1,19",53,"63,07"
,12/16/2022,Gold Food,Штутгарт,Юг,Напитки,Кофе,"5,5",48,264
,12/17/2022,NutriFix,Гамбург,Север,Сухофрукты,Курага,"1,19",140,"166,6"
,12/17/2022,Cooking Corner,Франкфурт,Запад,Напитки,Зеленый чай,"0,95",164,"155,8"
,12/17/2022,Go Bio,Франкфурт,Запад,Сладости,Мармелад,"0,6",53,"31,8"
,12/17/2022,Go Bio,Франкфурт,Запад,Сыры,Филадельфия ,"0,89",88,"78,32"
,12/17/2022,NutriFix,Мюнхен,Юг,Масла,Оливковое масло,"1,7",64,"108,8"
,12/17/2022,Organica,Мюнхен,Юг,Напитки,Черный чай,"0,99",93,"92,07"
,12/17/2022,Organica,Мюнхен,Юг,Сладости,Шоколад,"0,55",460,253
,12/17/2022,Organica,Мюнхен,Юг,Сухофрукты,Изюм,"0,99",127,"125,73"
,12/17/2022,Cooking Corner,Кёльн,Запад,Консервы,Говядина тушеная,"1,19",90,"107,1"
,12/17/2022,Cooking Corner,Кёльн,Запад,Специи,Черный перец,"0,59",437,"257,83"
,12/17/2022,mymeal,Кёльн,Запад,Сыры,Филадельфия ,"0,89",176,"156,64"
,12/17/2022,NutriFix,Франкфурт,Запад,Напитки,Черный чай,"0,99",199,"197,01"
,12/17/2022,NutriFix,Франкфурт,Запад,Масла,Сливочное масло,"1,5",202,303
,12/17/2022,foodbite,Бремен,Север,Сухофрукты,Сушеные яблоки,"1,09",29,"31,61"
,12/17/2022,foodbite,Бремен,Север,Сладости,Шоколад,"0,55",176,"96,8"
,12/18/2022,mymeal,Кёльн,Запад,Сыры,Гауда,"1,59",642,"1020,78"
,12/18/2022,Sweetables,Франкфурт,Запад,Масла,Оливковое масло,"1,7",91,"154,7"
,12/18/2022,Sweetables,Франкфурт,Запад,Напитки,Зеленый чай,"0,95",225,"213,75"
,12/18/2022,Go Bio,Франкфурт,Запад,Масла,Сливочное масло,"1,5",211,"316,5"
,12/18/2022,Cooking Corner,Кёльн,Запад,Напитки,Кофе,"5,5",149,"819,5"
,12/18/2022,mymeal,Кёльн,Запад,Сладости,Шоколад,"0,55",397,"218,35"
,12/18/2022,NutriFix,Франкфурт,Запад,Сыры,Гауда,"1,59",315,"500,85"
,12/18/2022,foodbite,Бремен,Север,Консервы,Килька в томате,"0,89",44,"39,16"
,12/19/2022,foodbite,Гамбург,Север,Консервы,Говядина тушеная,"1,19",99,"117,81"
,12/19/2022,foodbite,Гамбург,Север,Консервы,Килька в томате,"0,89",210,"186,9"
,12/19/2022,Organica,Мюнхен,Юг,Сыры,Моцарелла,"0,59",277,"163,43"
,12/19/2022,Cooking Corner,Кёльн,Запад,Сыры,Гауда,"1,59",480,"763,2"
,12/19/2022,mymeal,Кёльн,Запад,Сыры,Филадельфия ,"0,89",197,"175,33"
,12/19/2022,mymeal,Бремен,Север,Масла,Оливковое масло,"1,7",72,"122,4"
,12/19/2022,mymeal,Бремен,Север,Сухофрукты,Сушеные яблоки,"1,09",57,"62,13"
,12/20/2022,NutriFix,Берлин,Восток,Консервы,Говядина тушеная,"1,19",64,"76,16"
,12/20/2022,NutriFix,Берлин,Восток,Крупы,Перловка,"1,2",504,"604,8"
,12/20/2022,foodbite,Гамбург,Север,Масла,Оливковое масло,"1,7",115,"195,5"
,12/20/2022,Cooking Corner,Кёльн,Запад,Сладости,Мармелад,"0,6",141,"84,6"
,12/20/2022,mymeal,Бремен,Север,Консервы,Килька в томате,"0,89",81,"72,09"
,12/20/2022,Sweetables,Бремен,Север,Специи,Базилик,"0,7",21,"14,7"
,12/21/2022,Cooking Corner,Кёльн,Запад,Специи,Базилик,"0,7",72,"50,4"
,12/21/2022,Sweetables,Бремен,Север,Масла,Оливковое масло,"1,7",29,"49,3"
,12/21/2022,Sweetables,Бремен,Север,Сухофрукты,Сушеные яблоки,"1,09",49,"53,41"
,12/22/2022,Cooking Corner,Дрезден,Восток,Сухофрукты,Курага,"1,19",73,"86,87"
,12/24/2022,Go Bio,Бремен,Север,Специи,Базилик,"0,7",16,"11,2"
,12/28/2022,NutriFix,Берлин,Восток,Сладости,Мармелад,"0,6",209,"125,4"
,12/29/2022,NutriFix,Берлин,Восток,Консервы,Шпроты,"1,15",180,207
,12/29/2022,Organica,Берлин,Восток,Консервы,Килька в томате,"0,89",223,"198,47"
,12/29/2022,Go Bio,Берлин,Восток,Напитки,Кофе,"5,5",126,693
,12/30/2022,NutriFix,Берлин,Восток,Напитки,Зеленый чай,"0,95",772,"733,4"
,12/30/2022,Go Bio,Берлин,Восток,Сухофрукты,Сушеные яблоки,"1,09",102,"111,18"
,12/31/2022,Gold Food,Штутгарт,Юг,Крупы,Рис,"0,96",255,"244,8"